-- phpMyAdmin SQL Dump
-- version 4.9.2
-- https://www.phpmyadmin.net/
--
-- Хост: 127.0.0.1
-- Время создания: Ноя 28 2020 г., 22:24
-- Версия сервера: 10.4.11-MariaDB
-- Версия PHP: 7.4.1

SET SQL_MODE = "NO_AUTO_VALUE_ON_ZERO";
SET AUTOCOMMIT = 0;
START TRANSACTION;
SET time_zone = "+00:00";


/*!40101 SET @OLD_CHARACTER_SET_CLIENT=@@CHARACTER_SET_CLIENT */;
/*!40101 SET @OLD_CHARACTER_SET_RESULTS=@@CHARACTER_SET_RESULTS */;
/*!40101 SET @OLD_COLLATION_CONNECTION=@@COLLATION_CONNECTION */;
/*!40101 SET NAMES utf8mb4 */;

--
-- База данных: `quick_step`
--

-- --------------------------------------------------------

--
-- Структура таблицы `categories`
--

CREATE TABLE `categories` (
  `id` int(10) UNSIGNED NOT NULL,
  `name` varchar(255) COLLATE utf8mb4_unicode_ci NOT NULL,
  `parent_id` int(11) DEFAULT NULL,
  `published` tinyint(1) NOT NULL,
  `sort` int(11) DEFAULT NULL,
  `created_at` timestamp NULL DEFAULT NULL,
  `updated_at` timestamp NULL DEFAULT NULL
) ENGINE=InnoDB DEFAULT CHARSET=utf8mb4 COLLATE=utf8mb4_unicode_ci;

--
-- Дамп данных таблицы `categories`
--

INSERT INTO `categories` (`id`, `name`, `parent_id`, `published`, `sort`, `created_at`, `updated_at`) VALUES
(4, 'Ламинат', 39, 1, 2, NULL, NULL),
(16, 'Плинтус', NULL, 1, 23, NULL, NULL),
(17, 'Подложка', NULL, 0, 24, NULL, NULL),
(18, 'Герметик', NULL, 0, 25, NULL, NULL),
(19, 'Signature', 4, 1, 3, NULL, NULL),
(20, 'Castle', 4, 1, 4, NULL, NULL),
(21, 'Classic', 4, 1, 5, NULL, NULL),
(22, 'Desire', 4, 1, 6, NULL, NULL),
(23, 'Eligna', 4, 1, 7, NULL, NULL),
(24, 'Impressive', 4, 1, 8, NULL, NULL),
(25, 'Impressive Patterns', 4, 1, 9, NULL, NULL),
(26, 'Impressive Ultra', 4, 1, 10, NULL, NULL),
(27, 'Majestic', 4, 1, 11, NULL, NULL),
(28, 'Perspective', 4, 1, 12, NULL, NULL),
(29, 'Винил', 39, 1, 13, NULL, NULL),
(30, 'Ambient Click', 29, 1, 14, NULL, NULL),
(31, 'Ambient Glue Plus', 29, 1, 15, NULL, NULL),
(32, 'Ambient Rigid Click', 29, 1, 16, NULL, NULL),
(33, 'Balance Click', 29, 1, 17, NULL, NULL),
(34, 'Balance Click Plus', 29, 1, 18, NULL, NULL),
(35, 'Balance Glue Plus', 29, 1, 19, NULL, NULL),
(36, 'Balance Rigid Click', 29, 1, 20, NULL, NULL),
(37, 'Pulse Click', 29, 1, 21, NULL, NULL),
(38, 'Pulse Rigid Click', 29, 1, 22, NULL, NULL),
(39, 'Пол', NULL, 1, 1, NULL, NULL);

-- --------------------------------------------------------

--
-- Структура таблицы `categories_views`
--

CREATE TABLE `categories_views` (
  `category_id` int(10) UNSIGNED NOT NULL,
  `page_id` int(10) UNSIGNED NOT NULL
) ENGINE=InnoDB DEFAULT CHARSET=utf8mb4 COLLATE=utf8mb4_unicode_ci;

--
-- Дамп данных таблицы `categories_views`
--

INSERT INTO `categories_views` (`category_id`, `page_id`) VALUES
(4, 1),
(29, 868),
(39, 878);

-- --------------------------------------------------------

--
-- Структура таблицы `category_characteristics`
--

CREATE TABLE `category_characteristics` (
  `category_id` int(10) UNSIGNED NOT NULL,
  `characteristic_id` int(10) UNSIGNED NOT NULL,
  `value` varchar(100) COLLATE utf8mb4_unicode_ci NOT NULL
) ENGINE=InnoDB DEFAULT CHARSET=utf8mb4 COLLATE=utf8mb4_unicode_ci;

--
-- Дамп данных таблицы `category_characteristics`
--

INSERT INTO `category_characteristics` (`category_id`, `characteristic_id`, `value`) VALUES
(19, 59, '9'),
(19, 60, '32'),
(19, 69, '2.048'),
(19, 71, 'Да'),
(20, 59, '8'),
(20, 60, '33'),
(20, 69, '1.901'),
(20, 71, 'Да'),
(21, 59, '8'),
(21, 60, '32'),
(21, 69, '1.596'),
(21, 71, 'Да'),
(22, 59, '8'),
(22, 60, '32'),
(22, 69, '1.722'),
(22, 71, 'Да'),
(23, 59, '8'),
(23, 60, '32'),
(23, 69, '1.722'),
(23, 71, 'Да'),
(24, 59, '8'),
(24, 60, '32'),
(24, 69, '1.835'),
(24, 71, 'Да'),
(25, 59, '8'),
(25, 60, '33'),
(25, 69, '1.901'),
(25, 71, 'Да'),
(26, 59, '12'),
(26, 60, '33'),
(26, 69, '1.311'),
(26, 71, 'Да'),
(27, 59, '9.5'),
(27, 60, '32'),
(27, 69, '2.952'),
(27, 71, 'Да'),
(28, 59, '9.5'),
(28, 60, '32'),
(28, 69, '1.507'),
(28, 71, 'Да'),
(30, 59, '4.5'),
(30, 60, '32'),
(30, 69, '2.08'),
(30, 71, 'Да'),
(31, 59, '2.5'),
(31, 60, '33'),
(31, 69, '3.841'),
(31, 71, 'Да'),
(32, 59, '5'),
(32, 60, '32'),
(32, 69, '1.847'),
(32, 71, 'Да'),
(33, 59, '4.5'),
(33, 60, '32'),
(33, 69, '2.105'),
(33, 71, 'Да'),
(34, 59, '4.5'),
(34, 60, '33'),
(34, 69, '2.105'),
(34, 71, 'Да'),
(35, 59, '2.5'),
(35, 60, '33'),
(35, 69, '3.655'),
(35, 71, 'Да'),
(36, 59, '5'),
(36, 60, '32'),
(36, 69, '2.128'),
(36, 71, 'Да'),
(37, 59, '4.5'),
(37, 60, '32'),
(37, 69, '2.22'),
(37, 71, 'Да'),
(38, 59, '5'),
(38, 60, '32'),
(38, 69, '1.873'),
(38, 71, 'Да');

-- --------------------------------------------------------

--
-- Структура таблицы `category_images`
--

CREATE TABLE `category_images` (
  `name` varchar(100) COLLATE utf8mb4_unicode_ci NOT NULL,
  `category_id` int(10) UNSIGNED NOT NULL
) ENGINE=InnoDB DEFAULT CHARSET=utf8mb4 COLLATE=utf8mb4_unicode_ci;

--
-- Дамп данных таблицы `category_images`
--

INSERT INTO `category_images` (`name`, `category_id`) VALUES
('ambient-click.jpeg', 30),
('ambient-glue-plus.jpeg', 31),
('ambient-rigid-click.jpeg', 32),
('balance-click-plus.jpeg', 34),
('balance-click.jpeg', 33),
('balance-glue-plus.jpeg', 35),
('balance-rigid-click.jpeg', 36),
('castle.jpeg', 20),
('classic.jpeg', 21),
('click-guard.jpg', 18),
('desire.jpeg', 22),
('eligna.jpeg', 23),
('impressive-patterns.jpeg', 25),
('impressive-ultra.jpeg', 26),
('impressive.jpeg', 24),
('laminat.jpg', 4),
('majestic.jpeg', 27),
('perspective.jpeg', 28),
('plintus.jpg', 16),
('podlozhka.jpg', 17),
('pol.jpeg', 39),
('pulse-click.jpeg', 37),
('pulse-rigid-click.jpeg', 38),
('signature.jpg', 19),
('vinil.jpeg', 29);

-- --------------------------------------------------------

--
-- Структура таблицы `category_prices`
--

CREATE TABLE `category_prices` (
  `category_id` int(10) UNSIGNED NOT NULL,
  `price` int(11) NOT NULL,
  `actual_on` timestamp NOT NULL DEFAULT current_timestamp() ON UPDATE current_timestamp()
) ENGINE=InnoDB DEFAULT CHARSET=utf8mb4 COLLATE=utf8mb4_unicode_ci;

--
-- Дамп данных таблицы `category_prices`
--

INSERT INTO `category_prices` (`category_id`, `price`, `actual_on`) VALUES
(19, 378880, '2020-11-10 14:44:00'),
(20, 272794, '2020-11-11 12:30:05'),
(21, 159600, '2020-11-11 16:15:21'),
(22, 216111, '2020-11-12 11:22:06'),
(23, 188559, '2020-11-13 11:57:58'),
(24, 253230, '2020-11-16 23:56:52'),
(25, 284200, '2020-11-21 21:14:14'),
(26, 222215, '2020-11-21 23:03:58'),
(27, 677484, '2020-11-21 23:44:33'),
(28, 194403, '2020-11-22 12:49:35'),
(30, 484640, '2020-11-22 22:59:01'),
(31, 643985, '2020-11-22 23:54:07'),
(32, 522701, '2020-11-24 12:08:22'),
(33, 490465, '2020-11-24 19:34:09'),
(34, 0, '2020-11-24 20:04:21'),
(35, 0, '2020-11-24 20:48:29'),
(36, 602224, '2020-11-24 22:41:05'),
(37, 574980, '2020-11-24 22:55:11'),
(38, 573138, '2020-11-24 23:10:32');

-- --------------------------------------------------------

--
-- Структура таблицы `category_services`
--

CREATE TABLE `category_services` (
  `category_id` int(10) UNSIGNED NOT NULL,
  `service_id` int(10) UNSIGNED NOT NULL
) ENGINE=InnoDB DEFAULT CHARSET=utf8mb4 COLLATE=utf8mb4_unicode_ci;

--
-- Дамп данных таблицы `category_services`
--

INSERT INTO `category_services` (`category_id`, `service_id`) VALUES
(4, 2),
(4, 3),
(4, 4),
(16, 5),
(16, 6);

-- --------------------------------------------------------

--
-- Структура таблицы `characteristics`
--

CREATE TABLE `characteristics` (
  `id` int(10) UNSIGNED NOT NULL,
  `name` varchar(100) COLLATE utf8mb4_unicode_ci NOT NULL,
  `unit_id` int(10) UNSIGNED DEFAULT NULL
) ENGINE=InnoDB DEFAULT CHARSET=utf8mb4 COLLATE=utf8mb4_unicode_ci;

--
-- Дамп данных таблицы `characteristics`
--

INSERT INTO `characteristics` (`id`, `name`, `unit_id`) VALUES
(57, 'Длина', 2),
(58, 'Ширина', 2),
(59, 'Толщина', 2),
(60, 'Класс', NULL),
(61, 'Количество фасок', NULL),
(62, 'Количество полос', NULL),
(63, 'Производитель', NULL),
(64, 'Страна', NULL),
(65, 'Стилизация', NULL),
(66, 'Тип помещения', NULL),
(67, 'Тип соединения', NULL),
(68, 'В упаковке, шт.', NULL),
(69, 'Площадь упаковки', 3),
(70, 'Вес упаковки', 4),
(71, 'Влагостойкость', NULL),
(72, 'Высота', 2),
(73, 'Теплоизоляция и звукоизоляция', NULL),
(74, 'Планка', NULL);

-- --------------------------------------------------------

--
-- Структура таблицы `customers`
--

CREATE TABLE `customers` (
  `id` int(10) UNSIGNED NOT NULL,
  `name` varchar(100) COLLATE utf8mb4_unicode_ci NOT NULL,
  `phone` decimal(11,0) NOT NULL,
  `email` varchar(100) COLLATE utf8mb4_unicode_ci NOT NULL,
  `adres` varchar(255) COLLATE utf8mb4_unicode_ci NOT NULL,
  `created_at` timestamp NULL DEFAULT NULL,
  `updated_at` timestamp NULL DEFAULT NULL
) ENGINE=InnoDB DEFAULT CHARSET=utf8mb4 COLLATE=utf8mb4_unicode_ci;

--
-- Дамп данных таблицы `customers`
--

INSERT INTO `customers` (`id`, `name`, `phone`, `email`, `adres`, `created_at`, `updated_at`) VALUES
(7, 'Тест', '71111111111', 'protopopov-alexey@bk.ru', 'Test', '2020-10-12 02:10:42', '2020-10-12 02:10:42'),
(8, 'Имя', '78888888888', 'protopopov-alexey@bk.ru', 'adrse', '2020-10-12 02:15:01', '2020-10-12 02:15:01'),
(9, 'Тест 2', '72222222222', 'protopopov-alexey@bk.ru', 'adres', '2020-10-12 02:29:23', '2020-10-12 02:29:23'),
(10, 'Имя', '71111111111', 'protopopov-alexey@bk.ru', 'adres', '2020-10-12 02:48:29', '2020-10-12 02:48:29'),
(11, 'Name', '74444444444', 'prdsd', 'aaf', '2020-10-12 02:50:22', '2020-10-12 02:50:22'),
(12, '44444', '74444444444', '4444444', 'gfg', '2020-10-26 02:48:53', '2020-10-26 02:48:53'),
(13, '44444', '74444444444', '4444444', 'gfg', '2020-10-26 02:49:55', '2020-10-26 02:49:55');

-- --------------------------------------------------------

--
-- Структура таблицы `drafts`
--

CREATE TABLE `drafts` (
  `id` int(10) UNSIGNED NOT NULL,
  `uri` varchar(255) COLLATE utf8mb4_unicode_ci DEFAULT NULL,
  `title` varchar(300) COLLATE utf8mb4_unicode_ci DEFAULT NULL,
  `description` varchar(300) COLLATE utf8mb4_unicode_ci DEFAULT NULL,
  `content` text COLLATE utf8mb4_unicode_ci DEFAULT NULL,
  `page_id` int(10) UNSIGNED DEFAULT NULL,
  `created_at` timestamp NULL DEFAULT NULL,
  `updated_at` timestamp NULL DEFAULT NULL
) ENGINE=InnoDB DEFAULT CHARSET=utf8mb4 COLLATE=utf8mb4_unicode_ci;

-- --------------------------------------------------------

--
-- Структура таблицы `group_products`
--

CREATE TABLE `group_products` (
  `product_group_id` int(10) UNSIGNED NOT NULL,
  `product_id` int(10) UNSIGNED NOT NULL
) ENGINE=InnoDB DEFAULT CHARSET=utf8mb4 COLLATE=utf8mb4_unicode_ci;

-- --------------------------------------------------------

--
-- Структура таблицы `laminate_product_views`
--

CREATE TABLE `laminate_product_views` (
  `page_id` int(10) UNSIGNED NOT NULL,
  `product_id` int(10) UNSIGNED NOT NULL,
  `category_id` int(10) UNSIGNED NOT NULL
) ENGINE=InnoDB DEFAULT CHARSET=utf8mb4 COLLATE=utf8mb4_unicode_ci;

--
-- Дамп данных таблицы `laminate_product_views`
--

INSERT INTO `laminate_product_views` (`page_id`, `product_id`, `category_id`) VALUES
(611, 482, 4),
(613, 484, 4),
(614, 485, 4),
(616, 487, 4),
(618, 489, 4),
(620, 491, 4),
(622, 493, 4),
(624, 495, 4),
(626, 497, 4),
(628, 499, 4),
(630, 501, 4),
(632, 503, 4),
(634, 505, 4),
(636, 507, 4),
(638, 509, 4),
(640, 511, 4),
(642, 513, 4),
(644, 515, 4),
(646, 517, 4),
(648, 519, 4),
(650, 521, 4),
(652, 523, 4),
(654, 525, 4),
(656, 527, 4),
(658, 529, 4),
(660, 531, 4),
(662, 533, 4),
(664, 535, 4),
(666, 537, 4),
(668, 539, 4),
(670, 541, 4),
(672, 543, 4),
(674, 545, 4),
(676, 547, 4),
(678, 549, 4),
(680, 551, 4),
(682, 553, 4),
(684, 555, 4),
(686, 557, 4),
(688, 559, 4),
(690, 561, 4),
(692, 563, 4),
(694, 565, 4),
(696, 567, 4),
(698, 569, 4),
(700, 571, 4),
(702, 573, 4),
(704, 575, 4),
(706, 577, 4),
(708, 579, 4),
(710, 581, 4),
(712, 583, 4),
(714, 585, 4),
(716, 587, 4),
(718, 589, 4),
(720, 591, 4),
(722, 593, 4),
(724, 595, 4),
(726, 597, 4),
(728, 599, 4),
(729, 600, 4),
(730, 601, 4),
(732, 603, 4),
(734, 605, 4),
(736, 607, 4),
(738, 609, 4),
(740, 611, 4),
(742, 613, 4),
(743, 614, 4),
(745, 616, 4),
(747, 618, 4),
(748, 619, 4),
(750, 621, 4),
(752, 623, 4),
(754, 625, 4),
(756, 627, 4),
(758, 629, 4),
(760, 631, 4),
(762, 633, 4),
(763, 634, 4),
(765, 636, 4),
(767, 638, 4),
(769, 640, 4),
(772, 642, 4),
(774, 644, 4),
(776, 646, 4),
(778, 648, 4),
(780, 650, 4),
(782, 652, 4),
(783, 653, 4),
(785, 655, 4),
(787, 657, 4),
(789, 659, 4),
(791, 661, 4),
(793, 663, 4),
(796, 665, 4),
(797, 666, 4),
(798, 667, 4),
(799, 668, 4),
(800, 669, 4),
(801, 670, 4),
(802, 671, 4),
(803, 672, 4),
(804, 673, 4),
(805, 674, 4),
(806, 675, 4),
(807, 676, 4),
(808, 677, 4),
(809, 678, 4),
(810, 679, 4),
(811, 680, 4),
(812, 681, 4),
(813, 682, 4),
(815, 683, 4),
(817, 685, 4),
(819, 687, 4),
(821, 689, 4),
(823, 691, 4),
(825, 693, 4),
(827, 695, 4),
(829, 697, 4),
(831, 699, 4),
(833, 701, 4),
(836, 703, 4),
(837, 704, 4),
(838, 705, 4),
(840, 707, 4),
(841, 708, 4),
(842, 709, 4),
(843, 710, 4),
(845, 712, 4),
(847, 714, 4),
(849, 716, 4),
(851, 718, 4),
(853, 720, 4),
(855, 722, 4),
(856, 723, 4),
(857, 724, 4),
(859, 726, 4),
(860, 727, 4),
(862, 729, 4),
(863, 730, 4),
(865, 732, 4),
(866, 733, 4),
(867, 734, 4),
(611, 483, 16),
(613, 481, 16),
(614, 486, 16),
(616, 488, 16),
(618, 490, 16),
(620, 492, 16),
(622, 494, 16),
(624, 496, 16),
(626, 498, 16),
(628, 500, 16),
(630, 502, 16),
(632, 504, 16),
(634, 506, 16),
(636, 508, 16),
(638, 510, 16),
(640, 512, 16),
(642, 514, 16),
(644, 516, 16),
(646, 518, 16),
(648, 520, 16),
(650, 522, 16),
(652, 524, 16),
(654, 526, 16),
(656, 528, 16),
(658, 530, 16),
(660, 532, 16),
(662, 534, 16),
(664, 536, 16),
(666, 538, 16),
(668, 540, 16),
(670, 542, 16),
(672, 544, 16),
(674, 546, 16),
(676, 548, 16),
(678, 550, 16),
(680, 552, 16),
(682, 554, 16),
(684, 556, 16),
(686, 558, 16),
(688, 560, 16),
(690, 562, 16),
(692, 564, 16),
(694, 566, 16),
(696, 568, 16),
(698, 570, 16),
(700, 572, 16),
(702, 574, 16),
(704, 576, 16),
(706, 578, 16),
(708, 580, 16),
(710, 582, 16),
(712, 584, 16),
(714, 586, 16),
(716, 588, 16),
(718, 590, 16),
(720, 592, 16),
(722, 594, 16),
(724, 596, 16),
(726, 598, 16),
(728, 568, 16),
(729, 580, 16),
(730, 602, 16),
(732, 604, 16),
(734, 606, 16),
(736, 608, 16),
(738, 610, 16),
(740, 612, 16),
(742, 544, 16),
(743, 615, 16),
(745, 617, 16),
(747, 526, 16),
(748, 620, 16),
(750, 622, 16),
(752, 624, 16),
(754, 626, 16),
(756, 628, 16),
(758, 630, 16),
(760, 632, 16),
(762, 617, 16),
(763, 635, 16),
(765, 637, 16),
(767, 639, 16),
(769, 641, 16),
(772, 643, 16),
(774, 645, 16),
(776, 647, 16),
(778, 649, 16),
(780, 651, 16),
(782, 481, 16),
(783, 654, 16),
(785, 656, 16),
(787, 658, 16),
(789, 660, 16),
(791, 662, 16),
(793, 664, 16),
(796, 624, 16),
(797, 604, 16),
(798, 610, 16),
(799, 602, 16),
(800, 606, 16),
(801, 630, 16),
(802, 612, 16),
(803, 632, 16),
(804, 544, 16),
(805, 481, 16),
(806, 615, 16),
(807, 620, 16),
(808, 526, 16),
(809, 622, 16),
(810, 628, 16),
(811, 626, 16),
(812, 635, 16),
(813, 641, 16),
(815, 684, 16),
(817, 686, 16),
(819, 688, 16),
(821, 690, 16),
(823, 692, 16),
(825, 694, 16),
(827, 696, 16),
(829, 698, 16),
(831, 700, 16),
(833, 702, 16),
(836, 580, 16),
(837, 568, 16),
(838, 706, 16),
(840, 530, 16),
(841, 528, 16),
(842, 596, 16),
(843, 711, 16),
(845, 713, 16),
(847, 715, 16),
(849, 717, 16),
(851, 719, 16),
(853, 721, 16),
(855, 572, 16),
(856, 582, 16),
(857, 725, 16),
(859, 598, 16),
(860, 728, 16),
(862, 568, 16),
(863, 731, 16),
(865, 586, 16),
(866, 580, 16),
(867, 594, 16),
(611, 12, 17),
(611, 13, 17),
(611, 14, 17),
(611, 23, 17),
(613, 12, 17),
(613, 13, 17),
(613, 14, 17),
(613, 23, 17),
(614, 12, 17),
(614, 13, 17),
(614, 14, 17),
(614, 23, 17),
(616, 12, 17),
(616, 13, 17),
(616, 14, 17),
(616, 23, 17),
(618, 12, 17),
(618, 13, 17),
(618, 14, 17),
(618, 23, 17),
(620, 12, 17),
(620, 13, 17),
(620, 14, 17),
(620, 23, 17),
(622, 12, 17),
(622, 13, 17),
(622, 14, 17),
(622, 23, 17),
(624, 12, 17),
(624, 13, 17),
(624, 14, 17),
(624, 23, 17),
(626, 12, 17),
(626, 13, 17),
(626, 14, 17),
(626, 23, 17),
(628, 12, 17),
(628, 13, 17),
(628, 14, 17),
(628, 23, 17),
(630, 12, 17),
(630, 13, 17),
(630, 14, 17),
(630, 23, 17),
(632, 12, 17),
(632, 13, 17),
(632, 14, 17),
(632, 23, 17),
(634, 12, 17),
(634, 13, 17),
(634, 14, 17),
(634, 23, 17),
(636, 12, 17),
(636, 13, 17),
(636, 14, 17),
(636, 23, 17),
(638, 12, 17),
(638, 13, 17),
(638, 14, 17),
(638, 23, 17),
(640, 12, 17),
(640, 13, 17),
(640, 14, 17),
(640, 23, 17),
(642, 12, 17),
(642, 13, 17),
(642, 14, 17),
(642, 23, 17),
(644, 12, 17),
(644, 13, 17),
(644, 14, 17),
(644, 23, 17),
(646, 12, 17),
(646, 13, 17),
(646, 14, 17),
(646, 23, 17),
(648, 12, 17),
(648, 13, 17),
(648, 14, 17),
(648, 23, 17),
(650, 12, 17),
(650, 13, 17),
(650, 14, 17),
(650, 23, 17),
(652, 12, 17),
(652, 13, 17),
(652, 14, 17),
(652, 23, 17),
(654, 12, 17),
(654, 13, 17),
(654, 14, 17),
(654, 23, 17),
(656, 12, 17),
(656, 13, 17),
(656, 14, 17),
(656, 23, 17),
(658, 12, 17),
(658, 13, 17),
(658, 14, 17),
(658, 23, 17),
(660, 12, 17),
(660, 13, 17),
(660, 14, 17),
(660, 23, 17),
(662, 12, 17),
(662, 13, 17),
(662, 14, 17),
(662, 23, 17),
(664, 12, 17),
(664, 13, 17),
(664, 14, 17),
(664, 23, 17),
(666, 12, 17),
(666, 13, 17),
(666, 14, 17),
(666, 23, 17),
(668, 12, 17),
(668, 13, 17),
(668, 14, 17),
(668, 23, 17),
(670, 12, 17),
(670, 13, 17),
(670, 14, 17),
(670, 23, 17),
(672, 12, 17),
(672, 13, 17),
(672, 14, 17),
(672, 23, 17),
(674, 12, 17),
(674, 13, 17),
(674, 14, 17),
(674, 23, 17),
(676, 12, 17),
(676, 13, 17),
(676, 14, 17),
(676, 23, 17),
(678, 12, 17),
(678, 13, 17),
(678, 14, 17),
(678, 23, 17),
(680, 12, 17),
(680, 13, 17),
(680, 14, 17),
(680, 23, 17),
(682, 12, 17),
(682, 13, 17),
(682, 14, 17),
(682, 23, 17),
(684, 12, 17),
(684, 13, 17),
(684, 14, 17),
(684, 23, 17),
(686, 12, 17),
(686, 13, 17),
(686, 14, 17),
(686, 23, 17),
(688, 12, 17),
(688, 13, 17),
(688, 14, 17),
(688, 23, 17),
(690, 12, 17),
(690, 13, 17),
(690, 14, 17),
(690, 23, 17),
(692, 12, 17),
(692, 13, 17),
(692, 14, 17),
(692, 23, 17),
(694, 12, 17),
(694, 13, 17),
(694, 14, 17),
(694, 23, 17),
(696, 12, 17),
(696, 13, 17),
(696, 14, 17),
(696, 23, 17),
(698, 12, 17),
(698, 13, 17),
(698, 14, 17),
(698, 23, 17),
(700, 12, 17),
(700, 13, 17),
(700, 14, 17),
(700, 23, 17),
(702, 12, 17),
(702, 13, 17),
(702, 14, 17),
(702, 23, 17),
(704, 12, 17),
(704, 13, 17),
(704, 14, 17),
(704, 23, 17),
(706, 12, 17),
(706, 13, 17),
(706, 14, 17),
(706, 23, 17),
(708, 12, 17),
(708, 13, 17),
(708, 14, 17),
(708, 23, 17),
(710, 12, 17),
(710, 13, 17),
(710, 14, 17),
(710, 23, 17),
(712, 12, 17),
(712, 13, 17),
(712, 14, 17),
(712, 23, 17),
(714, 12, 17),
(714, 13, 17),
(714, 14, 17),
(714, 23, 17),
(716, 12, 17),
(716, 13, 17),
(716, 14, 17),
(716, 23, 17),
(718, 12, 17),
(718, 13, 17),
(718, 14, 17),
(718, 23, 17),
(720, 12, 17),
(720, 13, 17),
(720, 14, 17),
(720, 23, 17),
(722, 12, 17),
(722, 13, 17),
(722, 14, 17),
(722, 23, 17),
(724, 12, 17),
(724, 13, 17),
(724, 14, 17),
(724, 23, 17),
(726, 12, 17),
(726, 13, 17),
(726, 14, 17),
(726, 23, 17),
(728, 12, 17),
(728, 13, 17),
(728, 14, 17),
(728, 23, 17),
(729, 12, 17),
(729, 13, 17),
(729, 14, 17),
(729, 23, 17),
(730, 12, 17),
(730, 13, 17),
(730, 14, 17),
(730, 23, 17),
(732, 12, 17),
(732, 13, 17),
(732, 14, 17),
(732, 23, 17),
(734, 12, 17),
(734, 13, 17),
(734, 14, 17),
(734, 23, 17),
(736, 12, 17),
(736, 13, 17),
(736, 14, 17),
(736, 23, 17),
(738, 12, 17),
(738, 13, 17),
(738, 14, 17),
(738, 23, 17),
(740, 12, 17),
(740, 13, 17),
(740, 14, 17),
(740, 23, 17),
(742, 12, 17),
(742, 13, 17),
(742, 14, 17),
(742, 23, 17),
(743, 12, 17),
(743, 13, 17),
(743, 14, 17),
(743, 23, 17),
(745, 12, 17),
(745, 13, 17),
(745, 14, 17),
(745, 23, 17),
(747, 12, 17),
(747, 13, 17),
(747, 14, 17),
(747, 23, 17),
(748, 12, 17),
(748, 13, 17),
(748, 14, 17),
(748, 23, 17),
(750, 12, 17),
(750, 13, 17),
(750, 14, 17),
(750, 23, 17),
(752, 12, 17),
(752, 13, 17),
(752, 14, 17),
(752, 23, 17),
(754, 12, 17),
(754, 13, 17),
(754, 14, 17),
(754, 23, 17),
(756, 12, 17),
(756, 13, 17),
(756, 14, 17),
(756, 23, 17),
(758, 12, 17),
(758, 13, 17),
(758, 14, 17),
(758, 23, 17),
(760, 12, 17),
(760, 13, 17),
(760, 14, 17),
(760, 23, 17),
(762, 12, 17),
(762, 13, 17),
(762, 14, 17),
(762, 23, 17),
(763, 12, 17),
(763, 13, 17),
(763, 14, 17),
(763, 23, 17),
(765, 12, 17),
(765, 13, 17),
(765, 14, 17),
(765, 23, 17),
(767, 12, 17),
(767, 13, 17),
(767, 14, 17),
(767, 23, 17),
(769, 12, 17),
(769, 13, 17),
(769, 14, 17),
(769, 23, 17),
(772, 12, 17),
(772, 13, 17),
(772, 14, 17),
(772, 23, 17),
(774, 12, 17),
(774, 13, 17),
(774, 14, 17),
(774, 23, 17),
(776, 12, 17),
(776, 13, 17),
(776, 14, 17),
(776, 23, 17),
(778, 12, 17),
(778, 13, 17),
(778, 14, 17),
(778, 23, 17),
(780, 12, 17),
(780, 13, 17),
(780, 14, 17),
(780, 23, 17),
(782, 12, 17),
(782, 13, 17),
(782, 14, 17),
(782, 23, 17),
(783, 12, 17),
(783, 13, 17),
(783, 14, 17),
(783, 23, 17),
(785, 12, 17),
(785, 13, 17),
(785, 14, 17),
(785, 23, 17),
(787, 12, 17),
(787, 13, 17),
(787, 14, 17),
(787, 23, 17),
(789, 12, 17),
(789, 13, 17),
(789, 14, 17),
(789, 23, 17),
(791, 12, 17),
(791, 13, 17),
(791, 14, 17),
(791, 23, 17),
(793, 12, 17),
(793, 13, 17),
(793, 14, 17),
(793, 23, 17),
(796, 12, 17),
(796, 13, 17),
(796, 14, 17),
(796, 23, 17),
(797, 12, 17),
(797, 13, 17),
(797, 14, 17),
(797, 23, 17),
(798, 12, 17),
(798, 13, 17),
(798, 14, 17),
(798, 23, 17),
(799, 12, 17),
(799, 13, 17),
(799, 14, 17),
(799, 23, 17),
(800, 12, 17),
(800, 13, 17),
(800, 14, 17),
(800, 23, 17),
(801, 12, 17),
(801, 13, 17),
(801, 14, 17),
(801, 23, 17),
(802, 12, 17),
(802, 13, 17),
(802, 14, 17),
(802, 23, 17),
(803, 12, 17),
(803, 13, 17),
(803, 14, 17),
(803, 23, 17),
(804, 12, 17),
(804, 13, 17),
(804, 14, 17),
(804, 23, 17),
(805, 12, 17),
(805, 13, 17),
(805, 14, 17),
(805, 23, 17),
(806, 12, 17),
(806, 13, 17),
(806, 14, 17),
(806, 23, 17),
(807, 12, 17),
(807, 13, 17),
(807, 14, 17),
(807, 23, 17),
(808, 12, 17),
(808, 13, 17),
(808, 14, 17),
(808, 23, 17),
(809, 12, 17),
(809, 13, 17),
(809, 14, 17),
(809, 23, 17),
(810, 12, 17),
(810, 13, 17),
(810, 14, 17),
(810, 23, 17),
(811, 12, 17),
(811, 13, 17),
(811, 14, 17),
(811, 23, 17),
(812, 12, 17),
(812, 13, 17),
(812, 14, 17),
(812, 23, 17),
(813, 12, 17),
(813, 13, 17),
(813, 14, 17),
(813, 23, 17),
(815, 12, 17),
(815, 13, 17),
(815, 14, 17),
(815, 23, 17),
(817, 12, 17),
(817, 13, 17),
(817, 14, 17),
(817, 23, 17),
(819, 12, 17),
(819, 13, 17),
(819, 14, 17),
(819, 23, 17),
(821, 12, 17),
(821, 13, 17),
(821, 14, 17),
(821, 23, 17),
(823, 12, 17),
(823, 13, 17),
(823, 14, 17),
(823, 23, 17),
(825, 12, 17),
(825, 13, 17),
(825, 14, 17),
(825, 23, 17),
(827, 12, 17),
(827, 13, 17),
(827, 14, 17),
(827, 23, 17),
(829, 12, 17),
(829, 13, 17),
(829, 14, 17),
(829, 23, 17),
(831, 12, 17),
(831, 13, 17),
(831, 14, 17),
(831, 23, 17),
(833, 12, 17),
(833, 13, 17),
(833, 14, 17),
(833, 23, 17),
(836, 12, 17),
(836, 13, 17),
(836, 14, 17),
(836, 23, 17),
(837, 12, 17),
(837, 13, 17),
(837, 14, 17),
(837, 23, 17),
(838, 12, 17),
(838, 13, 17),
(838, 14, 17),
(838, 23, 17),
(840, 12, 17),
(840, 13, 17),
(840, 14, 17),
(840, 23, 17),
(841, 12, 17),
(841, 13, 17),
(841, 14, 17),
(841, 23, 17),
(842, 12, 17),
(842, 13, 17),
(842, 14, 17),
(842, 23, 17),
(843, 12, 17),
(843, 13, 17),
(843, 14, 17),
(843, 23, 17),
(845, 12, 17),
(845, 13, 17),
(845, 14, 17),
(845, 23, 17),
(847, 12, 17),
(847, 13, 17),
(847, 14, 17),
(847, 23, 17),
(849, 12, 17),
(849, 13, 17),
(849, 14, 17),
(849, 23, 17),
(851, 12, 17),
(851, 13, 17),
(851, 14, 17),
(851, 23, 17),
(853, 12, 17),
(853, 13, 17),
(853, 14, 17),
(853, 23, 17),
(855, 12, 17),
(855, 13, 17),
(855, 14, 17),
(855, 23, 17),
(856, 12, 17),
(856, 13, 17),
(856, 14, 17),
(856, 23, 17),
(857, 12, 17),
(857, 13, 17),
(857, 14, 17),
(857, 23, 17),
(859, 12, 17),
(859, 13, 17),
(859, 14, 17),
(859, 23, 17),
(860, 12, 17),
(860, 13, 17),
(860, 14, 17),
(860, 23, 17),
(862, 12, 17),
(862, 13, 17),
(862, 14, 17),
(862, 23, 17),
(863, 12, 17),
(863, 13, 17),
(863, 14, 17),
(863, 23, 17),
(865, 12, 17),
(865, 13, 17),
(865, 14, 17),
(865, 23, 17),
(866, 12, 17),
(866, 13, 17),
(866, 14, 17),
(866, 23, 17),
(867, 12, 17),
(867, 13, 17),
(867, 14, 17),
(867, 23, 17),
(611, 15, 18),
(613, 15, 18),
(614, 15, 18),
(616, 15, 18),
(618, 15, 18),
(620, 15, 18),
(622, 15, 18),
(624, 15, 18),
(626, 15, 18),
(628, 15, 18),
(630, 15, 18),
(632, 15, 18),
(634, 15, 18),
(636, 15, 18),
(638, 15, 18),
(640, 15, 18),
(642, 15, 18),
(644, 15, 18),
(646, 15, 18),
(648, 15, 18),
(650, 15, 18),
(652, 15, 18),
(654, 15, 18),
(656, 15, 18),
(658, 15, 18),
(660, 15, 18),
(662, 15, 18),
(664, 15, 18),
(666, 15, 18),
(668, 15, 18),
(670, 15, 18),
(672, 15, 18),
(674, 15, 18),
(676, 15, 18),
(678, 15, 18),
(680, 15, 18),
(682, 15, 18),
(684, 15, 18),
(686, 15, 18),
(688, 15, 18),
(690, 15, 18),
(692, 15, 18),
(694, 15, 18),
(696, 15, 18),
(698, 15, 18),
(700, 15, 18),
(702, 15, 18),
(704, 15, 18),
(706, 15, 18),
(708, 15, 18),
(710, 15, 18),
(712, 15, 18),
(714, 15, 18),
(716, 15, 18),
(718, 15, 18),
(720, 15, 18),
(722, 15, 18),
(724, 15, 18),
(726, 15, 18),
(728, 15, 18),
(729, 15, 18),
(730, 15, 18),
(732, 15, 18),
(734, 15, 18),
(736, 15, 18),
(738, 15, 18),
(740, 15, 18),
(742, 15, 18),
(743, 15, 18),
(745, 15, 18),
(747, 15, 18),
(748, 15, 18),
(750, 15, 18),
(752, 15, 18),
(754, 15, 18),
(756, 15, 18),
(758, 15, 18),
(760, 15, 18),
(762, 15, 18),
(763, 15, 18),
(765, 15, 18),
(767, 15, 18),
(769, 15, 18),
(772, 15, 18),
(774, 15, 18),
(776, 15, 18),
(778, 15, 18),
(780, 15, 18),
(782, 15, 18),
(783, 15, 18),
(785, 15, 18),
(787, 15, 18),
(789, 15, 18),
(791, 15, 18),
(793, 15, 18),
(796, 15, 18),
(797, 15, 18),
(798, 15, 18),
(799, 15, 18),
(800, 15, 18),
(801, 15, 18),
(802, 15, 18),
(803, 15, 18),
(804, 15, 18),
(805, 15, 18),
(806, 15, 18),
(807, 15, 18),
(808, 15, 18),
(809, 15, 18),
(810, 15, 18),
(811, 15, 18),
(812, 15, 18),
(813, 15, 18),
(815, 15, 18),
(817, 15, 18),
(819, 15, 18),
(821, 15, 18),
(823, 15, 18),
(825, 15, 18),
(827, 15, 18),
(829, 15, 18),
(831, 15, 18),
(833, 15, 18),
(836, 15, 18),
(837, 15, 18),
(838, 15, 18),
(840, 15, 18),
(841, 15, 18),
(842, 15, 18),
(843, 15, 18),
(845, 15, 18),
(847, 15, 18),
(849, 15, 18),
(851, 15, 18),
(853, 15, 18),
(855, 15, 18),
(856, 15, 18),
(857, 15, 18),
(859, 15, 18),
(860, 15, 18),
(862, 15, 18),
(863, 15, 18),
(865, 15, 18),
(866, 15, 18),
(867, 15, 18);

-- --------------------------------------------------------

--
-- Структура таблицы `magazine_sales`
--

CREATE TABLE `magazine_sales` (
  `sale_id` int(10) UNSIGNED NOT NULL,
  `product_id` int(10) UNSIGNED NOT NULL,
  `price_history_id` int(10) UNSIGNED NOT NULL,
  `quantity` smallint(6) NOT NULL
) ENGINE=InnoDB DEFAULT CHARSET=utf8mb4 COLLATE=utf8mb4_unicode_ci;

--
-- Дамп данных таблицы `magazine_sales`
--

INSERT INTO `magazine_sales` (`sale_id`, `product_id`, `price_history_id`, `quantity`) VALUES
(7, 12, 26, 6),
(7, 15, 29, 7),
(8, 12, 26, 6),
(8, 15, 29, 7),
(9, 12, 26, 6),
(9, 15, 29, 7),
(10, 12, 26, 6),
(10, 15, 29, 7),
(11, 12, 26, 11),
(11, 15, 29, 14),
(12, 13, 27, 4),
(12, 15, 29, 7),
(13, 13, 27, 4),
(13, 15, 29, 7);

-- --------------------------------------------------------

--
-- Структура таблицы `menu_categories`
--

CREATE TABLE `menu_categories` (
  `id` int(10) UNSIGNED NOT NULL,
  `title` varchar(100) COLLATE utf8mb4_unicode_ci NOT NULL,
  `link` varchar(255) COLLATE utf8mb4_unicode_ci NOT NULL,
  `parent_id` int(11) NOT NULL,
  `sort` int(11) DEFAULT NULL
) ENGINE=InnoDB DEFAULT CHARSET=utf8mb4 COLLATE=utf8mb4_unicode_ci;

-- --------------------------------------------------------

--
-- Структура таблицы `menu_images`
--

CREATE TABLE `menu_images` (
  `name` varchar(100) COLLATE utf8mb4_unicode_ci NOT NULL,
  `menu_category_id` int(10) UNSIGNED NOT NULL
) ENGINE=InnoDB DEFAULT CHARSET=utf8mb4 COLLATE=utf8mb4_unicode_ci;

-- --------------------------------------------------------

--
-- Структура таблицы `menu_items`
--

CREATE TABLE `menu_items` (
  `id` int(10) UNSIGNED NOT NULL,
  `parent_id` int(10) UNSIGNED DEFAULT NULL,
  `name` varchar(255) COLLATE utf8mb4_unicode_ci NOT NULL,
  `sort_order` tinyint(4) NOT NULL DEFAULT 0,
  `page_id` int(10) UNSIGNED NOT NULL,
  `menu_number` int(11) DEFAULT NULL
) ENGINE=InnoDB DEFAULT CHARSET=utf8mb4 COLLATE=utf8mb4_unicode_ci;

--
-- Дамп данных таблицы `menu_items`
--

INSERT INTO `menu_items` (`id`, `parent_id`, `name`, `sort_order`, `page_id`, `menu_number`) VALUES
(1, NULL, 'Ламинат', 6, 1, 2),
(2, NULL, 'Главная', 0, 17, 1),
(3, NULL, 'Укладка/гарантии', 1, 27, 1),
(4, NULL, 'Оплата', 2, 26, 1),
(5, NULL, 'Доставка', 3, 25, 1),
(6, NULL, 'Возврат', 4, 28, 1),
(7, NULL, 'Контакты', 5, 24, 1);

-- --------------------------------------------------------

--
-- Структура таблицы `migrations`
--

CREATE TABLE `migrations` (
  `id` int(10) UNSIGNED NOT NULL,
  `migration` varchar(255) COLLATE utf8mb4_unicode_ci NOT NULL,
  `batch` int(11) NOT NULL
) ENGINE=InnoDB DEFAULT CHARSET=utf8mb4 COLLATE=utf8mb4_unicode_ci;

--
-- Дамп данных таблицы `migrations`
--

INSERT INTO `migrations` (`id`, `migration`, `batch`) VALUES
(1, '2014_10_12_000000_create_users_table', 1),
(2, '2014_10_12_100000_create_password_resets_table', 1),
(3, '2019_09_01_160807_create_pages_table', 1),
(4, '2019_09_02_124901_create_menu_categories_table', 1),
(5, '2019_09_02_160246_create_units_table', 1),
(6, '2019_09_02_160247_create_categories_table', 1),
(7, '2019_09_02_160248_create_products_table', 1),
(8, '2019_09_03_205225_create_product_views_table', 1),
(9, '2019_09_08_211626_create_page_views_table', 1),
(10, '2019_09_09_190517_create_product_images_table', 1),
(11, '2019_09_09_213439_create_price_histories_table', 1),
(12, '2019_09_09_213440_create_prices_table', 1),
(13, '2019_09_10_214428_create_products_views_table', 1),
(14, '2019_09_11_134432_create_customers_table', 1),
(15, '2019_09_11_140714_create_sales_table', 1),
(16, '2019_09_11_142145_create_magazine_sales_table', 1),
(17, '2019_09_30_224310_create_roles_table', 1),
(18, '2019_09_30_224636_create_user_roles_table', 1),
(19, '2019_10_28_021138_create_routes_table', 1),
(20, '2019_10_28_022005_create_page_routes_table', 1),
(21, '2019_10_28_202428_create_page_parameters_table', 1),
(22, '2019_11_01_011118_create_drafts_table', 1),
(23, '2019_11_05_200901_create_product_stocks_table', 1),
(24, '2019_11_17_212447_create_menu_images_table', 1),
(25, '2019_11_17_221232_create_categories_views_table', 1),
(26, '2019_11_18_012828_create_category_images_table', 1),
(27, '2019_11_23_015831_create_top_menu_categories_table', 1),
(28, '2020_01_13_061312_create_product_groups_table', 1),
(29, '2020_01_13_061501_create_group_products_table', 1),
(30, '2020_01_13_063145_create_product_group_views_table', 1),
(31, '2020_01_24_103210_create_purchased_bundles_table', 1),
(32, '2020_01_24_103211_create_purchased_products_table', 1),
(33, '2020_02_10_194635_create_product_group_images_table', 1),
(34, '2020_05_23_015303_create_menu_items_table', 1),
(35, '2020_08_21_170810_create_characteristics_table', 2),
(36, '2020_08_21_171357_create_product_characteristics_table', 2),
(37, '2020_08_27_173145_create_services_table', 3),
(38, '2020_08_27_175812_create_service_price_histories_table', 4),
(39, '2020_08_27_175853_create_service_prices_table', 4),
(40, '2020_09_14_183653_create_category_characteristics_table', 5),
(41, '2020_09_15_123020_create_category_prices_table', 6),
(42, '2020_09_18_223435_create_category_services_table', 7),
(43, '2020_09_20_021302_create_service_magazine_sales_table', 8),
(44, '2020_09_25_153240_create_service_units_table', 8),
(45, '2020_09_25_153702_create_service_characteristics_table', 8),
(46, '2020_09_26_225602_create_plinth_views_table', 9),
(47, '2020_09_27_113907_create_laminate_views_table', 10);

-- --------------------------------------------------------

--
-- Структура таблицы `pages`
--

CREATE TABLE `pages` (
  `id` int(10) UNSIGNED NOT NULL,
  `uri` varchar(255) CHARACTER SET cp1251 NOT NULL,
  `title` varchar(300) COLLATE utf8mb4_unicode_ci NOT NULL,
  `description` varchar(300) COLLATE utf8mb4_unicode_ci DEFAULT NULL,
  `content` text COLLATE utf8mb4_unicode_ci DEFAULT NULL,
  `published` tinyint(1) NOT NULL,
  `created_at` timestamp NULL DEFAULT NULL,
  `updated_at` timestamp NULL DEFAULT NULL
) ENGINE=InnoDB DEFAULT CHARSET=utf8mb4 COLLATE=utf8mb4_unicode_ci;

--
-- Дамп данных таблицы `pages`
--

INSERT INTO `pages` (`id`, `uri`, `title`, `description`, `content`, `published`, `created_at`, `updated_at`) VALUES
(1, 'laminat', 'Ламинат', NULL, '<p><br></p>', 1, '2020-08-19 14:44:47', '2020-08-19 14:44:47'),
(17, '', 'Ламинат Kronotex', NULL, '<h2>Добро пожаловать в фирменный магазин ламината Кронотекс.</h2>\r\n<p>С данным производителем мы работаем около 20 лет. Напольные покрытия от Кронотекс зарекомендовали себя как полы бескомпромиссного качества.</p>\r\n<p>В экологической декларации продукции (<span lang=\"EN-US\">EPD</span>) компания Кронотекс открыто и добровольно сообщается об экологичности данной продукции из древесины. Декларация <span lang=\"EN-US\">EPD</span> выдаётся институтом строительства и охраны окружающей среды. Главная цель: мы хотим, чтобы все мы и будущие поколения были здоровы и могли с удовольствием жить на нашей зеленой планете.</p>\r\n<p>Вся продукция проходит сертификацию в Германии.</p>\r\n<p style=\"text-align: center;\"><img data-name=\"show\" src=\"../../images/products/mini/kronotex.jpg\" alt=\"\" width=\"300\" height=\"225\" /><img data-name=\"show\" src=\"../../../images/products/mini/kronotex2.jpg\" alt=\"\" width=\"300\" height=\"225\" /><img data-name=\"show\" src=\"../../images/products/mini/kronotex3.jpg\" alt=\"\" width=\"169\" height=\"225\" /><img data-name=\"show\" src=\"../../../images/products/mini/kronotex4.jpg\" alt=\"\" width=\"169\" height=\"225\" /><img data-name=\"show\" src=\"../../../images/products/mini/kronotex5.jpg\" alt=\"\" width=\"169\" height=\"225\" /><img data-name=\"show\" src=\"../../../images/products/mini/kronotex6.jpg\" alt=\"\" width=\"169\" height=\"225\" /></p>\r\n<p>Наши специалисты в магазине помогут Вам подобрать тот или иной ламинат фирмы Кронотекс, согласно Вашим запросам.</p>\r\n<p>Большое разнообразие оттенков упростит Вашу задачу в выборе цвета.</p>\r\n<p>Добро пожаловать в магазин напольных покрытий от Кронотекс на Бабушкина 2.</p>', 1, '2020-08-29 19:56:15', '2020-08-29 19:56:15'),
(24, 'kontakty', 'Контакты', NULL, '<p><br data-mce-bogus=\"1\"></p>', 1, '2020-08-30 19:23:09', '2020-08-30 19:23:09'),
(25, 'dostavka', 'Доставка', NULL, '<h1>ДОСТАВКА</h1>\n<h4>Доставка:</h4>\n<ul>\n<li>По Санкт-Петербургу, в пределах КАД, стоимость доставки до подъезда составляет&nbsp;850руб.;</li>\n<li>Стоимость доставки товара в пригород&nbsp;Санкт-Петербурга до 15 км от КАД:&nbsp;1100 руб.;</li>\n<li>Возможен&nbsp;самовывоз&nbsp;товара из магазина&nbsp;по адресу&nbsp;СПб ,&nbsp;ул. Бабушкина&nbsp;2;</li>\n<li>Доставка производится&nbsp;с 10:00 до 20:00 в будние дни. При согласовании возможна доставка и в выходные дни;</li>\n<li>Стоимость доставки в&nbsp;определённый интервал времени&nbsp;1000 рублей;</li>\n<li>Доставка&nbsp;в любой регион РФ&nbsp;осуществляется&nbsp;с помощью транспортной компании, выбранной клиентом. Доставка до транспортной компании и оформление документов 850 р.</li>\n</ul>\n<div align=\"center\"><hr align=\"center\" size=\"1\" width=\"100%\" /></div>\n<h4>Подъём:</h4>\n<p>По подъёму товара до квартиры , предлагаем следующие условия.</p>\n<ul>\n<li>Ламинат, ПВХ плитка, пробковое покрытие &ndash; 1 уп. 30 руб./эт. (при наличии лифта 1 уп. &ndash; 50 руб. до квартиры);</li>\n<li>Паркетная, массивная, инженерная доска, ламинат имеющий массу пачки от 20-25 килограмм&nbsp;&ndash; 1 уп. 60 руб./эт. (при наличии лифта 1 уп. &ndash; 80 руб. до квартиры);</li>\n<li>Нестандартные случаи подъёма, рассчитываются индивидуально</li>\n</ul>', 1, '2020-08-30 19:25:36', '2020-10-29 08:15:29'),
(26, 'oplata', 'Оплата', NULL, '<h1>ОПЛАТА</h1>\n<p>В нашем магазине доступны следующие варианты оплаты товара:</p>\n<h4>Наличными при доставке товара.</h4>\n<p>Водитель , &nbsp;с вашим заказом &nbsp;прибудет по указанному адресу. После проверки товара Вы можете оплатить сумму заказа наличными.</p>\n<h4>Банковской картой</h4>\n<p>Вы можете оплатить заказ банковской картой в нашем магазине при самовывозе товара. Вы можете оплатить товар банковской картой при получении товара на адресе , заранее оговорить данный способ оплаты с менеджером.</p>\n<h4>Наличными в магазине</h4>\n<p>Вы можете оплатить заказ наличными в наших магазинах при самовывозе товара.</p>\n<h4>Безналичный расчёт</h4>\n<p>Оплата по безналичному расчёту доступна для юридических и физических лиц. При оформлении заказа укажите реквизиты для выставления счёта.</p>\n<p style=\"text-align: center;\"><strong>Online оплата банковскими картами осуществляется через ОАО &laquo;Сбербанк&raquo;. К оплате принимаются карты VISA, MasterCard, Maestro, Мир.</strong></p>', 1, '2020-08-30 19:27:55', '2020-10-29 08:25:43'),
(27, 'ukladka-garantii', 'Укладка/гарантии', NULL, '<h2 align=\"center\">ПРАВИЛА МОНТАЖА</h2>\n<p>1. Перед укладкой обеспечить хранение ламинированных напольных покрытий в горизонтальном положении, в упаковке, в течение 48 часов при комнатной температуре (не менее +18&deg;C) и влажности воздуха не более 70%.</p>\n<p>2. Основа под ламинированные напольные покрытия должна быть сухой, чистой и выровненной (неровности не могут превышать 3 мм на 1 пог. м пола). На подготовленную подобным образом основу следует уложить пароизоляционную пленку (внахлест) и склеить влагоустойчивой лентой. Затем укладываем встык подкладочную подложку.</p>\n<p>3. Каждая напольная панель должна быть проверена (до и в процессе монтажа) с точки зрения наличия возможных повреждений, заметных невооруженным глазом недостатков (разница в цвете, в размерах и т.п.). В случае укладки полов с недостатками производитель не будет рассматривать гарантийных претензий.</p>\n<p>4. Ламинированные напольные покрытия образуют так называемый &laquo;плавающий&raquo; пол. Поэтому их нельзя приклеивать, прибивать или крепить другим способом к стене или полу.</p>\n<p>5. Между полом и всеми стационарными элементами, перпендикулярными к нему (колонны, дверные пороги, трубы, стены и т.п.) следует оставить 10 мм зазора, так называемые расширительные швы, поскольку ламинированные напольные покрытия под воздействием колебаний температуры и уровня влажности расширяются или сжимаются. Для этого в процессе монтажа следует использовать дистанционные клинья.</p>\n<p>6. При длине помещения более 8 м и ширине более 6 м рекомендуется оставить расширительные зазоры шириной 2-3 см на пропорциональных отрезках пола.</p>\n<p>7. Для достижения оптимального визуального эффекта ламинированные напольные покрытия следует укладывать продольно по отношению к основному источнику света.</p>\n<p>Для укладки ламинированных напольных покрытий необходимы следующие инструменты и материалы:</p>\n<p>&nbsp;&nbsp;&nbsp;&nbsp;&nbsp;&nbsp;&nbsp;&nbsp; пароизоляционная пленка</p>\n<p>&nbsp;&nbsp;&nbsp;&nbsp;&nbsp;&nbsp;&nbsp;&nbsp; подкладочная подложка, предназначенная для использования под &laquo;плавающие&raquo; полы</p>\n<p>&nbsp;&nbsp;&nbsp;&nbsp;&nbsp;&nbsp;&nbsp;&nbsp; пила с мелкими зубьями</p>\n<p>&nbsp;&nbsp;&nbsp;&nbsp;&nbsp;&nbsp;&nbsp;&nbsp; карандаш, линейка, метр</p>\n<p>&nbsp;&nbsp;&nbsp;&nbsp;&nbsp;&nbsp;&nbsp;&nbsp; напольные плинтуса (с монтажными зажимами)</p>\n<p>&nbsp;&nbsp;&nbsp;&nbsp;&nbsp;&nbsp;&nbsp;&nbsp; Укладка на полах с подогревом<br />&nbsp;&nbsp;&nbsp;&nbsp;&nbsp;&nbsp;&nbsp;&nbsp; Ламинированные напольные покрытия можно использовать для полов с подогревом.</p>\n<p>Допускается укладка полов на водяном половом подогреве при условии, что подогрев применяется по всей поверхности пола. Стяжка над тепловыми проводами должна иметь толщину около 2 см.</p>\n<p>Применение бетонной стяжки связано с необходимостью обеспечения равномерного распределения температуры, возможностью ее постепенного повышения и поддержания. Учитывая большее пересыхание пола в отопительный сезон и связанные с этим изменения в размерах, особое внимание следует обратить на правильный монтаж полов и сохранение расширительных зазоров.</p>\n<p>Дополнительные действия во время укладки на полах с подогревом:</p>\n<p>1. Стяжка должна быть выполнена в соответствии с рекомендациями производителя.</p>\n<p>2. Стяжка в обязательном порядке должна быть прогрета перед укладкой пола, чтобы предотвратить проступание влаги в последующий период. Эту процедуру следует выполнить, невзирая на время года.</p>\n<p>3. В случае с цементным бетоном прогревание можно начинать через 3 недели.</p>\n<p>4. Температуру следует каждый день повышать на 5&deg;C, вплоть до достижения максимальной температуры.</p>\n<p>5. Обогрев следует установить на максимальную производительность, не снижая температуру в течение 72 часов. По завершении этапа максимального обогрева следует постепенно снижать температуру ежедневно на 5&deg;C.</p>\n<p>6. Чтобы проверить, просохла ли стяжка, следует использовать кусочки пленки PE (50 x 50 см). Пленку следует разложить в нескольких местах на полу, а края плотно оклеить лентой. Укладку полов можно начинать только в том случае, если по прошествии 24 часов пленка не запарилась, а поверхность стяжки не изменила цвет. Если результат получился отрицательным, процесс осушения пола следует повторить.</p>\n<p>7. Обогрев следует отключить как минимум за 2 дня до укладки полов. Температура воздуха в процессе укладки должна составлять 18 &mdash; 22&deg;C. В случае значительного охлаждения помещения обогрев следует включать постепенно, повышая температуру на 5&deg;C ежедневно вплоть до достижения максимальной производительности. Это правило следует всегда соблюдать перед началом нового отопительного сезона.</p>\n<p>8. Температура поверхности ламинированного напольного покрытия не должна быть больше 28&deg;C. Во время отопительного сезона рекомендуется поддерживать температуру на уровне 2 0- 22&deg;C при влажности 50 &mdash; 70%.</p>\n<h2 align=\"center\">УСЛОВИЯ ГАРАНТИИ</h2>\n<p>Гарантии подлежат ламинированные напольные покрытия, уложенные согласно их предназначению и инструкции (инструкция монтажа находится на этикетке каждой пачки ламинированных напольных покрытий).</p>\n<p>Ламинированные напольные покрытия класса истирания AC4 можно монтировать в жилых помещениях с высокой степенью проходимости и в общественных помещениях со средней степенью проходимости.</p>\n<p>Ламинированные напольные покрытия класса истирания AC5 можно монтировать в жилых помещениях с высокой степенью проходимости и в общественных помещениях с высокой степенью проходимости.</p>\n<p>Ламинированные напольные покрытия перед монтажом необходимо складировать в помещении, в котором они будут монтироваться, минимум 48 часов.</p>\n<p>Полы необходимо монтировать согласно инструкции монтажа в закрытых помещениях, обогреваемых в зимний период до комнатной температуры.</p>\n<p>Для монтажа ламинированных напольных покрытий необходимо использовать исключительно рекомендованные производителем материалы и инструменты (сертифицированная пароизоляционная пленка, подкладочная пенка или другие подкладочные материалы, предназначенные для применения под плавающие полы, согласно инструкциям производителя этих товаров).</p>\n<p>После укладки полы необходимо предохранять со стороны входа, используя для этого соответственные половички и коврики, предотвращающие попадание песка и влаги на полы.</p>\n<p>Ламинированные напольные покрытия нельзя укладывать в помещениях, в которых уровень влажности превышает 70% (например, в ванных, саунах, и тд.).</p>\n<p>Ламинированные напольные покрытия устойчивы к истиранию колесиками кресел (стульев) только при применении резиновых колесиков. Использование кресел на пластмассовых или колесиках (роликах) без соответственных предохраняющих подкладок ускоряет износ полов, что ведет к утрате гарантии.</p>\n<p>На ножки стульев, столов и другой мебели рекомендуется приклеивать войлочные подкладки, которые временами необходимо чистить от скапливающегося в них песка и грязи. Загрязнение легко удалить при помощи влажной ткани. Ни в коем случае нельзя протирать полы мокрой тканью и лить на них воду, а также использовать для чистки полов детергенты и порошки.</p>\n<h2 align=\"center\">ВНИМАНИЕ!</h2>\n<p>Все ламинированные напольные покрытия необходимо проверять (перед и во время монтажа) на наличие возможного, бросающегося в глаза повреждения (различия в оттенках, размерах, степени блеска и тп.).</p>\n<p>Наша фирма &nbsp;не принимает претензий в случае укладки полов с браком несоответственного монтажа, применения, ухода, а также явной запущенности, ударов, механических повреждений, появившихся во время транспортировки или в результате непосредственного воздействия воды или высокой температуры. Просим сохранить образцы уложенных полов 1 шт. длиной 20 см, чтобы в случае рекламации не было необходимости снятия образцов с уже уложенных полов.</p>', 1, '2020-08-30 19:29:19', '2020-10-29 08:30:59'),
(28, 'vozvrat', 'Возврат', NULL, '<h1>Возврат</h1>\n<p>Согласно закону, &nbsp;потребитель имеет право вернуть продавцу не любой товар, а только тот, который не относится к продовольственным, и приобретен в целях, не имеющих отношения к коммерческой деятельности. Закон о защите прав потребителей описывает положения, касающиеся правил, условий и сроков возврата товара:</p>\n<ul>\n<li>Непродовольственных товаров надлежащего качества, то есть таких, которые не подошли покупателю по размеру, фасону, цветовой гамме, комплектации, форме и габаритам.</li>\n<li>Непродовольственных товаров ненадлежащего качества &ndash; товаров, имеющих производственные и иные дефекты и повреждения.</li>\n<li>Непродовольственных товаров, приобретенных дистанционным способом (по почте или в сети Интернет).</li>\n</ul>\n<h3>Возврат товара надлежащего качества</h3>\n<p>Товар надлежащего качества подлежит возврату в случаях, если потребитель не имеет претензий к качеству товара, но желает его вернуть по причине несоответствия характеристик, продавец имеет полное право не удовлетворять данное требование. Товар приемлемого качества можно заменить альтернативным товаром с нужными характеристиками. И только в том случае, если желаемого товара не имеется в продаже в момент обращения за обменом, покупатель вправе вернуть деньги .</p>\n<p>Обмен и возврат товаров надлежащего качества возможен при соблюдении следующих условий:</p>\n<ul>\n<li>целостность упаковки, наличие пломб, ярлыков;</li>\n<li>отсутствие признаков использования.</li>\n</ul>\n<h3>Перечень товаров, не подлежащих возврату</h3>\n<p>В данном случае не перечисляем весь спектр товаров , а только относящиеся к напольным покрытиям.</p>\n<p>&nbsp;&nbsp;&nbsp;&nbsp;&nbsp;4. Товары, отпускаемые &laquo;на метраж&raquo;: ткани и нетканые материалы (тесьма, кружево и прочее); кабельная продукция (шнуры, провода, кабели); строительные и отделочные материалы (пленка, линолеум, ковровые дорожки) , товары изготовленные и привезённые &nbsp;на заказ.</p>\n<h3>Возврат товара ненадлежащего качества</h3>\n<p>В случае обнаружения дефектов функциональности либо существенных повреждений в приобретённом товаре ненадлежащего качества, покупатель вправе потребовать возврат товара, согласно статье 18 Закона РФ &laquo;О защите прав потребителей&raquo;:</p>\n<ul>\n<li>заменить бракованный товар качественным альтернативным товаром той же фирмы или модели;</li>\n<li>заменить товаром другого производителя с перерасчетом стоимости;</li>\n<li>уменьшить цену в соответствии с имеющимся дефектом;</li>\n<li>бесплатно устранить недостатки или возместить расходы на их устранение потребителем;</li>\n<li>расторгнуть договор купли-продажи и вернуть стоимость товара в полном объеме.<br /><br /></li>\n</ul>\n<div>\n<h3>Возврат товара в течение 14 дней</h3>\n</div>\n<p>Согласно закону о защите прав потребителей, покупатель вправе обменять (вернуть) товары нормального качества в течение 14 дней, без учета дня покупки.</p>\n<div>\n<h3>Заявление на возврат товара</h3>\n</div>\n<p>Чтобы вернуть товар, необходимо написать заявление в свободной форме, но обязательно должно включать:</p>\n<ol>\n<li>ФИО, адрес, контактные данные потребителя;</li>\n<li>Наименование товара в соответствии с паспортом товара;</li>\n<li>Подробное обоснование причин возврата товара;</li>\n<li>Просьбу о возврате стоимости товара;</li>\n<li>Приемлемые способы возврата денежных средств.</li>\n<li>Дату,подписьзаявителя.</li>\n</ol>', 1, '2020-08-30 19:30:00', '2020-10-29 08:41:30'),
(32, 'podlozhka', 'Подложка', NULL, '<p><br data-mce-bogus=\"1\"></p>', 0, '2020-09-27 18:14:07', '2020-09-27 18:14:07'),
(33, 'podlozhka/podlozhka-profitex-3-mm', 'Подложка Profitex, 3 мм', NULL, '<p><br data-mce-bogus=\"1\"></p>', 0, '2020-09-28 09:05:19', '2020-09-28 09:05:19'),
(34, 'podlozhka/podlozhka-quick-step-3-mm', 'Подложка Quick Step, 3 мм', NULL, '<p><br data-mce-bogus=\"1\"></p>', 0, '2020-09-28 09:37:36', '2020-09-28 09:37:36'),
(35, 'podlozhka/podlozhka-tuplex-3-mm', 'Подложка Tuplex, 3 мм', NULL, '<p><br data-mce-bogus=\"1\"></p>', 0, '2020-09-28 09:45:02', '2020-09-28 09:45:02'),
(36, 'germetik', 'Герметик', NULL, '<p><br data-mce-bogus=\"1\"></p>', 0, '2020-09-28 20:35:08', '2020-09-28 20:35:08'),
(37, 'germetik/germetik-dlya-beskleevih-laminatov-click-guard', 'Герметик для бесклеевых ламинатов Click Guard', NULL, '<p><br data-mce-bogus=\"1\"></p>', 0, '2020-09-28 20:41:47', '2020-09-28 20:41:47'),
(44, 'podlozhka/podlozhka-probkovaya-10-metrov-2-mm', 'Подложка пробковая 10 метров , 2 мм', NULL, '<p><br data-mce-bogus=\"1\"></p>', 0, '2020-10-16 12:08:16', '2020-10-16 12:08:16'),
(487, 'laminat/signature', 'Signature', NULL, '<h1>Signature<br></h1>', 1, '2020-11-10 14:29:58', '2020-11-10 14:33:55'),
(491, 'plintus/laminirovanniy-plintus-quick-step', 'Ламинированный плинтус Quick Step', NULL, '<p><br data-mce-bogus=\"1\"></p>', 0, '2020-11-10 21:57:23', '2020-11-10 21:57:23'),
(520, 'laminat/castle', 'Castle', NULL, '<h1>Castle<br></h1>', 1, '2020-11-11 12:15:14', '2020-11-11 12:15:14'),
(531, 'laminat/classic', 'Classic', NULL, '<h1>Classic</h1>', 1, '2020-11-11 16:03:24', '2020-11-11 16:03:24'),
(568, 'laminat/desire', 'Desire', NULL, '<h1>Desire</h1>', 1, '2020-11-12 11:11:55', '2020-11-12 11:11:55'),
(577, 'laminat/eligna', 'Eligna', NULL, '<h1>Eligna</h1>', 1, '2020-11-13 11:50:53', '2020-11-13 11:50:53'),
(610, 'laminat/impressive', 'Impressive', NULL, '<h1>Impressive<br></h1>', 1, '2020-11-16 23:48:29', '2020-11-16 23:48:29'),
(611, 'laminat-quick-step-signature-dub-tepliy-naturalniy-brashirovanniy-sig4762', 'Купить Ламинат Quick Step Signature Дуб теплый натуральный брашированный SIG4762', NULL, NULL, 1, '2020-11-19 22:24:05', '2020-11-19 22:24:05'),
(612, 'standartniy-plintus-quick-step-dub-tepliy-naturalniy-brashirovanniy-qssk04762', 'Купить Стандартный плинтус Quick Step Дуб теплый натуральный брашированный QSSK04762', NULL, NULL, 0, '2020-11-19 22:24:08', '2020-11-19 22:24:08'),
(613, 'laminat-quick-step-signature-dub-svetliy-lakirovanniy-sig4759', 'Купить Ламинат Quick Step Signature Дуб светлый лакированный SIG4759', NULL, NULL, 1, '2020-11-19 22:24:11', '2020-11-19 22:24:11'),
(614, 'laminat-quick-step-signature-dub-beliy-premium-sig4757', 'Купить Ламинат Quick Step Signature Дуб белый премиум SIG4757', NULL, NULL, 1, '2020-11-19 22:24:17', '2020-11-19 22:24:17'),
(615, 'standartniy-plintus-quick-step-dub-beliy-premium-qssk04757', 'Купить Стандартный плинтус Quick Step Дуб белый премиум QSSK04757', NULL, NULL, 0, '2020-11-19 22:24:20', '2020-11-19 22:24:20'),
(616, 'laminat-quick-step-signature-dub-bezheviy-brashirovanniy-sig4764', 'Купить Ламинат Quick Step Signature Дуб бежевый брашированный SIG4764', NULL, NULL, 1, '2020-11-19 22:24:34', '2020-11-19 22:24:34'),
(617, 'standartniy-plintus-quick-step-dub-bezheviy-brashirovanniy-qssk04764', 'Купить Стандартный плинтус Quick Step Дуб бежевый брашированный QSSK04764', NULL, NULL, 0, '2020-11-19 22:24:36', '2020-11-19 22:24:36'),
(618, 'laminat-quick-step-signature-dub-bezheviy-lakirovanniy-sig4750', 'Купить Ламинат Quick Step Signature Дуб бежевый лакированный SIG4750', NULL, NULL, 1, '2020-11-19 22:24:40', '2020-11-19 22:24:40'),
(619, 'standartniy-plintus-quick-step-dub-bezheviy-lakirovanniy-qssk04750', 'Купить Стандартный плинтус Quick Step Дуб бежевый лакированный QSSK04750', NULL, NULL, 0, '2020-11-19 22:24:43', '2020-11-19 22:24:43'),
(620, 'laminat-quick-step-signature-dub-naturalniy-brashirovanniy-sig4763', 'Купить Ламинат Quick Step Signature Дуб натуральный брашированный SIG4763', NULL, NULL, 1, '2020-11-19 22:24:50', '2020-11-19 22:24:50'),
(621, 'standartniy-plintus-quick-step-dub-naturalniy-brashirovanniy-qssk04763', 'Купить Стандартный плинтус Quick Step Дуб натуральный брашированный QSSK04763', NULL, NULL, 0, '2020-11-19 22:24:54', '2020-11-19 22:24:54'),
(622, 'laminat-quick-step-signature-dub-svetliy-patina-sig4748', 'Купить Ламинат Quick Step Signature Дуб светлый патина SIG4748', NULL, NULL, 1, '2020-11-19 22:25:05', '2020-11-19 22:25:05'),
(623, 'standartniy-plintus-quick-step-dub-svetliy-patina-qssk04748', 'Купить Стандартный плинтус Quick Step Дуб светлый патина QSSK04748', NULL, NULL, 0, '2020-11-19 22:25:08', '2020-11-19 22:25:08'),
(624, 'laminat-quick-step-signature-orekh-korichneviy-sig4761', 'Купить Ламинат Quick Step Signature Орех коричневый SIG4761', NULL, NULL, 1, '2020-11-19 22:25:14', '2020-11-19 22:25:14'),
(625, 'standartniy-plintus-quick-step-orekh-korichneviy-qssk04761', 'Купить Стандартный плинтус Quick Step Орех коричневый QSSK04761', NULL, NULL, 0, '2020-11-19 22:25:17', '2020-11-19 22:25:17'),
(626, 'laminat-quick-step-signature-dub-seriy-patina-sig4752', 'Купить Ламинат Quick Step Signature Дуб серый патина SIG4752', NULL, NULL, 1, '2020-11-19 22:25:24', '2020-11-19 22:25:24'),
(627, 'standartniy-plintus-quick-step-dub-seriy-patina-qssk04752', 'Купить Стандартный плинтус Quick Step Дуб серый патина QSSK04752', NULL, NULL, 0, '2020-11-19 22:25:27', '2020-11-19 22:25:27'),
(628, 'laminat-quick-step-signature-dub-seriy-brashirovanniy-sig4765', 'Купить Ламинат Quick Step Signature Дуб серый брашированный SIG4765', NULL, NULL, 1, '2020-11-19 22:25:33', '2020-11-19 22:25:33'),
(629, 'standartniy-plintus-quick-step-dub-seriy-brashirovanniy-qssk04765', 'Купить Стандартный плинтус Quick Step Дуб серый брашированный QSSK04765', NULL, NULL, 0, '2020-11-19 22:25:36', '2020-11-19 22:25:36'),
(630, 'laminat-quick-step-signature-dub-korichneviy-patina-sig4751', 'Купить Ламинат Quick Step Signature Дуб коричневый патина SIG4751', NULL, NULL, 1, '2020-11-19 22:25:46', '2020-11-19 22:25:46'),
(631, 'standartniy-plintus-quick-step-dub-korichneviy-patina-qssk04751', 'Купить Стандартный плинтус Quick Step Дуб коричневый патина QSSK04751', NULL, NULL, 0, '2020-11-19 22:25:48', '2020-11-19 22:25:48'),
(632, 'laminat-quick-step-signature-dub-potertiy-naturalniy-sig4767', 'Купить Ламинат Quick Step Signature Дуб потертый натуральный SIG4767', NULL, NULL, 1, '2020-11-19 22:25:56', '2020-11-19 22:25:56'),
(633, 'standartniy-plintus-quick-step-dub-potertiy-naturalniy-qssk04767', 'Купить Стандартный плинтус Quick Step Дуб потертый натуральный QSSK04767', NULL, NULL, 0, '2020-11-19 22:25:59', '2020-11-19 22:25:59'),
(634, 'laminat-quick-step-signature-dub-beliy-krasheniy-sig4753', 'Купить Ламинат Quick Step Signature Дуб белый крашеный SIG4753', NULL, NULL, 1, '2020-11-19 22:26:14', '2020-11-19 22:26:14'),
(635, 'standartniy-plintus-quick-step-dub-beliy-krasheniy-qssk04753', 'Купить Стандартный плинтус Quick Step Дуб белый крашеный QSSK04753', NULL, NULL, 0, '2020-11-19 22:26:17', '2020-11-19 22:26:17'),
(636, 'laminat-quick-step-signature-dub-korichneviy-brashirovanniy-sig4766', 'Купить Ламинат Quick Step Signature Дуб коричневый брашированный SIG4766', NULL, NULL, 1, '2020-11-19 22:26:27', '2020-11-19 22:26:27'),
(637, 'standartniy-plintus-quick-step-dub-korichneviy-brashirovanniy-qssk04766', 'Купить Стандартный плинтус Quick Step Дуб коричневый брашированный QSSK04766', NULL, NULL, 0, '2020-11-19 22:26:30', '2020-11-19 22:26:30'),
(638, 'laminat-quick-step-signature-dub-korichneviy-voscheniy-sig4756', 'Купить Ламинат Quick Step Signature Дуб коричневый вощеный SIG4756', NULL, NULL, 1, '2020-11-19 22:26:41', '2020-11-19 22:26:41'),
(639, 'standartniy-plintus-quick-step-dub-korichneviy-voscheniy-qssk04756', 'Купить Стандартный плинтус Quick Step Дуб коричневый вощеный QSSK04756', NULL, NULL, 0, '2020-11-19 22:26:44', '2020-11-19 22:26:44'),
(640, 'laminat-quick-step-signature-dub-rozoviy-krasheniy-sig4754', 'Купить Ламинат Quick Step Signature Дуб розовый крашеный SIG4754', NULL, NULL, 1, '2020-11-19 22:27:05', '2020-11-19 22:27:05'),
(641, 'standartniy-plintus-quick-step-dub-rozoviy-krasheniy-qssk04754', 'Купить Стандартный плинтус Quick Step Дуб розовый крашеный QSSK04754', NULL, NULL, 0, '2020-11-19 22:27:08', '2020-11-19 22:27:08'),
(642, 'laminat-quick-step-castle-dub-kapuchino-ca4160', 'Купить Ламинат Quick Step Castle Дуб капучино CA4160', NULL, NULL, 1, '2020-11-19 22:45:01', '2020-11-19 22:45:01'),
(643, 'standartniy-plintus-quick-step-dub-kapuchino-qssk04160', 'Купить Стандартный плинтус Quick Step Дуб капучино QSSK04160', NULL, NULL, 0, '2020-11-19 22:45:04', '2020-11-19 22:45:04'),
(644, 'laminat-quick-step-castle-dub-pepelniy-ca4159', 'Купить Ламинат Quick Step Castle Дуб пепельный CA4159', NULL, NULL, 1, '2020-11-19 22:45:17', '2020-11-19 22:45:17'),
(645, 'standartniy-plintus-quick-step-dub-pepelniy-qssk04159', 'Купить Стандартный плинтус Quick Step Дуб пепельный QSSK04159', NULL, NULL, 0, '2020-11-19 22:45:19', '2020-11-19 22:45:19'),
(646, 'laminat-quick-step-castle-dub-gorchichniy-ca4162', 'Купить Ламинат Quick Step Castle Дуб горчичный CA4162', NULL, NULL, 1, '2020-11-19 22:45:31', '2020-11-19 22:45:31'),
(647, 'standartniy-plintus-quick-step-dub-gorchichniy-qssk04162', 'Купить Стандартный плинтус Quick Step Дуб горчичный QSSK04162', NULL, NULL, 0, '2020-11-19 22:45:35', '2020-11-19 22:45:35'),
(648, 'laminat-quick-step-castle-dub-angliyskiy-naturalniy-ca4161', 'Купить Ламинат Quick Step Castle Дуб английский натуральный CA4161', NULL, NULL, 1, '2020-11-19 22:45:45', '2020-11-19 22:45:45'),
(649, 'standartniy-plintus-quick-step-dub-angliyskiy-naturalniy-qssk04161', 'Купить Стандартный плинтус Quick Step Дуб английский натуральный QSSK04161', NULL, NULL, 0, '2020-11-19 22:45:48', '2020-11-19 22:45:48'),
(650, 'laminat-quick-step-castle-dub-svetlo-seriy-patina-ca4158', 'Купить Ламинат Quick Step Castle Дуб светло-серый патина CA4158', NULL, NULL, 1, '2020-11-19 22:45:57', '2020-11-19 22:45:57'),
(651, 'standartniy-plintus-quick-step-dub-svetlo-seriy-patina-qssk04158', 'Купить Стандартный плинтус Quick Step Дуб светло-серый патина QSSK04158', NULL, NULL, 0, '2020-11-19 22:46:00', '2020-11-19 22:46:00'),
(652, 'laminat-quick-step-classic-kubinskiy-dub-clm1655', 'Купить Ламинат Quick Step Classic Кубинский дуб CLM1655', NULL, NULL, 1, '2020-11-19 23:01:18', '2020-11-19 23:01:18'),
(653, 'standartniy-plintus-quick-step-kubinskiy-dub-qssk01655', 'Купить Стандартный плинтус Quick Step Кубинский дуб QSSK01655', NULL, NULL, 0, '2020-11-19 23:01:21', '2020-11-19 23:01:21'),
(654, 'laminat-quick-step-classic-lunniy-dub-clm1658', 'Купить Ламинат Quick Step Classic Лунный дуб CLM1658', NULL, NULL, 1, '2020-11-19 23:01:27', '2020-11-19 23:01:27'),
(655, 'standartniy-plintus-quick-step-lunniy-dub-qssk01658', 'Купить Стандартный плинтус Quick Step Лунный дуб QSSK01658', NULL, NULL, 0, '2020-11-19 23:01:30', '2020-11-19 23:01:30'),
(656, 'laminat-quick-step-classic-doska-duba-serogo-starinnogo-clm1382', 'Купить Ламинат Quick Step Classic Доска дуба серого старинного CLM1382', NULL, NULL, 1, '2020-11-19 23:01:36', '2020-11-19 23:01:36'),
(657, 'standartniy-plintus-quick-step-doska-duba-serogo-starinnogo-qssk01382', 'Купить Стандартный плинтус Quick Step Доска дуба серого старинного QSSK01382', NULL, NULL, 0, '2020-11-19 23:01:39', '2020-11-19 23:01:39'),
(658, 'laminat-quick-step-classic-doska-duba-svetlo-serogo-starinnogo-clm1405', 'Купить Ламинат Quick Step Classic Доска дуба светло-серого старинного CLM1405', NULL, NULL, 1, '2020-11-19 23:01:47', '2020-11-19 23:01:47'),
(659, 'standartniy-plintus-quick-step-doska-duba-svetlo-serogo-starinnogo-qssk01405', 'Купить Стандартный плинтус Quick Step Доска дуба светло-серого старинного QSSK01405', NULL, NULL, 0, '2020-11-19 23:01:50', '2020-11-19 23:01:50'),
(660, 'laminat-quick-step-classic-dub-starinniy-temniy-clm1383', 'Купить Ламинат Quick Step Classic Дуб старинный темный CLM1383', NULL, NULL, 1, '2020-11-19 23:02:06', '2020-11-19 23:02:06'),
(661, 'standartniy-plintus-quick-step-dub-starinniy-temniy-qssk01383', 'Купить Стандартный плинтус Quick Step Дуб старинный темный QSSK01383', NULL, NULL, 0, '2020-11-19 23:02:09', '2020-11-19 23:02:09'),
(662, 'laminat-quick-step-classic-doska-duba-naturalnogo-starinnogo-clm1381', 'Купить Ламинат Quick Step Classic Доска дуба натурального старинного CLM1381', NULL, NULL, 1, '2020-11-19 23:02:15', '2020-11-19 23:02:15'),
(663, 'standartniy-plintus-quick-step-dub-starinniy-naturalniy-qssk01381', 'Купить Стандартный плинтус Quick Step Дуб старинный натуральный QSSK01381', NULL, NULL, 0, '2020-11-19 23:02:18', '2020-11-19 23:02:18'),
(664, 'laminat-quick-step-classic-dub-bezheviy-premium-clv4093', 'Купить Ламинат Quick Step Classic Дуб бежевый премиум CLV4093', NULL, NULL, 1, '2020-11-19 23:02:22', '2020-11-19 23:02:22'),
(665, 'standartniy-plintus-quick-step-dub-bezheviy-premium-qssk04093', 'Купить Стандартный плинтус Quick Step Дуб бежевый премиум QSSK04093', NULL, NULL, 0, '2020-11-19 23:02:24', '2020-11-19 23:02:24'),
(666, 'laminat-quick-step-classic-dub-tepliy-naturalniy-premium-clv4095', 'Купить Ламинат Quick Step Classic Дуб теплый натуральный премиум CLV4095', NULL, NULL, 1, '2020-11-19 23:02:29', '2020-11-19 23:02:29'),
(667, 'standartniy-plintus-quick-step-dub-tepliy-naturalniy-premium-qssk04095', 'Купить Стандартный плинтус Quick Step Дуб теплый натуральный премиум QSSK04095', NULL, NULL, 0, '2020-11-19 23:02:31', '2020-11-19 23:02:31'),
(668, 'laminat-quick-step-classic-dub-naturalniy-rustikalniy-clv4085', 'Купить Ламинат Quick Step Classic Дуб натуральный рустикальный CLV4085', NULL, NULL, 1, '2020-11-19 23:02:37', '2020-11-19 23:02:37'),
(669, 'standartniy-plintus-quick-step-dub-naturalniy-rustikalniy-qssk04085', 'Купить Стандартный плинтус Quick Step Дуб натуральный рустикальный QSSK04085', NULL, NULL, 0, '2020-11-19 23:02:52', '2020-11-19 23:02:52'),
(670, 'laminat-quick-step-classic-dub-beliy-otbelenniy-cl4087', 'Купить Ламинат Quick Step Classic Дуб белый отбеленный CL4087', NULL, NULL, 1, '2020-11-19 23:02:58', '2020-11-19 23:02:58'),
(671, 'standartniy-plintus-quick-step-dub-beliy-otbelenniy-qssk04087', 'Купить Стандартный плинтус Quick Step Дуб белый отбеленный QSSK04087', NULL, NULL, 0, '2020-11-19 23:03:01', '2020-11-19 23:03:01'),
(672, 'laminat-quick-step-classic-dub-svetliy-naturalniy-premium-clv4094', 'Купить Ламинат Quick Step Classic Дуб светлый натуральный премиум CLV4094', NULL, NULL, 1, '2020-11-19 23:03:07', '2020-11-19 23:03:07'),
(673, 'standartniy-plintus-quick-step-dub-beliy-promaslenniy-qssk01538', 'Купить Стандартный плинтус Quick Step Дуб белый промасленный QSSK01538', NULL, NULL, 0, '2020-11-19 23:03:10', '2020-11-19 23:03:10'),
(674, 'laminat-quick-step-classic-dub-bezheviy-otbelenniy-cl4088', 'Купить Ламинат Quick Step Classic Дуб бежевый отбеленный CL4088', NULL, NULL, 1, '2020-11-19 23:03:15', '2020-11-19 23:03:15'),
(675, 'standartniy-plintus-quick-step-dub-bezheviy-otbelenniy-qssk04088', 'Купить Стандартный плинтус Quick Step Дуб бежевый отбеленный QSSK04088', NULL, NULL, 0, '2020-11-19 23:03:18', '2020-11-19 23:03:18'),
(676, 'laminat-quick-step-classic-dub-bezheviy-rustikalniy-clv4084', 'Купить Ламинат Quick Step Classic Дуб бежевый рустикальный CLV4084', NULL, NULL, 1, '2020-11-19 23:03:24', '2020-11-19 23:03:24'),
(677, 'standartniy-plintus-quick-step-dub-bezheviy-rustikalniy-qssk04084', 'Купить Стандартный плинтус Quick Step Дуб бежевый рустикальный QSSK04084', NULL, NULL, 0, '2020-11-19 23:03:27', '2020-11-19 23:03:27'),
(678, 'laminat-quick-step-classic-dub-naturalniy-otbelenniy-cl4089', 'Купить Ламинат Quick Step Classic Дуб натуральный отбеленный CL4089', NULL, NULL, 1, '2020-11-19 23:03:31', '2020-11-19 23:03:31'),
(679, 'standartniy-plintus-quick-step-dub-naturalniy-otbelenniy-qssk04089', 'Купить Стандартный плинтус Quick Step Дуб натуральный отбеленный QSSK04089', NULL, NULL, 0, '2020-11-19 23:03:35', '2020-11-19 23:03:35'),
(680, 'laminat-quick-step-classic-dub-shokoladniy-rustikalniy-clv4086', 'Купить Ламинат Quick Step Classic Дуб шоколадный рустикальный CLV4086', NULL, NULL, 1, '2020-11-19 23:03:41', '2020-11-19 23:03:41'),
(681, 'standartniy-plintus-quick-step-dub-shokoladniy-rustikalniy-qssk04086', 'Купить Стандартный плинтус Quick Step Дуб шоколадный рустикальный QSSK04086', NULL, NULL, 0, '2020-11-19 23:03:44', '2020-11-19 23:03:44'),
(682, 'laminat-quick-step-classic-dub-gorniy-temno-korichneviy-clm4092', 'Купить Ламинат Quick Step Classic Дуб горный темно-коричневый CLM4092', NULL, NULL, 1, '2020-11-19 23:03:50', '2020-11-19 23:03:50'),
(683, 'standartniy-plintus-quick-step-dub-gorniy-temno-korichneviy-qssk04092', 'Купить Стандартный плинтус Quick Step Дуб горный темно-коричневый QSSK04092', NULL, NULL, 0, '2020-11-19 23:03:53', '2020-11-19 23:03:53'),
(684, 'laminat-quick-step-classic-dub-gorniy-korichneviy-clm4091', 'Купить Ламинат Quick Step Classic Дуб горный коричневый CLM4091', NULL, NULL, 1, '2020-11-20 23:14:54', '2020-11-20 23:14:54'),
(685, 'standartniy-plintus-quick-step-dub-gorniy-korichneviy-qssk04091', 'Купить Стандартный плинтус Quick Step Дуб горный коричневый QSSK04091', NULL, NULL, 0, '2020-11-20 23:14:57', '2020-11-20 23:14:57'),
(686, 'laminat-quick-step-classic-dub-gorniy-krasniy-clm4090', 'Купить Ламинат Quick Step Classic Дуб горный красный CLM4090', NULL, NULL, 1, '2020-11-20 23:15:03', '2020-11-20 23:15:03'),
(687, 'standartniy-plintus-quick-step-dub-gorniy-krasniy-qssk04090', 'Купить Стандартный плинтус Quick Step Дуб горный красный QSSK04090', NULL, NULL, 0, '2020-11-20 23:15:07', '2020-11-20 23:15:07'),
(688, 'laminat-quick-step-desire-dub-svetlo-seriy-serebristiy-uc3462', 'Купить Ламинат Quick Step Desire Дуб светло-серый серебристый UC3462', NULL, NULL, 1, '2020-11-21 13:05:15', '2020-11-21 13:05:16'),
(689, 'standartniy-plintus-quick-step-dub-svetlo-seriy-serebristiy-qssk03462', 'Купить Стандартный плинтус Quick Step Дуб светло-серый серебристый QSSK03462', NULL, NULL, 0, '2020-11-21 13:05:19', '2020-11-21 13:05:19'),
(690, 'laminat-quick-step-desire-dub-seriy-serebristiy-uc3464', 'Купить Ламинат Quick Step Desire Дуб серый серебристый UC3464', NULL, NULL, 1, '2020-11-21 13:05:25', '2020-11-21 13:05:25'),
(691, 'standartniy-plintus-quick-step-dub-seriy-serebristiy-qssk03464', 'Купить Стандартный плинтус Quick Step Дуб серый серебристый QSSK03464', NULL, NULL, 0, '2020-11-21 13:05:28', '2020-11-21 13:05:28'),
(692, 'laminat-quick-step-desire-dub-svetlo-seriy-zolotistiy-uc3463', 'Купить Ламинат Quick Step Desire Дуб светло-серый золотистый UC3463', NULL, NULL, 1, '2020-11-21 13:05:34', '2020-11-21 13:05:34'),
(693, 'standartniy-plintus-quick-step-dub-svetlo-seriy-zolotistiy-qssk03463', 'Купить Стандартный плинтус Quick Step Дуб светло-серый золотистый QSSK03463', NULL, NULL, 0, '2020-11-21 13:05:37', '2020-11-21 13:05:37'),
(694, 'laminat-quick-step-desire-dub-naturalniy-zolotistiy-uc3465', 'Купить Ламинат Quick Step Desire Дуб натуральный золотистый UC3465', NULL, NULL, 1, '2020-11-21 13:05:43', '2020-11-21 13:05:43'),
(695, 'standartniy-plintus-quick-step-dub-naturalniy-zolotistiy-qssk03465', 'Купить Стандартный плинтус Quick Step Дуб натуральный золотистый QSSK03465', NULL, NULL, 0, '2020-11-21 13:05:46', '2020-11-21 13:05:46'),
(696, 'laminat-quick-step-eligna-dub-italyanskiy-svetlo-seriy-u3831', 'Купить Ламинат Quick Step Eligna Дуб итальянский светло-серый U3831', NULL, NULL, 1, '2020-11-21 18:46:40', '2020-11-21 18:46:40'),
(697, 'standartniy-plintus-quick-step-dub-italyanskiy-svetlo-seriy-qssk03573', 'Купить Стандартный плинтус Quick Step Дуб итальянский светло-серый QSSK03573', NULL, NULL, 0, '2020-11-21 18:46:43', '2020-11-21 18:46:43'),
(698, 'laminat-quick-step-eligna-dub-tepliy-seriy-promaslenniy-u3459', 'Купить Ламинат Quick Step Eligna Дуб теплый серый промасленный U3459', NULL, NULL, 1, '2020-11-21 18:46:50', '2020-11-21 18:46:50'),
(699, 'standartniy-plintus-quick-step-dub-tepliy-seriy-promaslenniy-qssk03459', 'Купить Стандартный плинтус Quick Step Дуб теплый серый промасленный QSSK03459', NULL, NULL, 0, '2020-11-21 18:46:53', '2020-11-21 18:46:53'),
(700, 'laminat-quick-step-eligna-doska-belogo-duba-lakirovannaya-u915', 'Купить Ламинат Quick Step Eligna Доска белого дуба лакированная U915', NULL, NULL, 1, '2020-11-21 18:46:59', '2020-11-21 18:46:59'),
(701, 'standartniy-plintus-quick-step-doska-belogo-duba-lakirovannaya-qssk00915', 'Купить Стандартный плинтус Quick Step Доска белого дуба лакированная QSSK00915', NULL, NULL, 0, '2020-11-21 18:47:02', '2020-11-21 18:47:02'),
(702, 'laminat-quick-step-eligna-dub-svetliy-naturalniy-promaslenniy-u3457', 'Купить Ламинат Quick Step Eligna Дуб светлый натуральный промасленный U3457', NULL, NULL, 1, '2020-11-21 18:47:07', '2020-11-21 18:47:08'),
(703, 'standartniy-plintus-quick-step-dub-svetliy-naturalniy-promaslenniy-qssk03457', 'Купить Стандартный плинтус Quick Step Дуб светлый натуральный промасленный QSSK03457', NULL, NULL, 0, '2020-11-21 18:47:10', '2020-11-21 18:47:10'),
(704, 'laminat-quick-step-eligna-dub-shokoladniy-promaslenniy-u3461', 'Купить Ламинат Quick Step Eligna Дуб шоколадный промасленный U3461', NULL, NULL, 1, '2020-11-21 18:47:17', '2020-11-21 18:47:17'),
(705, 'standartniy-plintus-quick-step-dub-shokoladniy-promaslenniy-qssk03461', 'Купить Стандартный плинтус Quick Step Дуб шоколадный промасленный QSSK03461', NULL, NULL, 0, '2020-11-21 18:47:20', '2020-11-21 18:47:20'),
(706, 'laminat-quick-step-eligna-dub-tepliy-naturalniy-promaslenniy-u3458', 'Купить Ламинат Quick Step Eligna Дуб теплый натуральный промасленный U3458', NULL, NULL, 1, '2020-11-21 18:47:25', '2020-11-21 18:47:25'),
(707, 'standartniy-plintus-quick-step-dub-tepliy-naturalniy-promaslenniy-qssk03458', 'Купить Стандартный плинтус Quick Step Дуб теплый натуральный промасленный QSSK03458', NULL, NULL, 0, '2020-11-21 18:47:28', '2020-11-21 18:47:28'),
(708, 'laminat-quick-step-eligna-dub-italyanskiy-bezheviy-u3832', 'Купить Ламинат Quick Step Eligna Дуб итальянский бежевый U3832', NULL, NULL, 1, '2020-11-21 18:47:35', '2020-11-21 18:47:35'),
(709, 'standartniy-plintus-quick-step-dub-italyanskiy-bezheviy-qssk03574', 'Купить Стандартный плинтус Quick Step Дуб итальянский бежевый QSSK03574', NULL, NULL, 0, '2020-11-21 18:47:38', '2020-11-21 18:47:38'),
(710, 'laminat-quick-step-eligna-venge-intensivniy-u1300', 'Купить Ламинат Quick Step Eligna Венге интенсивный U1300', NULL, NULL, 1, '2020-11-21 18:47:44', '2020-11-21 18:47:44'),
(711, 'standartniy-plintus-quick-step-venge-intensivniy-qssk01300', 'Купить Стандартный плинтус Quick Step Венге интенсивный QSSK01300', NULL, NULL, 0, '2020-11-21 18:47:47', '2020-11-21 18:47:47'),
(712, 'laminat-quick-step-eligna-doska-naturalnogo-duba-lakirovannaya-u896', 'Купить Ламинат Quick Step Eligna Доска натурального дуба лакированная U896', NULL, NULL, 1, '2020-11-21 18:47:52', '2020-11-21 18:47:52'),
(713, 'standartniy-plintus-quick-step-doska-naturalnogo-duba-lakirovannaya-qssk00896', 'Купить Стандартный плинтус Quick Step Доска натурального дуба лакированная QSSK00896', NULL, NULL, 0, '2020-11-21 18:47:55', '2020-11-21 18:47:55'),
(714, 'laminat-quick-step-eligna-doska-orekhovaya-promaslennaya-u1043', 'Купить Ламинат Quick Step Eligna Доска ореховая промасленная U1043', NULL, NULL, 1, '2020-11-21 18:48:01', '2020-11-21 18:48:01'),
(715, 'standartniy-plintus-quick-step-doska-orekhovaya-promaslennaya-qssk01043', 'Купить Стандартный плинтус Quick Step Доска ореховая промасленная QSSK01043', NULL, NULL, 0, '2020-11-21 18:48:04', '2020-11-21 18:48:04'),
(716, 'laminat-quick-step-eligna-dub-izyskanniy-temniy-u3833', 'Купить Ламинат Quick Step Eligna Дуб изысканный темный U3833', NULL, NULL, 1, '2020-11-21 18:48:11', '2020-11-21 18:48:11'),
(717, 'standartniy-plintus-quick-step-dub-izyskanniy-temniy-qssk03581', 'Купить Стандартный плинтус Quick Step Дуб изысканный темный QSSK03581', NULL, NULL, 0, '2020-11-21 18:48:14', '2020-11-21 18:48:14'),
(718, 'laminat-quick-step-eligna-dub-starinniy-bezheviy-u3576', 'Купить Ламинат Quick Step Eligna Дуб старинный бежевый U3576', NULL, NULL, 1, '2020-11-21 18:48:22', '2020-11-21 18:48:23'),
(719, 'standartniy-plintus-quick-step-dub-starinniy-bezheviy-qssk03576', 'Купить Стандартный плинтус Quick Step Дуб старинный бежевый QSSK03576', NULL, NULL, 0, '2020-11-21 18:48:25', '2020-11-21 18:48:25'),
(720, 'laminat-quick-step-eligna-dub-temno-korichneviy-promaslenniy-u3460', 'Купить Ламинат Quick Step Eligna Дуб темно-коричневый промасленный U3460', NULL, NULL, 1, '2020-11-21 18:48:31', '2020-11-21 18:48:31'),
(721, 'standartniy-plintus-quick-step-dub-temno-korichneviy-promaslenniy-qssk03460', 'Купить Стандартный плинтус Quick Step Дуб темно-коричневый промасленный QSSK03460', NULL, NULL, 0, '2020-11-21 18:48:34', '2020-11-21 18:48:34'),
(722, 'laminat-quick-step-eligna-doska-venge-u1000', 'Купить Ламинат Quick Step Eligna Доска венге U1000', NULL, NULL, 1, '2020-11-21 18:48:41', '2020-11-21 18:48:41'),
(723, 'standartniy-plintus-quick-step-doska-venge-qssk01000', 'Купить Стандартный плинтус Quick Step Доска венге QSSK01000', NULL, NULL, 0, '2020-11-21 18:48:44', '2020-11-21 18:48:44'),
(724, 'laminat-quick-step-eligna-dub-prirodniy-naturalniy-u3578', 'Купить Ламинат Quick Step Eligna Дуб природный натуральный U3578', NULL, NULL, 1, '2020-11-21 18:48:50', '2020-11-21 18:48:50'),
(725, 'standartniy-plintus-quick-step-dub-prirodniy-naturalniy-qssk03578', 'Купить Стандартный плинтус Quick Step Дуб природный натуральный QSSK03578', NULL, NULL, 0, '2020-11-21 18:48:53', '2020-11-21 18:48:53'),
(726, 'laminat-quick-step-eligna-sosna-belaya-zatertaya-u1235', 'Купить Ламинат Quick Step Eligna Сосна белая затертая U1235', NULL, NULL, 1, '2020-11-21 18:48:59', '2020-11-21 18:48:59'),
(727, 'standartniy-plintus-quick-step-sosna-belaya-zatertaya-qssk01235', 'Купить Стандартный плинтус Quick Step Сосна белая затертая QSSK01235', NULL, NULL, 0, '2020-11-21 18:49:02', '2020-11-21 18:49:02'),
(728, 'laminat-quick-step-eligna-dub-italyanskiy-svetlo-seriy-petchvork-u3831p', 'Купить Ламинат Quick Step Eligna Дуб итальянский светло-серый пэтчворк U3831P', NULL, NULL, 1, '2020-11-21 18:49:07', '2020-11-21 18:49:07'),
(729, 'laminat-quick-step-eligna-dub-italyanskiy-bezheviy-petchvork-u3832p', 'Купить Ламинат Quick Step Eligna Дуб итальянский бежевый пэтчворк U3832P', NULL, NULL, 1, '2020-11-21 18:49:14', '2020-11-21 18:49:14'),
(730, 'laminat-quick-step-impressive-dub-dymchatiy-im1993', 'Купить Ламинат Quick Step Impressive Дуб дымчатый IM1993', NULL, NULL, 1, '2020-11-21 20:45:11', '2020-11-21 20:45:11'),
(731, 'standartniy-plintus-quick-step-dub-dymchatiy-qssk01993', 'Купить Стандартный плинтус Quick Step Дуб дымчатый QSSK01993', NULL, NULL, 0, '2020-11-21 20:45:14', '2020-11-21 20:45:14'),
(732, 'laminat-quick-step-impressive-dub-naturalniy-im1848', 'Купить Ламинат Quick Step Impressive Дуб натуральный IM1848', NULL, NULL, 1, '2020-11-21 20:45:21', '2020-11-21 20:45:21'),
(733, 'standartniy-plintus-quick-step-dub-naturalniy-qssk01848', 'Купить Стандартный плинтус Quick Step Дуб натуральный QSSK01848', NULL, NULL, 0, '2020-11-21 20:45:24', '2020-11-21 20:45:24'),
(734, 'laminat-quick-step-impressive-dub-yuzhniy-im1994', 'Купить Ламинат Quick Step Impressive Дуб южный IM1994', NULL, NULL, 1, '2020-11-21 20:45:30', '2020-11-21 20:45:30'),
(735, 'standartniy-plintus-quick-step-dub-yuzhniy-qssk01994', 'Купить Стандартный плинтус Quick Step Дуб южный QSSK01994', NULL, NULL, 0, '2020-11-21 20:45:32', '2020-11-21 20:45:32'),
(736, 'laminat-quick-step-impressive-dub-etnicheskiy-korichneviy-im3557', 'Купить Ламинат Quick Step Impressive Дуб этнический коричневый IM3557', NULL, NULL, 1, '2020-11-21 20:45:38', '2020-11-21 20:45:38'),
(737, 'standartniy-plintus-quick-step-dub-etnicheskiy-korichneviy-qssk03557', 'Купить Стандартный плинтус Quick Step Дуб этнический коричневый QSSK03557', NULL, NULL, 0, '2020-11-21 20:45:41', '2020-11-21 20:45:41'),
(738, 'laminat-quick-step-impressive-dub-korichneviy-im1849', 'Купить Ламинат Quick Step Impressive Дуб коричневый IM1849', NULL, NULL, 1, '2020-11-21 20:45:47', '2020-11-21 20:45:47'),
(739, 'standartniy-plintus-quick-step-dub-korichneviy-qssk01849', 'Купить Стандартный плинтус Quick Step Дуб коричневый QSSK01849', NULL, NULL, 0, '2020-11-21 20:45:50', '2020-11-21 20:45:50'),
(740, 'laminat-quick-step-impressive-dub-derevenskiy-im1851', 'Купить Ламинат Quick Step Impressive Дуб деревенский IM1851', NULL, NULL, 1, '2020-11-21 20:45:56', '2020-11-21 20:45:56'),
(741, 'standartniy-plintus-quick-step-dub-derevenskiy-qssk01851', 'Купить Стандартный плинтус Quick Step Дуб деревенский QSSK01851', NULL, NULL, 0, '2020-11-21 20:45:59', '2020-11-21 20:45:59'),
(742, 'laminat-quick-step-impressive-doska-belogo-duba-lakirovannaya-im3105', 'Купить Ламинат Quick Step Impressive Доска белого дуба лакированная IM3105', NULL, NULL, 1, '2020-11-21 20:46:06', '2020-11-21 20:46:06'),
(743, 'laminat-quick-step-impressive-dub-bordo-im1995', 'Купить Ламинат Quick Step Impressive Дуб бордо IM1995', NULL, NULL, 1, '2020-11-21 20:46:13', '2020-11-21 20:46:13'),
(744, 'standartniy-plintus-quick-step-dub-bordo-qssk01995', 'Купить Стандартный плинтус Quick Step Дуб бордо QSSK01995', NULL, NULL, 0, '2020-11-21 20:46:16', '2020-11-21 20:46:16'),
(745, 'laminat-quick-step-impressive-dub-pepelniy-im1992', 'Купить Ламинат Quick Step Impressive Дуб пепельный IM1992', NULL, NULL, 1, '2020-11-21 20:46:22', '2020-11-21 20:46:22'),
(746, 'standartniy-plintus-quick-step-doska-belaya-qssk01859', 'Купить Стандартный плинтус Quick Step Доска белая QSSK01859', NULL, NULL, 0, '2020-11-21 20:46:25', '2020-11-21 20:46:25'),
(747, 'laminat-quick-step-impressive-dub-sero-bezheviy-im4663', 'Купить Ламинат Quick Step Impressive Дуб серо-бежевый IM4663', NULL, NULL, 1, '2020-11-21 20:46:33', '2020-11-21 20:46:33'),
(748, 'laminat-quick-step-impressive-dub-svetliy-naturalniy-im4664', 'Купить Ламинат Quick Step Impressive Дуб светлый натуральный IM4664', NULL, NULL, 1, '2020-11-21 20:46:41', '2020-11-21 20:46:41'),
(749, 'standartniy-plintus-quick-step-dub-neshvill-naturalniy-qssk03180', 'Купить Стандартный плинтус Quick Step Дуб Нэшвилл натуральный QSSK03180', NULL, NULL, 0, '2020-11-21 20:46:44', '2020-11-21 20:46:44'),
(750, 'laminat-quick-step-impressive-dub-seriy-lakirovanniy-im4665', 'Купить Ламинат Quick Step Impressive Дуб серый лакированный IM4665', NULL, NULL, 1, '2020-11-21 20:46:49', '2020-11-21 20:46:49'),
(751, 'standartniy-plintus-quick-step-standard-skirting-board-(matching-colour)-qssk03364', 'Купить Стандартный плинтус Quick Step Standard Skirting Board (matching colour) QSSK03364', NULL, NULL, 0, '2020-11-21 20:46:52', '2020-11-21 20:46:52'),
(752, 'laminat-quick-step-impressive-dub-svetliy-im1847', 'Купить Ламинат Quick Step Impressive Дуб светлый IM1847', NULL, NULL, 1, '2020-11-21 20:47:18', '2020-11-21 20:47:18'),
(753, 'standartniy-plintus-quick-step-dub-svetliy-qssk01847', 'Купить Стандартный плинтус Quick Step Дуб светлый QSSK01847', NULL, NULL, 0, '2020-11-21 20:47:22', '2020-11-21 20:47:22'),
(754, 'laminat-quick-step-impressive-dub-pesochniy-im1853', 'Купить Ламинат Quick Step Impressive Дуб песочный IM1853', NULL, NULL, 1, '2020-11-21 20:47:28', '2020-11-21 20:47:28'),
(755, 'standartniy-plintus-quick-step-dub-pesochniy-qssk01853', 'Купить Стандартный плинтус Quick Step Дуб песочный QSSK01853', NULL, NULL, 0, '2020-11-21 20:47:31', '2020-11-21 20:47:31'),
(756, 'laminat-quick-step-impressive-dub-fantaziyniy-svetlo-seriy-im3560', 'Купить Ламинат Quick Step Impressive Дуб фантазийный светло-серый IM3560', NULL, NULL, 1, '2020-11-21 20:47:38', '2020-11-21 20:47:38'),
(757, 'standartniy-plintus-quick-step-dub-fantaziyniy-svetlo-seriy-qssk03560', 'Купить Стандартный плинтус Quick Step Дуб фантазийный светло-серый QSSK03560', NULL, NULL, 0, '2020-11-21 20:47:41', '2020-11-21 20:47:41'),
(758, 'laminat-quick-step-impressive-dub-fantaziyniy-beliy-im3559', 'Купить Ламинат Quick Step Impressive Дуб фантазийный белый IM3559', NULL, NULL, 1, '2020-11-21 20:47:46', '2020-11-21 20:47:46'),
(759, 'standartniy-plintus-quick-step-dub-fantaziyniy-beliy-qssk03559', 'Купить Стандартный плинтус Quick Step Дуб фантазийный белый QSSK03559', NULL, NULL, 0, '2020-11-21 20:47:49', '2020-11-21 20:47:49'),
(760, 'laminat-quick-step-impressive-doska-naturalnogo-duba-lakirovannaya-im3106', 'Купить Ламинат Quick Step Impressive Доска натурального дуба лакированная IM3106', NULL, NULL, 1, '2020-11-21 20:47:56', '2020-11-21 20:47:56'),
(761, 'standartniy-plintus-quick-step-dub-vindzor-qssk03106', 'Купить Стандартный плинтус Quick Step Дуб Виндзор QSSK03106', NULL, NULL, 0, '2020-11-21 20:47:59', '2020-11-21 20:47:59'),
(762, 'laminat-quick-step-impressive-doska-belaya-im1859', 'Купить Ламинат Quick Step Impressive Доска белая IM1859', NULL, NULL, 1, '2020-11-21 20:48:07', '2020-11-21 20:48:07'),
(763, 'laminat-quick-step-impressive-dub-etnicheskiy-seriy-im3558', 'Купить Ламинат Quick Step Impressive Дуб этнический серый IM3558', NULL, NULL, 1, '2020-11-21 20:48:15', '2020-11-21 20:48:15'),
(764, 'standartniy-plintus-quick-step-dub-etnicheskiy-seriy-qssk03558', 'Купить Стандартный плинтус Quick Step Дуб этнический серый QSSK03558', NULL, NULL, 0, '2020-11-21 20:48:18', '2020-11-21 20:48:18'),
(765, 'laminat-quick-step-impressive-dub-chernaya-noch-im1862', 'Купить Ламинат Quick Step Impressive Дуб черная ночь IM1862', NULL, NULL, 1, '2020-11-21 20:48:29', '2020-11-21 20:48:29'),
(766, 'standartniy-plintus-quick-step-dub-chernaya-noch-qssk01862', 'Купить Стандартный плинтус Quick Step Дуб черная ночь QSSK01862', NULL, NULL, 0, '2020-11-21 20:48:32', '2020-11-21 20:48:32'),
(767, 'laminat-quick-step-impressive-sosna-im1860', 'Купить Ламинат Quick Step Impressive Сосна IM1860', NULL, NULL, 1, '2020-11-21 20:48:41', '2020-11-21 20:48:41'),
(768, 'standartniy-plintus-quick-step-sosna-qssk01860', 'Купить Стандартный плинтус Quick Step Сосна QSSK01860', NULL, NULL, 0, '2020-11-21 20:48:44', '2020-11-21 20:48:44');
INSERT INTO `pages` (`id`, `uri`, `title`, `description`, `content`, `published`, `created_at`, `updated_at`) VALUES
(769, 'laminat-quick-step-impressive-svetlo-seriy-beton-im1861', 'Купить Ламинат Quick Step Impressive Светло-серый бетон IM1861', NULL, NULL, 1, '2020-11-21 20:48:51', '2020-11-21 20:48:51'),
(770, 'standartniy-plintus-quick-step-svetlo-seriy-beton-qssk01861', 'Купить Стандартный плинтус Quick Step Светло-серый бетон QSSK01861', NULL, NULL, 0, '2020-11-21 20:48:54', '2020-11-21 20:48:54'),
(771, 'laminat/impressive-patterns', 'Impressive Patterns', NULL, '<h1>Impressive Patterns</h1>', 1, '2020-11-21 21:06:52', '2020-11-21 21:06:52'),
(772, 'laminat-quick-step-impressive-patterns-mramor-bezheviy-ipe4506', 'Купить Ламинат Quick Step Impressive Patterns Мрамор бежевый IPE4506', NULL, NULL, 1, '2020-11-21 22:39:26', '2020-11-21 22:39:26'),
(773, 'standartniy-plintus-quick-step-mramor-bezheviy-qssk04506', 'Купить Стандартный плинтус Quick Step Мрамор бежевый QSSK04506', NULL, NULL, 0, '2020-11-21 22:39:30', '2020-11-21 22:39:30'),
(774, 'laminat-quick-step-impressive-patterns-dub-palatstso-beliy-ipe4501', 'Купить Ламинат Quick Step Impressive Patterns Дуб палаццо белый IPE4501', NULL, NULL, 1, '2020-11-21 22:39:36', '2020-11-21 22:39:36'),
(775, 'standartniy-plintus-quick-step-standartniy-plintus-(v-tsvet)-qssk04157', 'Купить Стандартный плинтус Quick Step Стандартный плинтус (в цвет) QSSK04157', NULL, NULL, 0, '2020-11-21 22:39:39', '2020-11-21 22:39:39'),
(776, 'laminat-quick-step-impressive-patterns-dub-pesochniy-brashirovanniy-ipa4142', 'Купить Ламинат Quick Step Impressive Patterns Дуб песочный брашированный IPA4142', NULL, NULL, 1, '2020-11-21 22:39:46', '2020-11-21 22:39:46'),
(777, 'standartniy-plintus-quick-step-dub-pesochniy-brashirovanniy-qssk04142', 'Купить Стандартный плинтус Quick Step Дуб песочный брашированный QSSK04142', NULL, NULL, 0, '2020-11-21 22:39:50', '2020-11-21 22:39:50'),
(778, 'laminat-quick-step-impressive-patterns-beton-loft-ipe4508', 'Купить Ламинат Quick Step Impressive Patterns Бетон лофт IPE4508', NULL, NULL, 1, '2020-11-21 22:39:58', '2020-11-21 22:39:58'),
(779, 'standartniy-plintus-quick-step-beton-loft-qssk04508', 'Купить Стандартный плинтус Quick Step Бетон лофт QSSK04508', NULL, NULL, 0, '2020-11-21 22:40:00', '2020-11-21 22:40:00'),
(780, 'laminat-quick-step-impressive-patterns-dub-palatstso-bezheviy-ipe4672', 'Купить Ламинат Quick Step Impressive Patterns Дуб палаццо бежевый IPE4672', NULL, NULL, 1, '2020-11-21 22:40:07', '2020-11-21 22:40:07'),
(781, 'standartniy-plintus-quick-step-dub-palatstso-bezheviy-qssk04672', 'Купить Стандартный плинтус Quick Step Дуб палаццо бежевый QSSK04672', NULL, NULL, 0, '2020-11-21 22:40:09', '2020-11-21 22:40:09'),
(782, 'laminat-quick-step-impressive-patterns-dub-seriy-tepliy-brashirovanniy-ipa4141', 'Купить Ламинат Quick Step Impressive Patterns Дуб серый теплый брашированный IPA4141', NULL, NULL, 1, '2020-11-21 22:40:15', '2020-11-21 22:40:15'),
(783, 'laminat-quick-step-impressive-patterns-dub-medniy-brashirovanniy-ipa4144', 'Купить Ламинат Quick Step Impressive Patterns Дуб медный брашированный IPA4144', NULL, NULL, 1, '2020-11-21 22:40:42', '2020-11-21 22:40:42'),
(784, 'standartniy-plintus-quick-step-dub-medniy-brashirovanniy-qssk04144', 'Купить Стандартный плинтус Quick Step Дуб медный брашированный QSSK04144', NULL, NULL, 0, '2020-11-21 22:41:36', '2020-11-21 22:41:36'),
(785, 'laminat-quick-step-impressive-patterns-travertin-bezheviy-ipe4510', 'Купить Ламинат Quick Step Impressive Patterns Травертин бежевый IPE4510', NULL, NULL, 1, '2020-11-21 22:41:44', '2020-11-21 22:41:44'),
(786, 'standartniy-plintus-quick-step-plitka-belaya-qssk01553', 'Купить Стандартный плинтус Quick Step Плитка белая QSSK01553', NULL, NULL, 0, '2020-11-21 22:41:47', '2020-11-21 22:41:47'),
(787, 'laminat-quick-step-impressive-patterns-dub-palatstso-korichneviy-ipe4504', 'Купить Ламинат Quick Step Impressive Patterns Дуб палаццо коричневый IPE4504', NULL, NULL, 1, '2020-11-21 22:41:52', '2020-11-21 22:41:52'),
(788, 'standartniy-plintus-quick-step-dub-palatstso-korichneviy-qssk04504', 'Купить Стандартный плинтус Quick Step Дуб палаццо коричневый QSSK04504', NULL, NULL, 0, '2020-11-21 22:41:55', '2020-11-21 22:41:55'),
(789, 'laminat-quick-step-impressive-patterns-dub-prirodniy-bezheviy-brashirovanniy-ipa4143', 'Купить Ламинат Quick Step Impressive Patterns Дуб природный бежевый брашированный IPA4143', NULL, NULL, 1, '2020-11-21 22:42:01', '2020-11-21 22:42:01'),
(790, 'standartniy-plintus-quick-step-dub-prirodniy-bezheviy-brashirovanniy-qssk04143', 'Купить Стандартный плинтус Quick Step Дуб природный бежевый брашированный QSSK04143', NULL, NULL, 0, '2020-11-21 22:42:04', '2020-11-21 22:42:04'),
(791, 'laminat-quick-step-impressive-patterns-tekstil-naturalniy-ipe4511', 'Купить Ламинат Quick Step Impressive Patterns Текстиль натуральный IPE4511', NULL, NULL, 1, '2020-11-21 22:42:09', '2020-11-21 22:42:09'),
(792, 'standartniy-plintus-quick-step-kholst-qssk01557', 'Купить Стандартный плинтус Quick Step Холст QSSK01557', NULL, NULL, 0, '2020-11-21 22:42:12', '2020-11-21 22:42:12'),
(793, 'laminat-quick-step-impressive-patterns-dub-kofeyniy-brashirovanniy-ipa4145', 'Купить Ламинат Quick Step Impressive Patterns Дуб кофейный брашированный IPA4145', NULL, NULL, 1, '2020-11-21 22:42:19', '2020-11-21 22:42:19'),
(794, 'standartniy-plintus-quick-step-dub-kofeyniy-brashirovanniy-qssk04145', 'Купить Стандартный плинтус Quick Step Дуб кофейный брашированный QSSK04145', NULL, NULL, 0, '2020-11-21 22:42:29', '2020-11-21 22:42:29'),
(795, 'laminat/impressive-ultra', 'Impressive Ultra', NULL, '<h1>Impressive Ultra</h1>', 1, '2020-11-21 22:55:54', '2020-11-21 22:55:54'),
(796, 'laminat-quick-step-impressive-ultra-dub-svetliy-imu1847', 'Купить Ламинат Quick Step Impressive Ultra Дуб светлый IMU1847', NULL, NULL, 1, '2020-11-21 23:11:37', '2020-11-21 23:11:37'),
(797, 'laminat-quick-step-impressive-ultra-dub-naturalniy-imu1848', 'Купить Ламинат Quick Step Impressive Ultra Дуб натуральный IMU1848', NULL, NULL, 1, '2020-11-21 23:11:46', '2020-11-21 23:11:46'),
(798, 'laminat-quick-step-impressive-ultra-dub-korichneviy-imu1849', 'Купить Ламинат Quick Step Impressive Ultra Дуб коричневый IMU1849', NULL, NULL, 1, '2020-11-21 23:11:52', '2020-11-21 23:11:53'),
(799, 'laminat-quick-step-impressive-ultra-dub-dymchatiy-imu1993', 'Купить Ламинат Quick Step Impressive Ultra Дуб дымчатый IMU1993', NULL, NULL, 1, '2020-11-21 23:11:59', '2020-11-21 23:11:59'),
(800, 'laminat-quick-step-impressive-ultra-dub-yuzhniy-imu1994', 'Купить Ламинат Quick Step Impressive Ultra Дуб южный IMU1994', NULL, NULL, 1, '2020-11-21 23:12:07', '2020-11-21 23:12:07'),
(801, 'laminat-quick-step-impressive-ultra-dub-fantaziyniy-beliy-imu3559', 'Купить Ламинат Quick Step Impressive Ultra Дуб фантазийный белый IMU3559', NULL, NULL, 1, '2020-11-21 23:12:15', '2020-11-21 23:12:16'),
(802, 'laminat-quick-step-impressive-ultra-dub-derevenskiy-imu1851', 'Купить Ламинат Quick Step Impressive Ultra Дуб деревенский IMU1851', NULL, NULL, 1, '2020-11-21 23:12:27', '2020-11-21 23:12:27'),
(803, 'laminat-quick-step-impressive-ultra-doska-naturalnogo-duba-lakirovannaya-imu3106', 'Купить Ламинат Quick Step Impressive Ultra Доска натурального дуба лакированная IMU3106', NULL, NULL, 1, '2020-11-21 23:12:35', '2020-11-21 23:12:35'),
(804, 'laminat-quick-step-impressive-ultra-doska-belogo-duba-lakirovannaya-imu3105', 'Купить Ламинат Quick Step Impressive Ultra Доска белого дуба лакированная IMU3105', NULL, NULL, 1, '2020-11-21 23:12:42', '2020-11-21 23:12:42'),
(805, 'laminat-quick-step-impressive-ultra-dub-pepelniy-imu1992', 'Купить Ламинат Quick Step Impressive Ultra Дуб пепельный IMU1992', NULL, NULL, 1, '2020-11-21 23:12:49', '2020-11-21 23:12:49'),
(806, 'laminat-quick-step-impressive-ultra-dub-bordo-imu1995', 'Купить Ламинат Quick Step Impressive Ultra Дуб бордо IMU1995', NULL, NULL, 1, '2020-11-21 23:13:16', '2020-11-21 23:13:16'),
(807, 'laminat-quick-step-impressive-ultra-dub-svetliy-naturalniy-imu4664', 'Купить Ламинат Quick Step Impressive Ultra Дуб светлый натуральный IMU4664', NULL, NULL, 1, '2020-11-21 23:23:42', '2020-11-21 23:23:42'),
(808, 'laminat-quick-step-impressive-ultra-dub-sero-bezheviy-imu4663', 'Купить Ламинат Quick Step Impressive Ultra Дуб серо-бежевый IMU4663', NULL, NULL, 1, '2020-11-21 23:23:58', '2020-11-21 23:23:58'),
(809, 'laminat-quick-step-impressive-ultra-dub-seriy-lakirovanniy-imu4665', 'Купить Ламинат Quick Step Impressive Ultra Дуб серый лакированный IMU4665', NULL, NULL, 1, '2020-11-21 23:24:04', '2020-11-21 23:24:04'),
(810, 'laminat-quick-step-impressive-ultra-dub-fantaziyniy-svetlo-seriy-imu3560', 'Купить Ламинат Quick Step Impressive Ultra Дуб фантазийный светло-серый IMU3560', NULL, NULL, 1, '2020-11-21 23:24:12', '2020-11-21 23:24:12'),
(811, 'laminat-quick-step-impressive-ultra-dub-pesochniy-imu1853', 'Купить Ламинат Quick Step Impressive Ultra Дуб песочный IMU1853', NULL, NULL, 1, '2020-11-21 23:24:18', '2020-11-21 23:24:18'),
(812, 'laminat-quick-step-impressive-ultra-dub-etnicheskiy-seriy-imu3558', 'Купить Ламинат Quick Step Impressive Ultra Дуб этнический серый IMU3558', NULL, NULL, 1, '2020-11-21 23:24:26', '2020-11-21 23:24:26'),
(813, 'laminat-quick-step-impressive-ultra-svetlo-seriy-beton-imu1861', 'Купить Ламинат Quick Step Impressive Ultra Светло-серый бетон IMU1861', NULL, NULL, 1, '2020-11-21 23:24:33', '2020-11-21 23:24:33'),
(814, 'laminat/majestic', 'Majestic', NULL, '<h1>Majestic</h1>', 1, '2020-11-21 23:37:45', '2020-11-21 23:37:45'),
(815, 'laminat-quick-step-majestic-dub-pustynniy-tepliy-naturalniy-mj3551', 'Купить Ламинат Quick Step Majestic Дуб пустынный теплый натуральный MJ3551', NULL, NULL, 1, '2020-11-22 12:34:37', '2020-11-22 12:34:37'),
(816, 'standartniy-plintus-quick-step-dub-pustynniy-tepliy-naturalniy-qssk03551', 'Купить Стандартный плинтус Quick Step Дуб пустынный теплый натуральный QSSK03551', NULL, NULL, 0, '2020-11-22 12:34:40', '2020-11-22 12:34:40'),
(817, 'laminat-quick-step-majestic-dub-dolinniy-svetlo-bezheviy-mj3554', 'Купить Ламинат Quick Step Majestic Дуб долинный светло-бежевый MJ3554', NULL, NULL, 1, '2020-11-22 12:34:50', '2020-11-22 12:34:50'),
(818, 'standartniy-plintus-quick-step-dub-dolinniy-svetlo-bezheviy-qssk03554', 'Купить Стандартный плинтус Quick Step Дуб долинный светло-бежевый QSSK03554', NULL, NULL, 0, '2020-11-22 12:34:53', '2020-11-22 12:34:53'),
(819, 'laminat-quick-step-majestic-dub-lesnoy-massiv-korichneviy-mj3548', 'Купить Ламинат Quick Step Majestic Дуб лесной массив коричневый MJ3548', NULL, NULL, 1, '2020-11-22 12:35:00', '2020-11-22 12:35:00'),
(820, 'standartniy-plintus-quick-step-dub-lesnoy-massiv-korichneviy-qssk03548', 'Купить Стандартный плинтус Quick Step Дуб лесной массив коричневый QSSK03548', NULL, NULL, 0, '2020-11-22 12:35:02', '2020-11-22 12:35:02'),
(821, 'laminat-quick-step-majestic-dub-pustynniy-svetliy-naturalniy-mj3550', 'Купить Ламинат Quick Step Majestic Дуб пустынный светлый натуральный MJ3550', NULL, NULL, 1, '2020-11-22 12:35:06', '2020-11-22 12:35:06'),
(822, 'standartniy-plintus-quick-step-dub-pustynniy-svetliy-naturalniy-qssk03550', 'Купить Стандартный плинтус Quick Step Дуб пустынный светлый натуральный QSSK03550', NULL, NULL, 0, '2020-11-22 12:35:10', '2020-11-22 12:35:10'),
(823, 'laminat-quick-step-majestic-dub-lesnoy-massiv-svetlo-seriy-mj3547', 'Купить Ламинат Quick Step Majestic Дуб лесной массив светло-серый MJ3547', NULL, NULL, 1, '2020-11-22 12:35:16', '2020-11-22 12:35:16'),
(824, 'standartniy-plintus-quick-step-dub-lesnoy-massiv-svetlo-seriy-qssk03547', 'Купить Стандартный плинтус Quick Step Дуб лесной массив светло-серый QSSK03547', NULL, NULL, 0, '2020-11-22 12:35:19', '2020-11-22 12:35:19'),
(825, 'laminat-quick-step-majestic-dub-pustynniy-shlifovanniy-temno-korichneviy-mj3553', 'Купить Ламинат Quick Step Majestic Дуб пустынный шлифованный темно-коричневый MJ3553', NULL, NULL, 1, '2020-11-22 12:35:26', '2020-11-22 12:35:26'),
(826, 'standartniy-plintus-quick-step-dub-pustynniy-shlifovanniy-temno-korichneviy-qssk03553', 'Купить Стандартный плинтус Quick Step Дуб пустынный шлифованный темно-коричневый QSSK03553', NULL, NULL, 0, '2020-11-22 12:35:29', '2020-11-22 12:35:29'),
(827, 'laminat-quick-step-majestic-dub-pustynniy-shlifovanniy-seriy-mj3552', 'Купить Ламинат Quick Step Majestic Дуб пустынный шлифованный серый MJ3552', NULL, NULL, 1, '2020-11-22 12:35:35', '2020-11-22 12:35:35'),
(828, 'standartniy-plintus-quick-step-dub-pustynniy-shlifovanniy-seriy-qssk03552', 'Купить Стандартный плинтус Quick Step Дуб пустынный шлифованный серый QSSK03552', NULL, NULL, 0, '2020-11-22 12:35:38', '2020-11-22 12:35:38'),
(829, 'laminat-quick-step-majestic-dub-dolinniy-svetlo-korichneviy-mj3555', 'Купить Ламинат Quick Step Majestic Дуб долинный светло-коричневый MJ3555', NULL, NULL, 1, '2020-11-22 12:35:45', '2020-11-22 12:35:45'),
(830, 'standartniy-plintus-quick-step-dub-dolinniy-svetlo-korichneviy-qssk03555', 'Купить Стандартный плинтус Quick Step Дуб долинный светло-коричневый QSSK03555', NULL, NULL, 0, '2020-11-22 12:35:47', '2020-11-22 12:35:47'),
(831, 'laminat-quick-step-majestic-dub-lesnoy-massiv-bezheviy-mj3545', 'Купить Ламинат Quick Step Majestic Дуб лесной массив бежевый MJ3545', NULL, NULL, 1, '2020-11-22 12:35:53', '2020-11-22 12:35:53'),
(832, 'standartniy-plintus-quick-step-dub-lesnoy-massiv-bezheviy-qssk03545', 'Купить Стандартный плинтус Quick Step Дуб лесной массив бежевый QSSK03545', NULL, NULL, 0, '2020-11-22 12:35:56', '2020-11-22 12:35:56'),
(833, 'laminat-quick-step-majestic-dub-lesnoy-massiv-naturalniy-mj3546', 'Купить Ламинат Quick Step Majestic Дуб лесной массив натуральный MJ3546', NULL, NULL, 1, '2020-11-22 12:36:06', '2020-11-22 12:36:06'),
(834, 'standartniy-plintus-quick-step-dub-lesnoy-massiv-naturalniy-qssk03546', 'Купить Стандартный плинтус Quick Step Дуб лесной массив натуральный QSSK03546', NULL, NULL, 0, '2020-11-22 12:36:09', '2020-11-22 12:36:09'),
(835, 'laminat/perspective', 'Perspective', NULL, '<h1>Perspective</h1>', 1, '2020-11-22 12:45:00', '2020-11-22 12:45:00'),
(836, 'laminat-quick-step-perspective-dub-italyanskiy-bezheviy-uf3832', 'Купить Ламинат Quick Step Perspective Дуб итальянский бежевый UF3832', NULL, NULL, 1, '2020-11-22 20:58:56', '2020-11-22 20:58:56'),
(837, 'laminat-quick-step-perspective-dub-italyanskiy-svetlo-seriy-uf3831', 'Купить Ламинат Quick Step Perspective Дуб итальянский светло-серый UF3831', NULL, NULL, 1, '2020-11-22 20:59:04', '2020-11-22 20:59:04'),
(838, 'laminat-quick-step-perspective-dub-prirodniy-korichneviy-uf3579', 'Купить Ламинат Quick Step Perspective Дуб природный коричневый UF3579', NULL, NULL, 1, '2020-11-22 20:59:13', '2020-11-22 20:59:13'),
(839, 'standartniy-plintus-quick-step-dub-prirodniy-korichneviy-qssk03579', 'Купить Стандартный плинтус Quick Step Дуб природный коричневый QSSK03579', NULL, NULL, 0, '2020-11-22 20:59:16', '2020-11-22 20:59:16'),
(840, 'laminat-quick-step-perspective-doska-duba-svetlo-serogo-starinnogo-uf1406', 'Купить Ламинат Quick Step Perspective Доска дуба светло-серого старинного UF1406', NULL, NULL, 1, '2020-11-22 20:59:22', '2020-11-22 20:59:22'),
(841, 'laminat-quick-step-perspective-doska-duba-serogo-starinnogo-uf1388', 'Купить Ламинат Quick Step Perspective Доска дуба серого старинного UF1388', NULL, NULL, 1, '2020-11-22 20:59:29', '2020-11-22 20:59:29'),
(842, 'laminat-quick-step-perspective-dub-prirodniy-naturalniy-uf3578', 'Купить Ламинат Quick Step Perspective Дуб природный натуральный UF3578', NULL, NULL, 1, '2020-11-22 20:59:34', '2020-11-22 20:59:34'),
(843, 'laminat-quick-step-perspective-doska-duba-belogo-svetlaya-uf1491', 'Купить Ламинат Quick Step Perspective Доска дуба белого светлая UF1491', NULL, NULL, 1, '2020-11-22 20:59:41', '2020-11-22 20:59:41'),
(844, 'standartniy-plintus-quick-step-doska-duba-belogo-svetlaya-qssk01491', 'Купить Стандартный плинтус Quick Step Доска дуба белого светлая QSSK01491', NULL, NULL, 0, '2020-11-22 20:59:44', '2020-11-22 20:59:44'),
(845, 'laminat-quick-step-perspective-doska-duba-belogo-medium-uf1492', 'Купить Ламинат Quick Step Perspective Доска дуба белого медиум UF1492', NULL, NULL, 1, '2020-11-22 20:59:52', '2020-11-22 20:59:52'),
(846, 'standartniy-plintus-quick-step-doska-duba-belogo-medium-qssk01492', 'Купить Стандартный плинтус Quick Step Доска дуба белого медиум QSSK01492', NULL, NULL, 0, '2020-11-22 20:59:55', '2020-11-22 20:59:55'),
(847, 'laminat-quick-step-perspective-doska-dubovaya-svetlaya-potertaya-uf1303', 'Купить Ламинат Quick Step Perspective Доска дубовая светлая потертая UF1303', NULL, NULL, 1, '2020-11-22 21:00:02', '2020-11-22 21:00:02'),
(848, 'standartniy-plintus-quick-step-doska-dubovaya-svetlaya-potertaya-qssk01303', 'Купить Стандартный плинтус Quick Step Доска дубовая светлая потертая QSSK01303', NULL, NULL, 0, '2020-11-22 21:00:05', '2020-11-22 21:00:05'),
(849, 'laminat-quick-step-perspective-doska-duba-belogo-zatemnennaya-uf1496', 'Купить Ламинат Quick Step Perspective Доска дуба белого затемненная UF1496', NULL, NULL, 1, '2020-11-22 21:00:13', '2020-11-22 21:00:13'),
(850, 'standartniy-plintus-quick-step-doska-duba-belogo-zatemnennaya-qssk01496', 'Купить Стандартный плинтус Quick Step Доска дуба белого затемненная QSSK01496', NULL, NULL, 0, '2020-11-22 21:00:16', '2020-11-22 21:00:16'),
(851, 'laminat-quick-step-perspective-dub-starinniy-seriy-uf3575', 'Купить Ламинат Quick Step Perspective Дуб старинный серый UF3575', NULL, NULL, 1, '2020-11-22 21:00:22', '2020-11-22 21:00:22'),
(852, 'standartniy-plintus-quick-step-dub-starinniy-seriy-qssk03575', 'Купить Стандартный плинтус Quick Step Дуб старинный серый QSSK03575', NULL, NULL, 0, '2020-11-22 21:00:25', '2020-11-22 21:00:25'),
(853, 'laminat-quick-step-perspective-doska-duba-matovaya-promaslennaya-uf312-2', 'Купить Ламинат Quick Step Perspective Доска дуба матовая промасленная UF312-2', NULL, NULL, 1, '2020-11-22 21:00:31', '2020-11-22 21:00:31'),
(854, 'standartniy-plintus-quick-step-doska-duba-matovaya-promaslennaya-qssk00312', 'Купить Стандартный плинтус Quick Step Доска дуба матовая промасленная QSSK00312', NULL, NULL, 0, '2020-11-22 21:00:34', '2020-11-22 21:00:34'),
(855, 'laminat-quick-step-perspective-doska-belogo-duba-lakirovannaya-uf915-2', 'Купить Ламинат Quick Step Perspective Доска белого дуба лакированная UF915-2', NULL, NULL, 1, '2020-11-22 21:00:40', '2020-11-22 21:00:40'),
(856, 'laminat-quick-step-perspective-venge-intensivniy-uf1300-2', 'Купить Ламинат Quick Step Perspective Венге интенсивный UF1300-2', NULL, NULL, 1, '2020-11-22 21:00:46', '2020-11-22 21:00:47'),
(857, 'laminat-quick-step-perspective-doska-dubovaya-svetlo-seraya-lakirovannaya-uf1304-2', 'Купить Ламинат Quick Step Perspective Доска дубовая светло-серая лакированная UF1304-2', NULL, NULL, 1, '2020-11-22 21:00:53', '2020-11-22 21:00:53'),
(858, 'standartniy-plintus-quick-step-doska-dubovaya-svetlo-seraya-lakirovannaya-qssk01304', 'Купить Стандартный плинтус Quick Step Доска дубовая светло-серая лакированная QSSK01304', NULL, NULL, 0, '2020-11-22 21:00:56', '2020-11-22 21:00:56'),
(859, 'laminat-quick-step-perspective-sosna-belaya-zatertaya-uf1235-2', 'Купить Ламинат Quick Step Perspective Сосна белая затертая UF1235-2', NULL, NULL, 1, '2020-11-22 21:01:08', '2020-11-22 21:01:08'),
(860, 'laminat-quick-step-perspective-dub-pochtenniy-naturalniy-promaslenniy-uf1157-2', 'Купить Ламинат Quick Step Perspective Дуб почтенный натуральный промасленный UF1157-2', NULL, NULL, 1, '2020-11-22 21:01:18', '2020-11-22 21:01:18'),
(861, 'standartniy-plintus-quick-step-dub-pochtenniy-naturalniy-promaslenniy-qssk01157', 'Купить Стандартный плинтус Quick Step Дуб почтенный натуральный промасленный QSSK01157', NULL, NULL, 0, '2020-11-22 21:01:20', '2020-11-22 21:01:20'),
(862, 'laminat-quick-step-perspective-dub-italyanskiy-svetlo-seriy-petchvork-uf3831p', 'Купить Ламинат Quick Step Perspective Дуб итальянский светло-серый пэтчворк UF3831P', NULL, NULL, 1, '2020-11-22 21:01:25', '2020-11-22 21:01:25'),
(863, 'laminat-quick-step-perspective-doska-merbau-uf996-2', 'Купить Ламинат Quick Step Perspective Доска мербау UF996-2', NULL, NULL, 1, '2020-11-22 21:01:32', '2020-11-22 21:01:33'),
(864, 'standartniy-plintus-quick-step-doska-merbau-qssk00996', 'Купить Стандартный плинтус Quick Step Доска мербау QSSK00996', NULL, NULL, 0, '2020-11-22 21:01:35', '2020-11-22 21:01:35'),
(865, 'laminat-quick-step-perspective-doska-orekhovaya-promaslennaya-uf1043-2', 'Купить Ламинат Quick Step Perspective Доска ореховая промасленная UF1043-2', NULL, NULL, 1, '2020-11-22 21:01:41', '2020-11-22 21:01:41'),
(866, 'laminat-quick-step-perspective-dub-italyanskiy-bezheviy-petchvork-uf3832p', 'Купить Ламинат Quick Step Perspective Дуб итальянский бежевый пэтчворк UF3832P', NULL, NULL, 1, '2020-11-22 21:01:49', '2020-11-22 21:01:49'),
(867, 'laminat-quick-step-perspective-doska-venge-uf1000-2', 'Купить Ламинат Quick Step Perspective Доска венге UF1000-2', NULL, NULL, 1, '2020-11-22 21:01:57', '2020-11-22 21:01:57'),
(868, 'vinil', 'Винил', NULL, NULL, 1, '2020-11-22 21:25:17', '2020-11-22 21:25:17'),
(869, 'vinil/ambient-click', 'Ambient Click', NULL, '<h1>Ambient Click</h1>', 1, '2020-11-22 22:45:43', '2020-11-22 22:45:43'),
(870, 'vinil/ambient-glue-plus', 'Ambient Glue Plus', NULL, '<h1>Ambient Glue Plus</h1>', 1, '2020-11-22 23:46:36', '2020-11-22 23:46:36'),
(871, 'vinil/ambient-rigid-click', 'Ambient Rigid Click', NULL, '<h1>Ambient Rigid Click</h1>', 1, '2020-11-23 18:16:20', '2020-11-23 18:16:20'),
(872, 'vinil/balance-click', 'Balance Click', NULL, '<h1>Balance Click</h1>', 1, '2020-11-24 12:18:59', '2020-11-24 12:18:59'),
(873, 'vinil/balance-click-plus', 'Balance Click Plus', NULL, '<h1>Balance Click Plus</h1>', 1, '2020-11-24 19:51:12', '2020-11-24 19:51:12'),
(874, 'vinil/balance-glue-plus', 'Balance Glue Plus', NULL, '<h1>Balance Glue Plus</h1>', 1, '2020-11-24 20:40:05', '2020-11-24 20:40:05'),
(875, 'vinil/balance-rigid-click', 'Balance Rigid Click', NULL, '<h1>Balance Rigid Click</h1>', 1, '2020-11-24 22:33:41', '2020-11-24 22:33:41'),
(876, 'vinil/pulse-click', 'Pulse Click', NULL, '<h1>Pulse Click<br></h1>', 1, '2020-11-24 22:47:03', '2020-11-24 22:47:03'),
(877, 'vinil/pulse-rigid-click', 'Pulse Rigid Click', NULL, '<h1>Pulse Rigid Click<br></h1>', 1, '2020-11-24 23:01:03', '2020-11-24 23:01:03'),
(878, 'pol', 'Пол', NULL, '<p><br></p>', 1, '2020-11-27 23:28:33', '2020-11-27 23:28:33');

-- --------------------------------------------------------

--
-- Структура таблицы `page_parameters`
--

CREATE TABLE `page_parameters` (
  `page_id` int(10) UNSIGNED NOT NULL,
  `parameterizable_id` int(10) UNSIGNED NOT NULL,
  `parameterizable_type` varchar(50) COLLATE utf8mb4_unicode_ci NOT NULL
) ENGINE=InnoDB DEFAULT CHARSET=utf8mb4 COLLATE=utf8mb4_unicode_ci;

-- --------------------------------------------------------

--
-- Структура таблицы `page_routes`
--

CREATE TABLE `page_routes` (
  `route_id` int(10) UNSIGNED NOT NULL,
  `page_id` int(10) UNSIGNED NOT NULL
) ENGINE=InnoDB DEFAULT CHARSET=utf8mb4 COLLATE=utf8mb4_unicode_ci;

--
-- Дамп данных таблицы `page_routes`
--

INSERT INTO `page_routes` (`route_id`, `page_id`) VALUES
(1, 33),
(1, 34),
(1, 35),
(1, 36),
(1, 37),
(1, 44),
(1, 611),
(1, 613),
(1, 614),
(1, 616),
(1, 618),
(1, 620),
(1, 622),
(1, 624),
(1, 626),
(1, 628),
(1, 630),
(1, 632),
(1, 634),
(1, 636),
(1, 638),
(1, 640),
(1, 642),
(1, 644),
(1, 646),
(1, 648),
(1, 650),
(1, 652),
(1, 654),
(1, 656),
(1, 658),
(1, 660),
(1, 662),
(1, 664),
(1, 666),
(1, 668),
(1, 670),
(1, 672),
(1, 674),
(1, 676),
(1, 678),
(1, 680),
(1, 682),
(1, 684),
(1, 686),
(1, 688),
(1, 690),
(1, 692),
(1, 694),
(1, 696),
(1, 698),
(1, 700),
(1, 702),
(1, 704),
(1, 706),
(1, 708),
(1, 710),
(1, 712),
(1, 714),
(1, 716),
(1, 718),
(1, 720),
(1, 722),
(1, 724),
(1, 726),
(1, 728),
(1, 729),
(1, 730),
(1, 732),
(1, 734),
(1, 736),
(1, 738),
(1, 740),
(1, 742),
(1, 743),
(1, 745),
(1, 747),
(1, 748),
(1, 750),
(1, 752),
(1, 754),
(1, 756),
(1, 758),
(1, 760),
(1, 762),
(1, 763),
(1, 765),
(1, 767),
(1, 769),
(1, 772),
(1, 774),
(1, 776),
(1, 778),
(1, 780),
(1, 782),
(1, 783),
(1, 785),
(1, 787),
(1, 789),
(1, 791),
(1, 793),
(1, 796),
(1, 797),
(1, 798),
(1, 799),
(1, 800),
(1, 801),
(1, 802),
(1, 803),
(1, 804),
(1, 805),
(1, 806),
(1, 807),
(1, 808),
(1, 809),
(1, 810),
(1, 811),
(1, 812),
(1, 813),
(1, 815),
(1, 817),
(1, 819),
(1, 821),
(1, 823),
(1, 825),
(1, 827),
(1, 829),
(1, 831),
(1, 833),
(1, 836),
(1, 837),
(1, 838),
(1, 840),
(1, 841),
(1, 842),
(1, 843),
(1, 845),
(1, 847),
(1, 849),
(1, 851),
(1, 853),
(1, 855),
(1, 856),
(1, 857),
(1, 859),
(1, 860),
(1, 862),
(1, 863),
(1, 865),
(1, 866),
(1, 867),
(2, 32),
(2, 487),
(2, 520),
(2, 531),
(2, 568),
(2, 577),
(2, 610),
(2, 771),
(2, 795),
(2, 814),
(2, 835),
(2, 869),
(2, 870),
(2, 871),
(2, 872),
(2, 873),
(2, 874),
(2, 875),
(2, 876),
(2, 877),
(3, 1),
(3, 868),
(3, 878),
(4, 25),
(4, 26),
(4, 27),
(4, 28),
(5, 17),
(6, 24),
(8, 491),
(8, 612),
(8, 615),
(8, 617),
(8, 619),
(8, 621),
(8, 623),
(8, 625),
(8, 627),
(8, 629),
(8, 631),
(8, 633),
(8, 635),
(8, 637),
(8, 639),
(8, 641),
(8, 643),
(8, 645),
(8, 647),
(8, 649),
(8, 651),
(8, 653),
(8, 655),
(8, 657),
(8, 659),
(8, 661),
(8, 663),
(8, 665),
(8, 667),
(8, 669),
(8, 671),
(8, 673),
(8, 675),
(8, 677),
(8, 679),
(8, 681),
(8, 683),
(8, 685),
(8, 687),
(8, 689),
(8, 691),
(8, 693),
(8, 695),
(8, 697),
(8, 699),
(8, 701),
(8, 703),
(8, 705),
(8, 707),
(8, 709),
(8, 711),
(8, 713),
(8, 715),
(8, 717),
(8, 719),
(8, 721),
(8, 723),
(8, 725),
(8, 727),
(8, 731),
(8, 733),
(8, 735),
(8, 737),
(8, 739),
(8, 741),
(8, 744),
(8, 746),
(8, 749),
(8, 751),
(8, 753),
(8, 755),
(8, 757),
(8, 759),
(8, 761),
(8, 764),
(8, 766),
(8, 768),
(8, 770),
(8, 773),
(8, 775),
(8, 777),
(8, 779),
(8, 781),
(8, 784),
(8, 786),
(8, 788),
(8, 790),
(8, 792),
(8, 794),
(8, 816),
(8, 818),
(8, 820),
(8, 822),
(8, 824),
(8, 826),
(8, 828),
(8, 830),
(8, 832),
(8, 834),
(8, 839),
(8, 844),
(8, 846),
(8, 848),
(8, 850),
(8, 852),
(8, 854),
(8, 858),
(8, 861),
(8, 864);

-- --------------------------------------------------------

--
-- Структура таблицы `page_routes_old`
--

CREATE TABLE `page_routes_old` (
  `route_id` int(10) UNSIGNED NOT NULL,
  `page_id` int(10) UNSIGNED NOT NULL
) ENGINE=InnoDB DEFAULT CHARSET=utf8mb4 COLLATE=utf8mb4_unicode_ci;

--
-- Дамп данных таблицы `page_routes_old`
--

INSERT INTO `page_routes_old` (`route_id`, `page_id`) VALUES
(1, 4),
(1, 5),
(1, 18),
(1, 19),
(1, 20),
(1, 21),
(1, 22),
(1, 23),
(1, 33),
(1, 34),
(1, 35),
(1, 37),
(1, 44),
(1, 46),
(1, 48),
(1, 51),
(1, 53),
(1, 55),
(1, 57),
(1, 59),
(1, 61),
(1, 63),
(1, 65),
(1, 67),
(1, 69),
(1, 73),
(1, 75),
(1, 77),
(1, 79),
(1, 81),
(1, 83),
(1, 85),
(1, 87),
(1, 89),
(1, 91),
(1, 93),
(1, 95),
(1, 97),
(1, 99),
(1, 102),
(1, 103),
(1, 105),
(1, 107),
(1, 110),
(1, 112),
(1, 114),
(1, 116),
(1, 118),
(1, 120),
(1, 123),
(1, 124),
(1, 126),
(1, 128),
(1, 130),
(1, 132),
(1, 134),
(1, 136),
(1, 137),
(1, 139),
(1, 140),
(1, 141),
(1, 142),
(1, 143),
(1, 145),
(1, 147),
(1, 149),
(1, 151),
(1, 153),
(1, 155),
(1, 156),
(1, 159),
(1, 162),
(1, 163),
(1, 165),
(1, 167),
(1, 169),
(1, 171),
(1, 173),
(1, 175),
(1, 177),
(1, 178),
(1, 182),
(1, 184),
(1, 186),
(1, 188),
(1, 190),
(1, 192),
(1, 194),
(1, 196),
(1, 198),
(1, 200),
(1, 202),
(1, 204),
(1, 206),
(1, 208),
(1, 210),
(1, 212),
(1, 213),
(1, 217),
(1, 219),
(1, 221),
(1, 223),
(1, 226),
(1, 228),
(1, 230),
(1, 232),
(1, 234),
(1, 238),
(1, 240),
(1, 242),
(1, 244),
(1, 246),
(1, 248),
(1, 250),
(1, 251),
(1, 253),
(1, 255),
(1, 257),
(1, 258),
(1, 260),
(1, 262),
(1, 264),
(1, 266),
(1, 268),
(1, 270),
(1, 272),
(1, 274),
(1, 276),
(1, 278),
(1, 279),
(1, 281),
(1, 283),
(1, 285),
(1, 287),
(1, 289),
(1, 291),
(1, 293),
(1, 295),
(1, 297),
(1, 299),
(1, 301),
(1, 303),
(1, 305),
(1, 307),
(1, 309),
(1, 311),
(1, 313),
(1, 315),
(1, 317),
(1, 319),
(1, 321),
(1, 323),
(1, 325),
(1, 327),
(1, 329),
(1, 331),
(1, 333),
(1, 335),
(1, 337),
(1, 339),
(1, 341),
(1, 343),
(1, 345),
(1, 347),
(1, 348),
(1, 349),
(1, 350),
(1, 351),
(1, 352),
(1, 354),
(1, 356),
(1, 358),
(1, 359),
(1, 360),
(1, 361),
(1, 362),
(1, 363),
(1, 364),
(1, 365),
(1, 366),
(1, 367),
(1, 369),
(1, 370),
(1, 371),
(1, 372),
(1, 374),
(1, 375),
(1, 377),
(1, 379),
(1, 381),
(1, 383),
(1, 385),
(1, 387),
(1, 389),
(1, 391),
(1, 393),
(1, 395),
(1, 397),
(1, 399),
(1, 401),
(1, 403),
(1, 404),
(1, 405),
(1, 406),
(1, 408),
(1, 410),
(1, 412),
(1, 414),
(1, 416),
(1, 418),
(1, 419),
(1, 421),
(1, 423),
(1, 424),
(1, 426),
(1, 428),
(1, 430),
(1, 432),
(1, 435),
(1, 437),
(1, 439),
(1, 441),
(1, 443),
(1, 444),
(1, 446),
(1, 448),
(1, 450),
(1, 452),
(1, 454),
(1, 456),
(1, 458),
(1, 460),
(1, 462),
(1, 464),
(1, 466),
(1, 468),
(1, 470),
(1, 472),
(1, 474),
(1, 475),
(1, 477),
(1, 479),
(1, 480),
(1, 482),
(1, 484),
(1, 485),
(2, 2),
(2, 6),
(2, 7),
(2, 8),
(2, 10),
(2, 11),
(2, 12),
(2, 13),
(2, 14),
(2, 15),
(2, 16),
(2, 29),
(2, 32),
(2, 36),
(3, 1),
(4, 25),
(4, 26),
(4, 27),
(4, 28),
(5, 17),
(6, 24),
(8, 31),
(8, 38),
(8, 39),
(8, 40),
(8, 41),
(8, 42),
(8, 43),
(8, 45),
(8, 47),
(8, 50),
(8, 52),
(8, 54),
(8, 56),
(8, 58),
(8, 60),
(8, 62),
(8, 64),
(8, 66),
(8, 68),
(8, 70),
(8, 74),
(8, 76),
(8, 78),
(8, 80),
(8, 82),
(8, 84),
(8, 86),
(8, 88),
(8, 90),
(8, 92),
(8, 94),
(8, 96),
(8, 98),
(8, 100),
(8, 101),
(8, 104),
(8, 106),
(8, 111),
(8, 115),
(8, 117),
(8, 119),
(8, 122),
(8, 125),
(8, 127),
(8, 129),
(8, 131),
(8, 144),
(8, 146),
(8, 148),
(8, 150),
(8, 152),
(8, 154),
(8, 161),
(8, 164),
(8, 166),
(8, 168),
(8, 170),
(8, 172),
(8, 174),
(8, 176),
(8, 179),
(8, 180),
(8, 181),
(8, 183),
(8, 185),
(8, 187),
(8, 189),
(8, 191),
(8, 193),
(8, 195),
(8, 197),
(8, 199),
(8, 201),
(8, 203),
(8, 205),
(8, 207),
(8, 209),
(8, 211),
(8, 214),
(8, 218),
(8, 220),
(8, 222),
(8, 225),
(8, 227),
(8, 229),
(8, 231),
(8, 233),
(8, 235),
(8, 239),
(8, 241),
(8, 243),
(8, 245),
(8, 247),
(8, 249),
(8, 252),
(8, 254),
(8, 256),
(8, 259),
(8, 261),
(8, 263),
(8, 265),
(8, 267),
(8, 269),
(8, 271),
(8, 273),
(8, 275),
(8, 277),
(8, 280),
(8, 282),
(8, 284),
(8, 286),
(8, 288),
(8, 290),
(8, 292),
(8, 294),
(8, 296),
(8, 298),
(8, 300),
(8, 302),
(8, 304),
(8, 306),
(8, 308),
(8, 310),
(8, 312),
(8, 314),
(8, 316),
(8, 318),
(8, 320),
(8, 322),
(8, 324),
(8, 326),
(8, 328),
(8, 330),
(8, 332),
(8, 334),
(8, 336),
(8, 338),
(8, 340),
(8, 342),
(8, 344),
(8, 346),
(8, 353),
(8, 355),
(8, 357),
(8, 368),
(8, 373),
(8, 376),
(8, 378),
(8, 380),
(8, 382),
(8, 384),
(8, 386),
(8, 388),
(8, 390),
(8, 392),
(8, 394),
(8, 396),
(8, 398),
(8, 400),
(8, 402),
(8, 407),
(8, 409),
(8, 411),
(8, 413),
(8, 415),
(8, 417),
(8, 420),
(8, 422),
(8, 425),
(8, 427),
(8, 429),
(8, 431),
(8, 433),
(8, 436),
(8, 438),
(8, 440),
(8, 442),
(8, 445),
(8, 447),
(8, 449),
(8, 451),
(8, 453),
(8, 455),
(8, 457),
(8, 459),
(8, 461),
(8, 463),
(8, 465),
(8, 467),
(8, 469),
(8, 471),
(8, 473),
(8, 476),
(8, 478),
(8, 481),
(8, 483),
(8, 486);

-- --------------------------------------------------------

--
-- Структура таблицы `page_views`
--

CREATE TABLE `page_views` (
  `page_id` int(10) UNSIGNED NOT NULL
) ENGINE=InnoDB DEFAULT CHARSET=utf8mb4 COLLATE=utf8mb4_unicode_ci;

--
-- Дамп данных таблицы `page_views`
--

INSERT INTO `page_views` (`page_id`) VALUES
(25),
(26),
(27),
(28);

-- --------------------------------------------------------

--
-- Структура таблицы `password_resets`
--

CREATE TABLE `password_resets` (
  `email` varchar(255) COLLATE utf8mb4_unicode_ci NOT NULL,
  `token` varchar(255) COLLATE utf8mb4_unicode_ci NOT NULL,
  `created_at` timestamp NULL DEFAULT NULL
) ENGINE=InnoDB DEFAULT CHARSET=utf8mb4 COLLATE=utf8mb4_unicode_ci;

-- --------------------------------------------------------

--
-- Структура таблицы `plinth_views`
--

CREATE TABLE `plinth_views` (
  `product_id` int(10) UNSIGNED NOT NULL,
  `page_id` int(10) UNSIGNED NOT NULL
) ENGINE=InnoDB DEFAULT CHARSET=utf8mb4 COLLATE=utf8mb4_unicode_ci;

--
-- Дамп данных таблицы `plinth_views`
--

INSERT INTO `plinth_views` (`product_id`, `page_id`) VALUES
(481, 491),
(483, 612),
(486, 615),
(488, 617),
(490, 619),
(492, 621),
(494, 623),
(496, 625),
(498, 627),
(500, 629),
(502, 631),
(504, 633),
(506, 635),
(508, 637),
(510, 639),
(512, 641),
(514, 643),
(516, 645),
(518, 647),
(520, 649),
(522, 651),
(524, 653),
(526, 655),
(528, 657),
(530, 659),
(532, 661),
(534, 663),
(536, 665),
(538, 667),
(540, 669),
(542, 671),
(544, 673),
(546, 675),
(548, 677),
(550, 679),
(552, 681),
(554, 683),
(556, 685),
(558, 687),
(560, 689),
(562, 691),
(564, 693),
(566, 695),
(568, 697),
(570, 699),
(572, 701),
(574, 703),
(576, 705),
(578, 707),
(580, 709),
(582, 711),
(584, 713),
(586, 715),
(588, 717),
(590, 719),
(592, 721),
(594, 723),
(596, 725),
(598, 727),
(602, 731),
(604, 733),
(606, 735),
(608, 737),
(610, 739),
(612, 741),
(615, 744),
(617, 746),
(620, 749),
(622, 751),
(624, 753),
(626, 755),
(628, 757),
(630, 759),
(632, 761),
(635, 764),
(637, 766),
(639, 768),
(641, 770),
(643, 773),
(645, 775),
(647, 777),
(649, 779),
(651, 781),
(654, 784),
(656, 786),
(658, 788),
(660, 790),
(662, 792),
(664, 794),
(684, 816),
(686, 818),
(688, 820),
(690, 822),
(692, 824),
(694, 826),
(696, 828),
(698, 830),
(700, 832),
(702, 834),
(706, 839),
(711, 844),
(713, 846),
(715, 848),
(717, 850),
(719, 852),
(721, 854),
(725, 858),
(728, 861),
(731, 864);

-- --------------------------------------------------------

--
-- Структура таблицы `prices`
--

CREATE TABLE `prices` (
  `product_id` int(10) UNSIGNED NOT NULL,
  `price_history_id` int(10) UNSIGNED NOT NULL
) ENGINE=InnoDB DEFAULT CHARSET=utf8mb4 COLLATE=utf8mb4_unicode_ci;

--
-- Дамп данных таблицы `prices`
--

INSERT INTO `prices` (`product_id`, `price_history_id`) VALUES
(12, 26),
(13, 27),
(14, 28),
(15, 29),
(23, 38),
(481, 497),
(482, 642),
(483, 643),
(484, 644),
(485, 645),
(486, 646),
(487, 647),
(488, 648),
(489, 649),
(490, 650),
(491, 651),
(492, 652),
(493, 653),
(494, 654),
(495, 655),
(496, 656),
(497, 657),
(498, 658),
(499, 659),
(500, 660),
(501, 661),
(502, 662),
(503, 663),
(504, 664),
(505, 665),
(506, 666),
(507, 667),
(508, 668),
(509, 669),
(510, 670),
(511, 671),
(512, 672),
(513, 673),
(514, 674),
(515, 675),
(516, 676),
(517, 677),
(518, 678),
(519, 679),
(520, 680),
(521, 681),
(522, 682),
(523, 683),
(524, 684),
(525, 685),
(526, 686),
(527, 687),
(528, 688),
(529, 689),
(530, 690),
(531, 691),
(532, 692),
(533, 693),
(534, 694),
(535, 695),
(536, 696),
(537, 697),
(538, 698),
(539, 699),
(540, 700),
(541, 701),
(542, 702),
(543, 703),
(544, 704),
(545, 705),
(546, 706),
(547, 707),
(548, 708),
(549, 709),
(550, 710),
(551, 711),
(552, 712),
(553, 713),
(554, 714),
(555, 715),
(556, 716),
(557, 717),
(558, 718),
(559, 719),
(560, 720),
(561, 721),
(562, 722),
(563, 723),
(564, 724),
(565, 725),
(566, 726),
(567, 727),
(568, 728),
(569, 729),
(570, 730),
(571, 731),
(572, 732),
(573, 733),
(574, 734),
(575, 735),
(576, 736),
(577, 737),
(578, 738),
(579, 739),
(580, 740),
(581, 741),
(582, 742),
(583, 743),
(584, 744),
(585, 745),
(586, 746),
(587, 747),
(588, 748),
(589, 749),
(590, 750),
(591, 751),
(592, 752),
(593, 753),
(594, 754),
(595, 755),
(596, 756),
(597, 757),
(598, 758),
(599, 759),
(600, 760),
(601, 761),
(602, 762),
(603, 763),
(604, 764),
(605, 765),
(606, 766),
(607, 767),
(608, 768),
(609, 769),
(610, 770),
(611, 771),
(612, 772),
(613, 773),
(614, 774),
(615, 775),
(616, 776),
(617, 777),
(618, 778),
(619, 779),
(620, 780),
(621, 781),
(622, 782),
(623, 783),
(624, 784),
(625, 785),
(626, 786),
(627, 787),
(628, 788),
(629, 789),
(630, 790),
(631, 791),
(632, 792),
(633, 793),
(634, 794),
(635, 795),
(636, 796),
(637, 797),
(638, 798),
(639, 799),
(640, 800),
(641, 801),
(642, 802),
(643, 803),
(644, 804),
(645, 805),
(646, 806),
(647, 807),
(648, 808),
(649, 809),
(650, 810),
(651, 811),
(652, 812),
(653, 813),
(654, 814),
(655, 815),
(656, 816),
(657, 817),
(658, 818),
(659, 819),
(660, 820),
(661, 821),
(662, 822),
(663, 823),
(664, 824),
(665, 825),
(666, 826),
(667, 827),
(668, 828),
(669, 829),
(670, 830),
(671, 831),
(672, 832),
(673, 833),
(674, 834),
(675, 835),
(676, 836),
(677, 837),
(678, 838),
(679, 839),
(680, 840),
(681, 841),
(682, 842),
(683, 843),
(684, 844),
(685, 845),
(686, 846),
(687, 847),
(688, 848),
(689, 849),
(690, 850),
(691, 851),
(692, 852),
(693, 853),
(694, 854),
(695, 855),
(696, 856),
(697, 857),
(698, 858),
(699, 859),
(700, 860),
(701, 861),
(702, 862),
(703, 863),
(704, 864),
(705, 865),
(706, 866),
(707, 867),
(708, 868),
(709, 869),
(710, 870),
(711, 871),
(712, 872),
(713, 873),
(714, 874),
(715, 875),
(716, 876),
(717, 877),
(718, 878),
(719, 879),
(720, 880),
(721, 881),
(722, 882),
(723, 883),
(724, 884),
(725, 885),
(726, 886),
(727, 887),
(728, 888),
(729, 889),
(730, 890),
(731, 891),
(732, 892),
(733, 893),
(734, 894);

-- --------------------------------------------------------

--
-- Структура таблицы `price_histories`
--

CREATE TABLE `price_histories` (
  `id` int(10) UNSIGNED NOT NULL,
  `product_id` int(10) UNSIGNED NOT NULL,
  `price` int(11) NOT NULL,
  `actual_on` timestamp NOT NULL DEFAULT current_timestamp() ON UPDATE current_timestamp()
) ENGINE=InnoDB DEFAULT CHARSET=utf8mb4 COLLATE=utf8mb4_unicode_ci;

--
-- Дамп данных таблицы `price_histories`
--

INSERT INTO `price_histories` (`id`, `product_id`, `price`, `actual_on`) VALUES
(26, 12, 110000, '2020-09-28 09:05:19'),
(27, 13, 132000, '2020-09-28 09:37:35'),
(28, 14, 165000, '2020-09-28 09:45:02'),
(29, 15, 42000, '2020-09-28 20:41:46'),
(38, 23, 130000, '2020-10-16 12:08:15'),
(497, 481, 45000, '2020-11-10 21:57:22'),
(642, 482, 378880, '2020-11-19 22:24:04'),
(643, 483, 45000, '2020-11-19 22:24:07'),
(644, 484, 378880, '2020-11-19 22:24:11'),
(645, 485, 378880, '2020-11-19 22:24:16'),
(646, 486, 45000, '2020-11-19 22:24:19'),
(647, 487, 378880, '2020-11-19 22:24:33'),
(648, 488, 45000, '2020-11-19 22:24:36'),
(649, 489, 378880, '2020-11-19 22:24:39'),
(650, 490, 45000, '2020-11-19 22:24:42'),
(651, 491, 378880, '2020-11-19 22:24:49'),
(652, 492, 45000, '2020-11-19 22:24:53'),
(653, 493, 378880, '2020-11-19 22:25:04'),
(654, 494, 45000, '2020-11-19 22:25:08'),
(655, 495, 378880, '2020-11-19 22:25:13'),
(656, 496, 45000, '2020-11-19 22:25:16'),
(657, 497, 378880, '2020-11-19 22:25:23'),
(658, 498, 45000, '2020-11-19 22:25:27'),
(659, 499, 378880, '2020-11-19 22:25:32'),
(660, 500, 45000, '2020-11-19 22:25:35'),
(661, 501, 378880, '2020-11-19 22:25:45'),
(662, 502, 45000, '2020-11-19 22:25:48'),
(663, 503, 378880, '2020-11-19 22:25:55'),
(664, 504, 45000, '2020-11-19 22:25:58'),
(665, 505, 378880, '2020-11-19 22:26:12'),
(666, 506, 45000, '2020-11-19 22:26:16'),
(667, 507, 378880, '2020-11-19 22:26:26'),
(668, 508, 45000, '2020-11-19 22:26:30'),
(669, 509, 378880, '2020-11-19 22:26:40'),
(670, 510, 45000, '2020-11-19 22:26:44'),
(671, 511, 378880, '2020-11-19 22:27:04'),
(672, 512, 45000, '2020-11-19 22:27:08'),
(673, 513, 272794, '2020-11-19 22:45:00'),
(674, 514, 45000, '2020-11-19 22:45:04'),
(675, 515, 272794, '2020-11-19 22:45:16'),
(676, 516, 45000, '2020-11-19 22:45:19'),
(677, 517, 272794, '2020-11-19 22:45:30'),
(678, 518, 45000, '2020-11-19 22:45:34'),
(679, 519, 272794, '2020-11-19 22:45:44'),
(680, 520, 45000, '2020-11-19 22:45:47'),
(681, 521, 272794, '2020-11-19 22:45:56'),
(682, 522, 45000, '2020-11-19 22:46:00'),
(683, 523, 159600, '2020-11-19 23:01:17'),
(684, 524, 45000, '2020-11-19 23:01:20'),
(685, 525, 159600, '2020-11-19 23:01:26'),
(686, 526, 45000, '2020-11-19 23:01:30'),
(687, 527, 159600, '2020-11-19 23:01:35'),
(688, 528, 45000, '2020-11-19 23:01:39'),
(689, 529, 159600, '2020-11-19 23:01:46'),
(690, 530, 45000, '2020-11-19 23:01:50'),
(691, 531, 159600, '2020-11-19 23:02:05'),
(692, 532, 45000, '2020-11-19 23:02:09'),
(693, 533, 159600, '2020-11-19 23:02:14'),
(694, 534, 45000, '2020-11-19 23:02:17'),
(695, 535, 159600, '2020-11-19 23:02:21'),
(696, 536, 45000, '2020-11-19 23:02:24'),
(697, 537, 159600, '2020-11-19 23:02:28'),
(698, 538, 45000, '2020-11-19 23:02:31'),
(699, 539, 159600, '2020-11-19 23:02:36'),
(700, 540, 45000, '2020-11-19 23:02:51'),
(701, 541, 159600, '2020-11-19 23:02:57'),
(702, 542, 45000, '2020-11-19 23:03:00'),
(703, 543, 159600, '2020-11-19 23:03:06'),
(704, 544, 45000, '2020-11-19 23:03:09'),
(705, 545, 159600, '2020-11-19 23:03:14'),
(706, 546, 45000, '2020-11-19 23:03:18'),
(707, 547, 159600, '2020-11-19 23:03:23'),
(708, 548, 45000, '2020-11-19 23:03:26'),
(709, 549, 159600, '2020-11-19 23:03:30'),
(710, 550, 45000, '2020-11-19 23:03:34'),
(711, 551, 159600, '2020-11-19 23:03:40'),
(712, 552, 45000, '2020-11-19 23:03:43'),
(713, 553, 159600, '2020-11-19 23:03:48'),
(714, 554, 45000, '2020-11-19 23:03:53'),
(715, 555, 159600, '2020-11-20 23:14:53'),
(716, 556, 45000, '2020-11-20 23:14:57'),
(717, 557, 159600, '2020-11-20 23:15:02'),
(718, 558, 45000, '2020-11-20 23:15:06'),
(719, 559, 216111, '2020-11-21 13:05:14'),
(720, 560, 45000, '2020-11-21 13:05:18'),
(721, 561, 216111, '2020-11-21 13:05:24'),
(722, 562, 45000, '2020-11-21 13:05:28'),
(723, 563, 216111, '2020-11-21 13:05:33'),
(724, 564, 45000, '2020-11-21 13:05:37'),
(725, 565, 216111, '2020-11-21 13:05:43'),
(726, 566, 45000, '2020-11-21 13:05:46'),
(727, 567, 188559, '2020-11-21 18:46:39'),
(728, 568, 45000, '2020-11-21 18:46:43'),
(729, 569, 188559, '2020-11-21 18:46:49'),
(730, 570, 45000, '2020-11-21 18:46:53'),
(731, 571, 188559, '2020-11-21 18:46:58'),
(732, 572, 45000, '2020-11-21 18:47:01'),
(733, 573, 188559, '2020-11-21 18:47:07'),
(734, 574, 45000, '2020-11-21 18:47:10'),
(735, 575, 188559, '2020-11-21 18:47:16'),
(736, 576, 45000, '2020-11-21 18:47:19'),
(737, 577, 188559, '2020-11-21 18:47:25'),
(738, 578, 45000, '2020-11-21 18:47:28'),
(739, 579, 188559, '2020-11-21 18:47:34'),
(740, 580, 45000, '2020-11-21 18:47:37'),
(741, 581, 188559, '2020-11-21 18:47:43'),
(742, 582, 45000, '2020-11-21 18:47:46'),
(743, 583, 188559, '2020-11-21 18:47:51'),
(744, 584, 45000, '2020-11-21 18:47:55'),
(745, 585, 188559, '2020-11-21 18:48:00'),
(746, 586, 45000, '2020-11-21 18:48:03'),
(747, 587, 188559, '2020-11-21 18:48:10'),
(748, 588, 45000, '2020-11-21 18:48:14'),
(749, 589, 188559, '2020-11-21 18:48:21'),
(750, 590, 45000, '2020-11-21 18:48:25'),
(751, 591, 188559, '2020-11-21 18:48:31'),
(752, 592, 45000, '2020-11-21 18:48:34'),
(753, 593, 188559, '2020-11-21 18:48:39'),
(754, 594, 45000, '2020-11-21 18:48:43'),
(755, 595, 188559, '2020-11-21 18:48:49'),
(756, 596, 45000, '2020-11-21 18:48:52'),
(757, 597, 188559, '2020-11-21 18:48:58'),
(758, 598, 45000, '2020-11-21 18:49:01'),
(759, 599, 188559, '2020-11-21 18:49:06'),
(760, 600, 188559, '2020-11-21 18:49:13'),
(761, 601, 253230, '2020-11-21 20:45:10'),
(762, 602, 45000, '2020-11-21 20:45:13'),
(763, 603, 253230, '2020-11-21 20:45:20'),
(764, 604, 45000, '2020-11-21 20:45:23'),
(765, 605, 253230, '2020-11-21 20:45:29'),
(766, 606, 45000, '2020-11-21 20:45:32'),
(767, 607, 253230, '2020-11-21 20:45:37'),
(768, 608, 45000, '2020-11-21 20:45:40'),
(769, 609, 253230, '2020-11-21 20:45:46'),
(770, 610, 45000, '2020-11-21 20:45:49'),
(771, 611, 253230, '2020-11-21 20:45:55'),
(772, 612, 45000, '2020-11-21 20:45:59'),
(773, 613, 253230, '2020-11-21 20:46:05'),
(774, 614, 253230, '2020-11-21 20:46:12'),
(775, 615, 45000, '2020-11-21 20:46:16'),
(776, 616, 253230, '2020-11-21 20:46:21'),
(777, 617, 45000, '2020-11-21 20:46:24'),
(778, 618, 253230, '2020-11-21 20:46:32'),
(779, 619, 253230, '2020-11-21 20:46:40'),
(780, 620, 45000, '2020-11-21 20:46:44'),
(781, 621, 253230, '2020-11-21 20:46:49'),
(782, 622, 45000, '2020-11-21 20:46:52'),
(783, 623, 253230, '2020-11-21 20:47:17'),
(784, 624, 45000, '2020-11-21 20:47:21'),
(785, 625, 253230, '2020-11-21 20:47:27'),
(786, 626, 45000, '2020-11-21 20:47:31'),
(787, 627, 253230, '2020-11-21 20:47:37'),
(788, 628, 45000, '2020-11-21 20:47:41'),
(789, 629, 253230, '2020-11-21 20:47:45'),
(790, 630, 45000, '2020-11-21 20:47:49'),
(791, 631, 253230, '2020-11-21 20:47:55'),
(792, 632, 45000, '2020-11-21 20:47:58'),
(793, 633, 253230, '2020-11-21 20:48:06'),
(794, 634, 253230, '2020-11-21 20:48:14'),
(795, 635, 45000, '2020-11-21 20:48:18'),
(796, 636, 253230, '2020-11-21 20:48:27'),
(797, 637, 45000, '2020-11-21 20:48:32'),
(798, 638, 253230, '2020-11-21 20:48:40'),
(799, 639, 45000, '2020-11-21 20:48:44'),
(800, 640, 253230, '2020-11-21 20:48:50'),
(801, 641, 45000, '2020-11-21 20:48:53'),
(802, 642, 284200, '2020-11-21 22:39:25'),
(803, 643, 45000, '2020-11-21 22:39:29'),
(804, 644, 284200, '2020-11-21 22:39:35'),
(805, 645, 45000, '2020-11-21 22:39:38'),
(806, 646, 284200, '2020-11-21 22:39:46'),
(807, 647, 45000, '2020-11-21 22:39:49'),
(808, 648, 284200, '2020-11-21 22:39:57'),
(809, 649, 45000, '2020-11-21 22:40:00'),
(810, 650, 284200, '2020-11-21 22:40:06'),
(811, 651, 45000, '2020-11-21 22:40:09'),
(812, 652, 284200, '2020-11-21 22:40:14'),
(813, 653, 284200, '2020-11-21 22:40:41'),
(814, 654, 45000, '2020-11-21 22:41:36'),
(815, 655, 284200, '2020-11-21 22:41:43'),
(816, 656, 45000, '2020-11-21 22:41:46'),
(817, 657, 284200, '2020-11-21 22:41:51'),
(818, 658, 45000, '2020-11-21 22:41:54'),
(819, 659, 284200, '2020-11-21 22:42:01'),
(820, 660, 45000, '2020-11-21 22:42:04'),
(821, 661, 284200, '2020-11-21 22:42:09'),
(822, 662, 45000, '2020-11-21 22:42:12'),
(823, 663, 284200, '2020-11-21 22:42:18'),
(824, 664, 45000, '2020-11-21 22:42:28'),
(825, 665, 222215, '2020-11-21 23:11:36'),
(826, 666, 222215, '2020-11-21 23:11:45'),
(827, 667, 222215, '2020-11-21 23:11:51'),
(828, 668, 222215, '2020-11-21 23:11:59'),
(829, 669, 222215, '2020-11-21 23:12:05'),
(830, 670, 222215, '2020-11-21 23:12:14'),
(831, 671, 222215, '2020-11-21 23:12:26'),
(832, 672, 222215, '2020-11-21 23:12:34'),
(833, 673, 222215, '2020-11-21 23:12:42'),
(834, 674, 222215, '2020-11-21 23:12:48'),
(835, 675, 222215, '2020-11-21 23:13:15'),
(836, 676, 222215, '2020-11-21 23:23:41'),
(837, 677, 222215, '2020-11-21 23:23:57'),
(838, 678, 222215, '2020-11-21 23:24:03'),
(839, 679, 222215, '2020-11-21 23:24:11'),
(840, 680, 222215, '2020-11-21 23:24:18'),
(841, 681, 222215, '2020-11-21 23:24:25'),
(842, 682, 222215, '2020-11-21 23:24:32'),
(843, 683, 677484, '2020-11-22 12:34:36'),
(844, 684, 45000, '2020-11-22 12:34:39'),
(845, 685, 677484, '2020-11-22 12:34:49'),
(846, 686, 45000, '2020-11-22 12:34:52'),
(847, 687, 677484, '2020-11-22 12:34:59'),
(848, 688, 45000, '2020-11-22 12:35:02'),
(849, 689, 677484, '2020-11-22 12:35:06'),
(850, 690, 45000, '2020-11-22 12:35:09'),
(851, 691, 677484, '2020-11-22 12:35:15'),
(852, 692, 45000, '2020-11-22 12:35:18'),
(853, 693, 677484, '2020-11-22 12:35:25'),
(854, 694, 45000, '2020-11-22 12:35:29'),
(855, 695, 677484, '2020-11-22 12:35:34'),
(856, 696, 45000, '2020-11-22 12:35:38'),
(857, 697, 677484, '2020-11-22 12:35:44'),
(858, 698, 45000, '2020-11-22 12:35:47'),
(859, 699, 677484, '2020-11-22 12:35:52'),
(860, 700, 45000, '2020-11-22 12:35:56'),
(861, 701, 677484, '2020-11-22 12:36:05'),
(862, 702, 45000, '2020-11-22 12:36:09'),
(863, 703, 194403, '2020-11-22 20:58:56'),
(864, 704, 194403, '2020-11-22 20:59:04'),
(865, 705, 194403, '2020-11-22 20:59:12'),
(866, 706, 45000, '2020-11-22 20:59:15'),
(867, 707, 194403, '2020-11-22 20:59:21'),
(868, 708, 194403, '2020-11-22 20:59:28'),
(869, 709, 194403, '2020-11-22 20:59:33'),
(870, 710, 194403, '2020-11-22 20:59:40'),
(871, 711, 45000, '2020-11-22 20:59:43'),
(872, 712, 194403, '2020-11-22 20:59:51'),
(873, 713, 45000, '2020-11-22 20:59:54'),
(874, 714, 194403, '2020-11-22 21:00:00'),
(875, 715, 45000, '2020-11-22 21:00:05'),
(876, 716, 194403, '2020-11-22 21:00:12'),
(877, 717, 45000, '2020-11-22 21:00:16'),
(878, 718, 194403, '2020-11-22 21:00:21'),
(879, 719, 45000, '2020-11-22 21:00:24'),
(880, 720, 194403, '2020-11-22 21:00:30'),
(881, 721, 45000, '2020-11-22 21:00:34'),
(882, 722, 194403, '2020-11-22 21:00:39'),
(883, 723, 194403, '2020-11-22 21:00:46'),
(884, 724, 194403, '2020-11-22 21:00:52'),
(885, 725, 45000, '2020-11-22 21:00:56'),
(886, 726, 194403, '2020-11-22 21:01:08'),
(887, 727, 194403, '2020-11-22 21:01:17'),
(888, 728, 45000, '2020-11-22 21:01:20'),
(889, 729, 194403, '2020-11-22 21:01:25'),
(890, 730, 194403, '2020-11-22 21:01:31'),
(891, 731, 45000, '2020-11-22 21:01:35'),
(892, 732, 194403, '2020-11-22 21:01:40'),
(893, 733, 194403, '2020-11-22 21:01:48'),
(894, 734, 194403, '2020-11-22 21:01:55');

-- --------------------------------------------------------

--
-- Структура таблицы `products`
--

CREATE TABLE `products` (
  `id` int(10) UNSIGNED NOT NULL,
  `name` varchar(255) COLLATE utf8mb4_unicode_ci NOT NULL,
  `vendor_code` varchar(255) COLLATE utf8mb4_unicode_ci NOT NULL,
  `unit_id` int(10) UNSIGNED NOT NULL,
  `category_id` int(10) UNSIGNED NOT NULL,
  `created_at` timestamp NULL DEFAULT NULL,
  `updated_at` timestamp NULL DEFAULT NULL
) ENGINE=InnoDB DEFAULT CHARSET=utf8mb4 COLLATE=utf8mb4_unicode_ci;

--
-- Дамп данных таблицы `products`
--

INSERT INTO `products` (`id`, `name`, `vendor_code`, `unit_id`, `category_id`, `created_at`, `updated_at`) VALUES
(12, 'Подложка Profitex, 3 мм (10 м кв) рул', '0000010', 1, 17, '2020-09-28 09:05:19', '2020-09-28 09:05:19'),
(13, 'Подложка Quick Step, 3 мм (15 м кв) рул', '000011', 1, 17, '2020-09-28 09:37:34', '2020-09-28 09:37:34'),
(14, 'Подложка Tuplex, 3 мм (10 м кв) рул', '000012', 1, 17, '2020-09-28 09:45:02', '2020-09-28 09:45:02'),
(15, 'Герметик для бесклеевых ламинатов Click Guard', '000013', 1, 18, '2020-09-28 20:41:46', '2020-09-28 20:41:46'),
(23, 'Подложка пробковая, 2 мм (10 м кв) рул ', '000020', 1, 17, '2020-10-16 12:08:15', '2020-10-16 12:08:15'),
(481, 'Ламинированный плинтус Quick Step', '000023', 5, 16, '2020-11-10 21:57:22', '2020-11-10 21:57:22'),
(482, 'Ламинат Quick Step Signature Дуб теплый натуральный брашированный SIG4762', '000024', 1, 19, '2020-11-19 22:24:04', '2020-11-19 22:24:04'),
(483, 'Стандартный плинтус Quick Step Дуб теплый натуральный брашированный QSSK04762', '000025', 5, 16, '2020-11-19 22:24:07', '2020-11-19 22:24:07'),
(484, 'Ламинат Quick Step Signature Дуб светлый лакированный SIG4759', '000026', 1, 19, '2020-11-19 22:24:10', '2020-11-19 22:24:10'),
(485, 'Ламинат Quick Step Signature Дуб белый премиум SIG4757', '000027', 1, 19, '2020-11-19 22:24:15', '2020-11-19 22:24:15'),
(486, 'Стандартный плинтус Quick Step Дуб белый премиум QSSK04757', '000028', 5, 16, '2020-11-19 22:24:19', '2020-11-19 22:24:19'),
(487, 'Ламинат Quick Step Signature Дуб бежевый брашированный SIG4764', '000029', 1, 19, '2020-11-19 22:24:33', '2020-11-19 22:24:33'),
(488, 'Стандартный плинтус Quick Step Дуб бежевый брашированный QSSK04764', '000030', 5, 16, '2020-11-19 22:24:36', '2020-11-19 22:24:36'),
(489, 'Ламинат Quick Step Signature Дуб бежевый лакированный SIG4750', '000031', 1, 19, '2020-11-19 22:24:39', '2020-11-19 22:24:39'),
(490, 'Стандартный плинтус Quick Step Дуб бежевый лакированный QSSK04750', '000032', 5, 16, '2020-11-19 22:24:42', '2020-11-19 22:24:42'),
(491, 'Ламинат Quick Step Signature Дуб натуральный брашированный SIG4763', '000033', 1, 19, '2020-11-19 22:24:49', '2020-11-19 22:24:49'),
(492, 'Стандартный плинтус Quick Step Дуб натуральный брашированный QSSK04763', '000034', 5, 16, '2020-11-19 22:24:53', '2020-11-19 22:24:53'),
(493, 'Ламинат Quick Step Signature Дуб светлый патина SIG4748', '000035', 1, 19, '2020-11-19 22:25:04', '2020-11-19 22:25:04'),
(494, 'Стандартный плинтус Quick Step Дуб светлый патина QSSK04748', '000036', 5, 16, '2020-11-19 22:25:07', '2020-11-19 22:25:07'),
(495, 'Ламинат Quick Step Signature Орех коричневый SIG4761', '000037', 1, 19, '2020-11-19 22:25:12', '2020-11-19 22:25:12'),
(496, 'Стандартный плинтус Quick Step Орех коричневый QSSK04761', '000038', 5, 16, '2020-11-19 22:25:16', '2020-11-19 22:25:16'),
(497, 'Ламинат Quick Step Signature Дуб серый патина SIG4752', '000039', 1, 19, '2020-11-19 22:25:23', '2020-11-19 22:25:23'),
(498, 'Стандартный плинтус Quick Step Дуб серый патина QSSK04752', '000040', 5, 16, '2020-11-19 22:25:27', '2020-11-19 22:25:27'),
(499, 'Ламинат Quick Step Signature Дуб серый брашированный SIG4765', '000041', 1, 19, '2020-11-19 22:25:32', '2020-11-19 22:25:32'),
(500, 'Стандартный плинтус Quick Step Дуб серый брашированный QSSK04765', '000042', 5, 16, '2020-11-19 22:25:35', '2020-11-19 22:25:35'),
(501, 'Ламинат Quick Step Signature Дуб коричневый патина SIG4751', '000043', 1, 19, '2020-11-19 22:25:45', '2020-11-19 22:25:45'),
(502, 'Стандартный плинтус Quick Step Дуб коричневый патина QSSK04751', '000044', 5, 16, '2020-11-19 22:25:48', '2020-11-19 22:25:48'),
(503, 'Ламинат Quick Step Signature Дуб потертый натуральный SIG4767', '000045', 1, 19, '2020-11-19 22:25:55', '2020-11-19 22:25:55'),
(504, 'Стандартный плинтус Quick Step Дуб потертый натуральный QSSK04767', '000046', 5, 16, '2020-11-19 22:25:58', '2020-11-19 22:25:58'),
(505, 'Ламинат Quick Step Signature Дуб белый крашеный SIG4753', '000047', 1, 19, '2020-11-19 22:26:12', '2020-11-19 22:26:12'),
(506, 'Стандартный плинтус Quick Step Дуб белый крашеный QSSK04753', '000048', 5, 16, '2020-11-19 22:26:16', '2020-11-19 22:26:16'),
(507, 'Ламинат Quick Step Signature Дуб коричневый брашированный SIG4766', '000049', 1, 19, '2020-11-19 22:26:26', '2020-11-19 22:26:26'),
(508, 'Стандартный плинтус Quick Step Дуб коричневый брашированный QSSK04766', '000050', 5, 16, '2020-11-19 22:26:30', '2020-11-19 22:26:30'),
(509, 'Ламинат Quick Step Signature Дуб коричневый вощеный SIG4756', '000051', 1, 19, '2020-11-19 22:26:39', '2020-11-19 22:26:39'),
(510, 'Стандартный плинтус Quick Step Дуб коричневый вощеный QSSK04756', '000052', 5, 16, '2020-11-19 22:26:44', '2020-11-19 22:26:44'),
(511, 'Ламинат Quick Step Signature Дуб розовый крашеный SIG4754', '000053', 1, 19, '2020-11-19 22:27:04', '2020-11-19 22:27:04'),
(512, 'Стандартный плинтус Quick Step Дуб розовый крашеный QSSK04754', '000054', 5, 16, '2020-11-19 22:27:07', '2020-11-19 22:27:07'),
(513, 'Ламинат Quick Step Castle Дуб капучино CA4160', '000055', 1, 20, '2020-11-19 22:45:00', '2020-11-19 22:45:00'),
(514, 'Стандартный плинтус Quick Step Дуб капучино QSSK04160', '000056', 5, 16, '2020-11-19 22:45:04', '2020-11-19 22:45:04'),
(515, 'Ламинат Quick Step Castle Дуб пепельный CA4159', '000057', 1, 20, '2020-11-19 22:45:16', '2020-11-19 22:45:16'),
(516, 'Стандартный плинтус Quick Step Дуб пепельный QSSK04159', '000058', 5, 16, '2020-11-19 22:45:19', '2020-11-19 22:45:19'),
(517, 'Ламинат Quick Step Castle Дуб горчичный CA4162', '000059', 1, 20, '2020-11-19 22:45:30', '2020-11-19 22:45:30'),
(518, 'Стандартный плинтус Quick Step Дуб горчичный QSSK04162', '000060', 5, 16, '2020-11-19 22:45:34', '2020-11-19 22:45:34'),
(519, 'Ламинат Quick Step Castle Дуб английский натуральный CA4161', '000061', 1, 20, '2020-11-19 22:45:44', '2020-11-19 22:45:44'),
(520, 'Стандартный плинтус Quick Step Дуб английский натуральный QSSK04161', '000062', 5, 16, '2020-11-19 22:45:47', '2020-11-19 22:45:47'),
(521, 'Ламинат Quick Step Castle Дуб светло-серый патина CA4158', '000063', 1, 20, '2020-11-19 22:45:56', '2020-11-19 22:45:56'),
(522, 'Стандартный плинтус Quick Step Дуб светло-серый патина QSSK04158', '000064', 5, 16, '2020-11-19 22:46:00', '2020-11-19 22:46:00'),
(523, 'Ламинат Quick Step Classic Кубинский дуб CLM1655', '000065', 1, 21, '2020-11-19 23:01:17', '2020-11-19 23:01:17'),
(524, 'Стандартный плинтус Quick Step Кубинский дуб QSSK01655', '000066', 5, 16, '2020-11-19 23:01:20', '2020-11-19 23:01:20'),
(525, 'Ламинат Quick Step Classic Лунный дуб CLM1658', '000067', 1, 21, '2020-11-19 23:01:26', '2020-11-19 23:01:26'),
(526, 'Стандартный плинтус Quick Step Лунный дуб QSSK01658', '000068', 5, 16, '2020-11-19 23:01:30', '2020-11-19 23:01:30'),
(527, 'Ламинат Quick Step Classic Доска дуба серого старинного CLM1382', '000069', 1, 21, '2020-11-19 23:01:35', '2020-11-19 23:01:35'),
(528, 'Стандартный плинтус Quick Step Доска дуба серого старинного QSSK01382', '000070', 5, 16, '2020-11-19 23:01:39', '2020-11-19 23:01:39'),
(529, 'Ламинат Quick Step Classic Доска дуба светло-серого старинного CLM1405', '000071', 1, 21, '2020-11-19 23:01:46', '2020-11-19 23:01:46'),
(530, 'Стандартный плинтус Quick Step Доска дуба светло-серого старинного QSSK01405', '000072', 5, 16, '2020-11-19 23:01:50', '2020-11-19 23:01:50'),
(531, 'Ламинат Quick Step Classic Дуб старинный темный CLM1383', '000073', 1, 21, '2020-11-19 23:02:05', '2020-11-19 23:02:05'),
(532, 'Стандартный плинтус Quick Step Дуб старинный темный QSSK01383', '000074', 5, 16, '2020-11-19 23:02:09', '2020-11-19 23:02:09'),
(533, 'Ламинат Quick Step Classic Доска дуба натурального старинного CLM1381', '000075', 1, 21, '2020-11-19 23:02:14', '2020-11-19 23:02:14'),
(534, 'Стандартный плинтус Quick Step Дуб старинный натуральный QSSK01381', '000076', 5, 16, '2020-11-19 23:02:17', '2020-11-19 23:02:17'),
(535, 'Ламинат Quick Step Classic Дуб бежевый премиум CLV4093', '000077', 1, 21, '2020-11-19 23:02:21', '2020-11-19 23:02:21'),
(536, 'Стандартный плинтус Quick Step Дуб бежевый премиум QSSK04093', '000078', 5, 16, '2020-11-19 23:02:24', '2020-11-19 23:02:24'),
(537, 'Ламинат Quick Step Classic Дуб теплый натуральный премиум CLV4095', '000079', 1, 21, '2020-11-19 23:02:28', '2020-11-19 23:02:28'),
(538, 'Стандартный плинтус Quick Step Дуб теплый натуральный премиум QSSK04095', '000080', 5, 16, '2020-11-19 23:02:31', '2020-11-19 23:02:31'),
(539, 'Ламинат Quick Step Classic Дуб натуральный рустикальный CLV4085', '000081', 1, 21, '2020-11-19 23:02:36', '2020-11-19 23:02:36'),
(540, 'Стандартный плинтус Quick Step Дуб натуральный рустикальный QSSK04085', '000082', 5, 16, '2020-11-19 23:02:51', '2020-11-19 23:02:51'),
(541, 'Ламинат Quick Step Classic Дуб белый отбеленный CL4087', '000083', 1, 21, '2020-11-19 23:02:57', '2020-11-19 23:02:57'),
(542, 'Стандартный плинтус Quick Step Дуб белый отбеленный QSSK04087', '000084', 5, 16, '2020-11-19 23:03:00', '2020-11-19 23:03:00'),
(543, 'Ламинат Quick Step Classic Дуб светлый натуральный премиум CLV4094', '000085', 1, 21, '2020-11-19 23:03:06', '2020-11-19 23:03:06'),
(544, 'Стандартный плинтус Quick Step Дуб белый промасленный QSSK01538', '000086', 5, 16, '2020-11-19 23:03:09', '2020-11-19 23:03:09'),
(545, 'Ламинат Quick Step Classic Дуб бежевый отбеленный CL4088', '000087', 1, 21, '2020-11-19 23:03:14', '2020-11-19 23:03:14'),
(546, 'Стандартный плинтус Quick Step Дуб бежевый отбеленный QSSK04088', '000088', 5, 16, '2020-11-19 23:03:18', '2020-11-19 23:03:18'),
(547, 'Ламинат Quick Step Classic Дуб бежевый рустикальный CLV4084', '000089', 1, 21, '2020-11-19 23:03:23', '2020-11-19 23:03:23'),
(548, 'Стандартный плинтус Quick Step Дуб бежевый рустикальный QSSK04084', '000090', 5, 16, '2020-11-19 23:03:26', '2020-11-19 23:03:26'),
(549, 'Ламинат Quick Step Classic Дуб натуральный отбеленный CL4089', '000091', 1, 21, '2020-11-19 23:03:30', '2020-11-19 23:03:30'),
(550, 'Стандартный плинтус Quick Step Дуб натуральный отбеленный QSSK04089', '000092', 5, 16, '2020-11-19 23:03:34', '2020-11-19 23:03:34'),
(551, 'Ламинат Quick Step Classic Дуб шоколадный рустикальный CLV4086', '000093', 1, 21, '2020-11-19 23:03:40', '2020-11-19 23:03:40'),
(552, 'Стандартный плинтус Quick Step Дуб шоколадный рустикальный QSSK04086', '000094', 5, 16, '2020-11-19 23:03:43', '2020-11-19 23:03:43'),
(553, 'Ламинат Quick Step Classic Дуб горный темно-коричневый CLM4092', '000095', 1, 21, '2020-11-19 23:03:48', '2020-11-19 23:03:48'),
(554, 'Стандартный плинтус Quick Step Дуб горный темно-коричневый QSSK04092', '000096', 5, 16, '2020-11-19 23:03:53', '2020-11-19 23:03:53'),
(555, 'Ламинат Quick Step Classic Дуб горный коричневый CLM4091', '000097', 1, 21, '2020-11-20 23:14:53', '2020-11-20 23:14:53'),
(556, 'Стандартный плинтус Quick Step Дуб горный коричневый QSSK04091', '000098', 5, 16, '2020-11-20 23:14:57', '2020-11-20 23:14:57'),
(557, 'Ламинат Quick Step Classic Дуб горный красный CLM4090', '000099', 1, 21, '2020-11-20 23:15:02', '2020-11-20 23:15:02'),
(558, 'Стандартный плинтус Quick Step Дуб горный красный QSSK04090', '000100', 5, 16, '2020-11-20 23:15:06', '2020-11-20 23:15:06'),
(559, 'Ламинат Quick Step Desire Дуб светло-серый серебристый UC3462', '000101', 1, 22, '2020-11-21 13:05:14', '2020-11-21 13:05:14'),
(560, 'Стандартный плинтус Quick Step Дуб светло-серый серебристый QSSK03462', '000102', 5, 16, '2020-11-21 13:05:18', '2020-11-21 13:05:18'),
(561, 'Ламинат Quick Step Desire Дуб серый серебристый UC3464', '000103', 1, 22, '2020-11-21 13:05:24', '2020-11-21 13:05:24'),
(562, 'Стандартный плинтус Quick Step Дуб серый серебристый QSSK03464', '000104', 5, 16, '2020-11-21 13:05:27', '2020-11-21 13:05:27'),
(563, 'Ламинат Quick Step Desire Дуб светло-серый золотистый UC3463', '000105', 1, 22, '2020-11-21 13:05:33', '2020-11-21 13:05:33'),
(564, 'Стандартный плинтус Quick Step Дуб светло-серый золотистый QSSK03463', '000106', 5, 16, '2020-11-21 13:05:37', '2020-11-21 13:05:37'),
(565, 'Ламинат Quick Step Desire Дуб натуральный золотистый UC3465', '000107', 1, 22, '2020-11-21 13:05:43', '2020-11-21 13:05:43'),
(566, 'Стандартный плинтус Quick Step Дуб натуральный золотистый QSSK03465', '000108', 5, 16, '2020-11-21 13:05:46', '2020-11-21 13:05:46'),
(567, 'Ламинат Quick Step Eligna Дуб итальянский светло-серый U3831', '000109', 1, 23, '2020-11-21 18:46:39', '2020-11-21 18:46:39'),
(568, 'Стандартный плинтус Quick Step Дуб итальянский светло-серый QSSK03573', '000110', 5, 16, '2020-11-21 18:46:42', '2020-11-21 18:46:42'),
(569, 'Ламинат Quick Step Eligna Дуб теплый серый промасленный U3459', '000111', 1, 23, '2020-11-21 18:46:49', '2020-11-21 18:46:49'),
(570, 'Стандартный плинтус Quick Step Дуб теплый серый промасленный QSSK03459', '000112', 5, 16, '2020-11-21 18:46:53', '2020-11-21 18:46:53'),
(571, 'Ламинат Quick Step Eligna Доска белого дуба лакированная U915', '000113', 1, 23, '2020-11-21 18:46:58', '2020-11-21 18:46:58'),
(572, 'Стандартный плинтус Quick Step Доска белого дуба лакированная QSSK00915', '000114', 5, 16, '2020-11-21 18:47:01', '2020-11-21 18:47:01'),
(573, 'Ламинат Quick Step Eligna Дуб светлый натуральный промасленный U3457', '000115', 1, 23, '2020-11-21 18:47:07', '2020-11-21 18:47:07'),
(574, 'Стандартный плинтус Quick Step Дуб светлый натуральный промасленный QSSK03457', '000116', 5, 16, '2020-11-21 18:47:09', '2020-11-21 18:47:09'),
(575, 'Ламинат Quick Step Eligna Дуб шоколадный промасленный U3461', '000117', 1, 23, '2020-11-21 18:47:16', '2020-11-21 18:47:16'),
(576, 'Стандартный плинтус Quick Step Дуб шоколадный промасленный QSSK03461', '000118', 5, 16, '2020-11-21 18:47:19', '2020-11-21 18:47:19'),
(577, 'Ламинат Quick Step Eligna Дуб теплый натуральный промасленный U3458', '000119', 1, 23, '2020-11-21 18:47:25', '2020-11-21 18:47:25'),
(578, 'Стандартный плинтус Quick Step Дуб теплый натуральный промасленный QSSK03458', '000120', 5, 16, '2020-11-21 18:47:28', '2020-11-21 18:47:28'),
(579, 'Ламинат Quick Step Eligna Дуб итальянский бежевый U3832', '000121', 1, 23, '2020-11-21 18:47:34', '2020-11-21 18:47:34'),
(580, 'Стандартный плинтус Quick Step Дуб итальянский бежевый QSSK03574', '000122', 5, 16, '2020-11-21 18:47:37', '2020-11-21 18:47:37'),
(581, 'Ламинат Quick Step Eligna Венге интенсивный U1300', '000123', 1, 23, '2020-11-21 18:47:43', '2020-11-21 18:47:43'),
(582, 'Стандартный плинтус Quick Step Венге интенсивный QSSK01300', '000124', 5, 16, '2020-11-21 18:47:46', '2020-11-21 18:47:46'),
(583, 'Ламинат Quick Step Eligna Доска натурального дуба лакированная U896', '000125', 1, 23, '2020-11-21 18:47:51', '2020-11-21 18:47:51'),
(584, 'Стандартный плинтус Quick Step Доска натурального дуба лакированная QSSK00896', '000126', 5, 16, '2020-11-21 18:47:55', '2020-11-21 18:47:55'),
(585, 'Ламинат Quick Step Eligna Доска ореховая промасленная U1043', '000127', 1, 23, '2020-11-21 18:48:00', '2020-11-21 18:48:00'),
(586, 'Стандартный плинтус Quick Step Доска ореховая промасленная QSSK01043', '000128', 5, 16, '2020-11-21 18:48:03', '2020-11-21 18:48:03'),
(587, 'Ламинат Quick Step Eligna Дуб изысканный темный U3833', '000129', 1, 23, '2020-11-21 18:48:10', '2020-11-21 18:48:10'),
(588, 'Стандартный плинтус Quick Step Дуб изысканный темный QSSK03581', '000130', 5, 16, '2020-11-21 18:48:13', '2020-11-21 18:48:13'),
(589, 'Ламинат Quick Step Eligna Дуб старинный бежевый U3576', '000131', 1, 23, '2020-11-21 18:48:21', '2020-11-21 18:48:21'),
(590, 'Стандартный плинтус Quick Step Дуб старинный бежевый QSSK03576', '000132', 5, 16, '2020-11-21 18:48:25', '2020-11-21 18:48:25'),
(591, 'Ламинат Quick Step Eligna Дуб темно-коричневый промасленный U3460', '000133', 1, 23, '2020-11-21 18:48:31', '2020-11-21 18:48:31'),
(592, 'Стандартный плинтус Quick Step Дуб темно-коричневый промасленный QSSK03460', '000134', 5, 16, '2020-11-21 18:48:34', '2020-11-21 18:48:34'),
(593, 'Ламинат Quick Step Eligna Доска венге U1000', '000135', 1, 23, '2020-11-21 18:48:39', '2020-11-21 18:48:39'),
(594, 'Стандартный плинтус Quick Step Доска венге QSSK01000', '000136', 5, 16, '2020-11-21 18:48:43', '2020-11-21 18:48:43'),
(595, 'Ламинат Quick Step Eligna Дуб природный натуральный U3578', '000137', 1, 23, '2020-11-21 18:48:49', '2020-11-21 18:48:49'),
(596, 'Стандартный плинтус Quick Step Дуб природный натуральный QSSK03578', '000138', 5, 16, '2020-11-21 18:48:52', '2020-11-21 18:48:52'),
(597, 'Ламинат Quick Step Eligna Сосна белая затертая U1235', '000139', 1, 23, '2020-11-21 18:48:58', '2020-11-21 18:48:58'),
(598, 'Стандартный плинтус Quick Step Сосна белая затертая QSSK01235', '000140', 5, 16, '2020-11-21 18:49:01', '2020-11-21 18:49:01'),
(599, 'Ламинат Quick Step Eligna Дуб итальянский светло-серый пэтчворк U3831P', '000141', 1, 23, '2020-11-21 18:49:06', '2020-11-21 18:49:06'),
(600, 'Ламинат Quick Step Eligna Дуб итальянский бежевый пэтчворк U3832P', '000142', 1, 23, '2020-11-21 18:49:13', '2020-11-21 18:49:13'),
(601, 'Ламинат Quick Step Impressive Дуб дымчатый IM1993', '000143', 1, 24, '2020-11-21 20:45:10', '2020-11-21 20:45:10'),
(602, 'Стандартный плинтус Quick Step Дуб дымчатый QSSK01993', '000144', 5, 16, '2020-11-21 20:45:13', '2020-11-21 20:45:13'),
(603, 'Ламинат Quick Step Impressive Дуб натуральный IM1848', '000145', 1, 24, '2020-11-21 20:45:20', '2020-11-21 20:45:20'),
(604, 'Стандартный плинтус Quick Step Дуб натуральный QSSK01848', '000146', 5, 16, '2020-11-21 20:45:23', '2020-11-21 20:45:23'),
(605, 'Ламинат Quick Step Impressive Дуб южный IM1994', '000147', 1, 24, '2020-11-21 20:45:29', '2020-11-21 20:45:29'),
(606, 'Стандартный плинтус Quick Step Дуб южный QSSK01994', '000148', 5, 16, '2020-11-21 20:45:32', '2020-11-21 20:45:32'),
(607, 'Ламинат Quick Step Impressive Дуб этнический коричневый IM3557', '000149', 1, 24, '2020-11-21 20:45:37', '2020-11-21 20:45:37'),
(608, 'Стандартный плинтус Quick Step Дуб этнический коричневый QSSK03557', '000150', 5, 16, '2020-11-21 20:45:40', '2020-11-21 20:45:40'),
(609, 'Ламинат Quick Step Impressive Дуб коричневый IM1849', '000151', 1, 24, '2020-11-21 20:45:46', '2020-11-21 20:45:46'),
(610, 'Стандартный плинтус Quick Step Дуб коричневый QSSK01849', '000152', 5, 16, '2020-11-21 20:45:49', '2020-11-21 20:45:49'),
(611, 'Ламинат Quick Step Impressive Дуб деревенский IM1851', '000153', 1, 24, '2020-11-21 20:45:55', '2020-11-21 20:45:55'),
(612, 'Стандартный плинтус Quick Step Дуб деревенский QSSK01851', '000154', 5, 16, '2020-11-21 20:45:59', '2020-11-21 20:45:59'),
(613, 'Ламинат Quick Step Impressive Доска белого дуба лакированная IM3105', '000155', 1, 24, '2020-11-21 20:46:05', '2020-11-21 20:46:05'),
(614, 'Ламинат Quick Step Impressive Дуб бордо IM1995', '000156', 1, 24, '2020-11-21 20:46:12', '2020-11-21 20:46:12'),
(615, 'Стандартный плинтус Quick Step Дуб бордо QSSK01995', '000157', 5, 16, '2020-11-21 20:46:16', '2020-11-21 20:46:16'),
(616, 'Ламинат Quick Step Impressive Дуб пепельный IM1992', '000158', 1, 24, '2020-11-21 20:46:21', '2020-11-21 20:46:21'),
(617, 'Стандартный плинтус Quick Step Доска белая QSSK01859', '000159', 5, 16, '2020-11-21 20:46:24', '2020-11-21 20:46:24'),
(618, 'Ламинат Quick Step Impressive Дуб серо-бежевый IM4663', '000160', 1, 24, '2020-11-21 20:46:32', '2020-11-21 20:46:32'),
(619, 'Ламинат Quick Step Impressive Дуб светлый натуральный IM4664', '000161', 1, 24, '2020-11-21 20:46:40', '2020-11-21 20:46:40'),
(620, 'Стандартный плинтус Quick Step Дуб Нэшвилл натуральный QSSK03180', '000162', 5, 16, '2020-11-21 20:46:43', '2020-11-21 20:46:43'),
(621, 'Ламинат Quick Step Impressive Дуб серый лакированный IM4665', '000163', 1, 24, '2020-11-21 20:46:48', '2020-11-21 20:46:48'),
(622, 'Стандартный плинтус Quick Step Standard Skirting Board (matching colour) QSSK03364', '000164', 5, 16, '2020-11-21 20:46:52', '2020-11-21 20:46:52'),
(623, 'Ламинат Quick Step Impressive Дуб светлый IM1847', '000165', 1, 24, '2020-11-21 20:47:17', '2020-11-21 20:47:17'),
(624, 'Стандартный плинтус Quick Step Дуб светлый QSSK01847', '000166', 5, 16, '2020-11-21 20:47:21', '2020-11-21 20:47:21'),
(625, 'Ламинат Quick Step Impressive Дуб песочный IM1853', '000167', 1, 24, '2020-11-21 20:47:27', '2020-11-21 20:47:27'),
(626, 'Стандартный плинтус Quick Step Дуб песочный QSSK01853', '000168', 5, 16, '2020-11-21 20:47:31', '2020-11-21 20:47:31'),
(627, 'Ламинат Quick Step Impressive Дуб фантазийный светло-серый IM3560', '000169', 1, 24, '2020-11-21 20:47:37', '2020-11-21 20:47:37'),
(628, 'Стандартный плинтус Quick Step Дуб фантазийный светло-серый QSSK03560', '000170', 5, 16, '2020-11-21 20:47:41', '2020-11-21 20:47:41'),
(629, 'Ламинат Quick Step Impressive Дуб фантазийный белый IM3559', '000171', 1, 24, '2020-11-21 20:47:45', '2020-11-21 20:47:45'),
(630, 'Стандартный плинтус Quick Step Дуб фантазийный белый QSSK03559', '000172', 5, 16, '2020-11-21 20:47:49', '2020-11-21 20:47:49'),
(631, 'Ламинат Quick Step Impressive Доска натурального дуба лакированная IM3106', '000173', 1, 24, '2020-11-21 20:47:55', '2020-11-21 20:47:55'),
(632, 'Стандартный плинтус Quick Step Дуб Виндзор QSSK03106', '000174', 5, 16, '2020-11-21 20:47:58', '2020-11-21 20:47:58'),
(633, 'Ламинат Quick Step Impressive Доска белая IM1859', '000175', 1, 24, '2020-11-21 20:48:06', '2020-11-21 20:48:06'),
(634, 'Ламинат Quick Step Impressive Дуб этнический серый IM3558', '000176', 1, 24, '2020-11-21 20:48:14', '2020-11-21 20:48:14'),
(635, 'Стандартный плинтус Quick Step Дуб этнический серый QSSK03558', '000177', 5, 16, '2020-11-21 20:48:18', '2020-11-21 20:48:18'),
(636, 'Ламинат Quick Step Impressive Дуб черная ночь IM1862', '000178', 1, 24, '2020-11-21 20:48:27', '2020-11-21 20:48:27'),
(637, 'Стандартный плинтус Quick Step Дуб черная ночь QSSK01862', '000179', 5, 16, '2020-11-21 20:48:32', '2020-11-21 20:48:32'),
(638, 'Ламинат Quick Step Impressive Сосна IM1860', '000180', 1, 24, '2020-11-21 20:48:40', '2020-11-21 20:48:40'),
(639, 'Стандартный плинтус Quick Step Сосна QSSK01860', '000181', 5, 16, '2020-11-21 20:48:44', '2020-11-21 20:48:44'),
(640, 'Ламинат Quick Step Impressive Светло-серый бетон IM1861', '000182', 1, 24, '2020-11-21 20:48:50', '2020-11-21 20:48:50'),
(641, 'Стандартный плинтус Quick Step Светло-серый бетон QSSK01861', '000183', 5, 16, '2020-11-21 20:48:53', '2020-11-21 20:48:53'),
(642, 'Ламинат Quick Step Impressive Patterns Мрамор бежевый IPE4506', '000184', 1, 25, '2020-11-21 22:39:25', '2020-11-21 22:39:25'),
(643, 'Стандартный плинтус Quick Step Мрамор бежевый QSSK04506', '000185', 5, 16, '2020-11-21 22:39:29', '2020-11-21 22:39:29'),
(644, 'Ламинат Quick Step Impressive Patterns Дуб палаццо белый IPE4501', '000186', 1, 25, '2020-11-21 22:39:35', '2020-11-21 22:39:35'),
(645, 'Стандартный плинтус Quick Step Стандартный плинтус (в цвет) QSSK04157', '000187', 5, 16, '2020-11-21 22:39:38', '2020-11-21 22:39:38'),
(646, 'Ламинат Quick Step Impressive Patterns Дуб песочный брашированный IPA4142', '000188', 1, 25, '2020-11-21 22:39:45', '2020-11-21 22:39:45'),
(647, 'Стандартный плинтус Quick Step Дуб песочный брашированный QSSK04142', '000189', 5, 16, '2020-11-21 22:39:49', '2020-11-21 22:39:49'),
(648, 'Ламинат Quick Step Impressive Patterns Бетон лофт IPE4508', '000190', 1, 25, '2020-11-21 22:39:57', '2020-11-21 22:39:57'),
(649, 'Стандартный плинтус Quick Step Бетон лофт QSSK04508', '000191', 5, 16, '2020-11-21 22:40:00', '2020-11-21 22:40:00'),
(650, 'Ламинат Quick Step Impressive Patterns Дуб палаццо бежевый IPE4672', '000192', 1, 25, '2020-11-21 22:40:06', '2020-11-21 22:40:06'),
(651, 'Стандартный плинтус Quick Step Дуб палаццо бежевый QSSK04672', '000193', 5, 16, '2020-11-21 22:40:09', '2020-11-21 22:40:09'),
(652, 'Ламинат Quick Step Impressive Patterns Дуб серый теплый брашированный IPA4141', '000194', 1, 25, '2020-11-21 22:40:14', '2020-11-21 22:40:14'),
(653, 'Ламинат Quick Step Impressive Patterns Дуб медный брашированный IPA4144', '000195', 1, 25, '2020-11-21 22:40:41', '2020-11-21 22:40:41'),
(654, 'Стандартный плинтус Quick Step Дуб медный брашированный QSSK04144', '000196', 5, 16, '2020-11-21 22:41:36', '2020-11-21 22:41:36'),
(655, 'Ламинат Quick Step Impressive Patterns Травертин бежевый IPE4510', '000197', 1, 25, '2020-11-21 22:41:43', '2020-11-21 22:41:43'),
(656, 'Стандартный плинтус Quick Step Плитка белая QSSK01553', '000198', 5, 16, '2020-11-21 22:41:46', '2020-11-21 22:41:46'),
(657, 'Ламинат Quick Step Impressive Patterns Дуб палаццо коричневый IPE4504', '000199', 1, 25, '2020-11-21 22:41:51', '2020-11-21 22:41:51'),
(658, 'Стандартный плинтус Quick Step Дуб палаццо коричневый QSSK04504', '000200', 5, 16, '2020-11-21 22:41:54', '2020-11-21 22:41:54'),
(659, 'Ламинат Quick Step Impressive Patterns Дуб природный бежевый брашированный IPA4143', '000201', 1, 25, '2020-11-21 22:42:01', '2020-11-21 22:42:01'),
(660, 'Стандартный плинтус Quick Step Дуб природный бежевый брашированный QSSK04143', '000202', 5, 16, '2020-11-21 22:42:04', '2020-11-21 22:42:04'),
(661, 'Ламинат Quick Step Impressive Patterns Текстиль натуральный IPE4511', '000203', 1, 25, '2020-11-21 22:42:09', '2020-11-21 22:42:09'),
(662, 'Стандартный плинтус Quick Step Холст QSSK01557', '000204', 5, 16, '2020-11-21 22:42:12', '2020-11-21 22:42:12'),
(663, 'Ламинат Quick Step Impressive Patterns Дуб кофейный брашированный IPA4145', '000205', 1, 25, '2020-11-21 22:42:18', '2020-11-21 22:42:18'),
(664, 'Стандартный плинтус Quick Step Дуб кофейный брашированный QSSK04145', '000206', 5, 16, '2020-11-21 22:42:28', '2020-11-21 22:42:28'),
(665, 'Ламинат Quick Step Impressive Ultra Дуб светлый IMU1847', '000207', 1, 26, '2020-11-21 23:11:36', '2020-11-21 23:11:36'),
(666, 'Ламинат Quick Step Impressive Ultra Дуб натуральный IMU1848', '000208', 1, 26, '2020-11-21 23:11:45', '2020-11-21 23:11:45'),
(667, 'Ламинат Quick Step Impressive Ultra Дуб коричневый IMU1849', '000209', 1, 26, '2020-11-21 23:11:51', '2020-11-21 23:11:51'),
(668, 'Ламинат Quick Step Impressive Ultra Дуб дымчатый IMU1993', '000210', 1, 26, '2020-11-21 23:11:59', '2020-11-21 23:11:59'),
(669, 'Ламинат Quick Step Impressive Ultra Дуб южный IMU1994', '000211', 1, 26, '2020-11-21 23:12:05', '2020-11-21 23:12:05'),
(670, 'Ламинат Quick Step Impressive Ultra Дуб фантазийный белый IMU3559', '000212', 1, 26, '2020-11-21 23:12:14', '2020-11-21 23:12:14'),
(671, 'Ламинат Quick Step Impressive Ultra Дуб деревенский IMU1851', '000213', 1, 26, '2020-11-21 23:12:26', '2020-11-21 23:12:26'),
(672, 'Ламинат Quick Step Impressive Ultra Доска натурального дуба лакированная IMU3106', '000214', 1, 26, '2020-11-21 23:12:34', '2020-11-21 23:12:34'),
(673, 'Ламинат Quick Step Impressive Ultra Доска белого дуба лакированная IMU3105', '000215', 1, 26, '2020-11-21 23:12:42', '2020-11-21 23:12:42'),
(674, 'Ламинат Quick Step Impressive Ultra Дуб пепельный IMU1992', '000216', 1, 26, '2020-11-21 23:12:47', '2020-11-21 23:12:47'),
(675, 'Ламинат Quick Step Impressive Ultra Дуб бордо IMU1995', '000217', 1, 26, '2020-11-21 23:13:15', '2020-11-21 23:13:15'),
(676, 'Ламинат Quick Step Impressive Ultra Дуб светлый натуральный IMU4664', '000218', 1, 26, '2020-11-21 23:23:41', '2020-11-21 23:23:41'),
(677, 'Ламинат Quick Step Impressive Ultra Дуб серо-бежевый IMU4663', '000219', 1, 26, '2020-11-21 23:23:57', '2020-11-21 23:23:57'),
(678, 'Ламинат Quick Step Impressive Ultra Дуб серый лакированный IMU4665', '000220', 1, 26, '2020-11-21 23:24:03', '2020-11-21 23:24:03'),
(679, 'Ламинат Quick Step Impressive Ultra Дуб фантазийный светло-серый IMU3560', '000221', 1, 26, '2020-11-21 23:24:11', '2020-11-21 23:24:11'),
(680, 'Ламинат Quick Step Impressive Ultra Дуб песочный IMU1853', '000222', 1, 26, '2020-11-21 23:24:18', '2020-11-21 23:24:18'),
(681, 'Ламинат Quick Step Impressive Ultra Дуб этнический серый IMU3558', '000223', 1, 26, '2020-11-21 23:24:25', '2020-11-21 23:24:25'),
(682, 'Ламинат Quick Step Impressive Ultra Светло-серый бетон IMU1861', '000224', 1, 26, '2020-11-21 23:24:32', '2020-11-21 23:24:32'),
(683, 'Ламинат Quick Step Majestic Дуб пустынный теплый натуральный MJ3551', '000225', 1, 27, '2020-11-22 12:34:35', '2020-11-22 12:34:35'),
(684, 'Стандартный плинтус Quick Step Дуб пустынный теплый натуральный QSSK03551', '000226', 5, 16, '2020-11-22 12:34:39', '2020-11-22 12:34:39'),
(685, 'Ламинат Quick Step Majestic Дуб долинный светло-бежевый MJ3554', '000227', 1, 27, '2020-11-22 12:34:49', '2020-11-22 12:34:49'),
(686, 'Стандартный плинтус Quick Step Дуб долинный светло-бежевый QSSK03554', '000228', 5, 16, '2020-11-22 12:34:52', '2020-11-22 12:34:52'),
(687, 'Ламинат Quick Step Majestic Дуб лесной массив коричневый MJ3548', '000229', 1, 27, '2020-11-22 12:34:58', '2020-11-22 12:34:58'),
(688, 'Стандартный плинтус Quick Step Дуб лесной массив коричневый QSSK03548', '000230', 5, 16, '2020-11-22 12:35:02', '2020-11-22 12:35:02'),
(689, 'Ламинат Quick Step Majestic Дуб пустынный светлый натуральный MJ3550', '000231', 1, 27, '2020-11-22 12:35:06', '2020-11-22 12:35:06'),
(690, 'Стандартный плинтус Quick Step Дуб пустынный светлый натуральный QSSK03550', '000232', 5, 16, '2020-11-22 12:35:09', '2020-11-22 12:35:09'),
(691, 'Ламинат Quick Step Majestic Дуб лесной массив светло-серый MJ3547', '000233', 1, 27, '2020-11-22 12:35:15', '2020-11-22 12:35:15'),
(692, 'Стандартный плинтус Quick Step Дуб лесной массив светло-серый QSSK03547', '000234', 5, 16, '2020-11-22 12:35:18', '2020-11-22 12:35:18'),
(693, 'Ламинат Quick Step Majestic Дуб пустынный шлифованный темно-коричневый MJ3553', '000235', 1, 27, '2020-11-22 12:35:25', '2020-11-22 12:35:25'),
(694, 'Стандартный плинтус Quick Step Дуб пустынный шлифованный темно-коричневый QSSK03553', '000236', 5, 16, '2020-11-22 12:35:29', '2020-11-22 12:35:29'),
(695, 'Ламинат Quick Step Majestic Дуб пустынный шлифованный серый MJ3552', '000237', 1, 27, '2020-11-22 12:35:34', '2020-11-22 12:35:34'),
(696, 'Стандартный плинтус Quick Step Дуб пустынный шлифованный серый QSSK03552', '000238', 5, 16, '2020-11-22 12:35:38', '2020-11-22 12:35:38'),
(697, 'Ламинат Quick Step Majestic Дуб долинный светло-коричневый MJ3555', '000239', 1, 27, '2020-11-22 12:35:44', '2020-11-22 12:35:44'),
(698, 'Стандартный плинтус Quick Step Дуб долинный светло-коричневый QSSK03555', '000240', 5, 16, '2020-11-22 12:35:47', '2020-11-22 12:35:47'),
(699, 'Ламинат Quick Step Majestic Дуб лесной массив бежевый MJ3545', '000241', 1, 27, '2020-11-22 12:35:52', '2020-11-22 12:35:52'),
(700, 'Стандартный плинтус Quick Step Дуб лесной массив бежевый QSSK03545', '000242', 5, 16, '2020-11-22 12:35:56', '2020-11-22 12:35:56'),
(701, 'Ламинат Quick Step Majestic Дуб лесной массив натуральный MJ3546', '000243', 1, 27, '2020-11-22 12:36:05', '2020-11-22 12:36:05'),
(702, 'Стандартный плинтус Quick Step Дуб лесной массив натуральный QSSK03546', '000244', 5, 16, '2020-11-22 12:36:09', '2020-11-22 12:36:09'),
(703, 'Ламинат Quick Step Perspective Дуб итальянский бежевый UF3832', '000245', 1, 28, '2020-11-22 20:58:56', '2020-11-22 20:58:56'),
(704, 'Ламинат Quick Step Perspective Дуб итальянский светло-серый UF3831', '000246', 1, 28, '2020-11-22 20:59:03', '2020-11-22 20:59:03'),
(705, 'Ламинат Quick Step Perspective Дуб природный коричневый UF3579', '000247', 1, 28, '2020-11-22 20:59:12', '2020-11-22 20:59:12'),
(706, 'Стандартный плинтус Quick Step Дуб природный коричневый QSSK03579', '000248', 5, 16, '2020-11-22 20:59:15', '2020-11-22 20:59:15'),
(707, 'Ламинат Quick Step Perspective Доска дуба светло-серого старинного UF1406', '000249', 1, 28, '2020-11-22 20:59:21', '2020-11-22 20:59:21'),
(708, 'Ламинат Quick Step Perspective Доска дуба серого старинного UF1388', '000250', 1, 28, '2020-11-22 20:59:28', '2020-11-22 20:59:28'),
(709, 'Ламинат Quick Step Perspective Дуб природный натуральный UF3578', '000251', 1, 28, '2020-11-22 20:59:33', '2020-11-22 20:59:33'),
(710, 'Ламинат Quick Step Perspective Доска дуба белого светлая UF1491', '000252', 1, 28, '2020-11-22 20:59:40', '2020-11-22 20:59:40'),
(711, 'Стандартный плинтус Quick Step Доска дуба белого светлая QSSK01491', '000253', 5, 16, '2020-11-22 20:59:43', '2020-11-22 20:59:43'),
(712, 'Ламинат Quick Step Perspective Доска дуба белого медиум UF1492', '000254', 1, 28, '2020-11-22 20:59:51', '2020-11-22 20:59:51'),
(713, 'Стандартный плинтус Quick Step Доска дуба белого медиум QSSK01492', '000255', 5, 16, '2020-11-22 20:59:54', '2020-11-22 20:59:54'),
(714, 'Ламинат Quick Step Perspective Доска дубовая светлая потертая UF1303', '000256', 1, 28, '2020-11-22 21:00:00', '2020-11-22 21:00:00'),
(715, 'Стандартный плинтус Quick Step Доска дубовая светлая потертая QSSK01303', '000257', 5, 16, '2020-11-22 21:00:05', '2020-11-22 21:00:05'),
(716, 'Ламинат Quick Step Perspective Доска дуба белого затемненная UF1496', '000258', 1, 28, '2020-11-22 21:00:12', '2020-11-22 21:00:12'),
(717, 'Стандартный плинтус Quick Step Доска дуба белого затемненная QSSK01496', '000259', 5, 16, '2020-11-22 21:00:16', '2020-11-22 21:00:16'),
(718, 'Ламинат Quick Step Perspective Дуб старинный серый UF3575', '000260', 1, 28, '2020-11-22 21:00:21', '2020-11-22 21:00:21'),
(719, 'Стандартный плинтус Quick Step Дуб старинный серый QSSK03575', '000261', 5, 16, '2020-11-22 21:00:24', '2020-11-22 21:00:24'),
(720, 'Ламинат Quick Step Perspective Доска дуба матовая промасленная UF312-2', '000262', 1, 28, '2020-11-22 21:00:30', '2020-11-22 21:00:30'),
(721, 'Стандартный плинтус Quick Step Доска дуба матовая промасленная QSSK00312', '000263', 5, 16, '2020-11-22 21:00:34', '2020-11-22 21:00:34'),
(722, 'Ламинат Quick Step Perspective Доска белого дуба лакированная UF915-2', '000264', 1, 28, '2020-11-22 21:00:39', '2020-11-22 21:00:39'),
(723, 'Ламинат Quick Step Perspective Венге интенсивный UF1300-2', '000265', 1, 28, '2020-11-22 21:00:45', '2020-11-22 21:00:45'),
(724, 'Ламинат Quick Step Perspective Доска дубовая светло-серая лакированная UF1304-2', '000266', 1, 28, '2020-11-22 21:00:52', '2020-11-22 21:00:52'),
(725, 'Стандартный плинтус Quick Step Доска дубовая светло-серая лакированная QSSK01304', '000267', 5, 16, '2020-11-22 21:00:56', '2020-11-22 21:00:56'),
(726, 'Ламинат Quick Step Perspective Сосна белая затертая UF1235-2', '000268', 1, 28, '2020-11-22 21:01:08', '2020-11-22 21:01:08'),
(727, 'Ламинат Quick Step Perspective Дуб почтенный натуральный промасленный UF1157-2', '000269', 1, 28, '2020-11-22 21:01:17', '2020-11-22 21:01:17'),
(728, 'Стандартный плинтус Quick Step Дуб почтенный натуральный промасленный QSSK01157', '000270', 5, 16, '2020-11-22 21:01:20', '2020-11-22 21:01:20'),
(729, 'Ламинат Quick Step Perspective Дуб итальянский светло-серый пэтчворк UF3831P', '000271', 1, 28, '2020-11-22 21:01:24', '2020-11-22 21:01:24'),
(730, 'Ламинат Quick Step Perspective Доска мербау UF996-2', '000272', 1, 28, '2020-11-22 21:01:31', '2020-11-22 21:01:31'),
(731, 'Стандартный плинтус Quick Step Доска мербау QSSK00996', '000273', 5, 16, '2020-11-22 21:01:35', '2020-11-22 21:01:35'),
(732, 'Ламинат Quick Step Perspective Доска ореховая промасленная UF1043-2', '000274', 1, 28, '2020-11-22 21:01:40', '2020-11-22 21:01:40'),
(733, 'Ламинат Quick Step Perspective Дуб итальянский бежевый пэтчворк UF3832P', '000275', 1, 28, '2020-11-22 21:01:48', '2020-11-22 21:01:48'),
(734, 'Ламинат Quick Step Perspective Доска венге UF1000-2', '000276', 1, 28, '2020-11-22 21:01:55', '2020-11-22 21:01:55');

-- --------------------------------------------------------

--
-- Структура таблицы `products_views`
--

CREATE TABLE `products_views` (
  `category_id` int(10) UNSIGNED NOT NULL,
  `page_id` int(10) UNSIGNED NOT NULL
) ENGINE=InnoDB DEFAULT CHARSET=utf8mb4 COLLATE=utf8mb4_unicode_ci;

--
-- Дамп данных таблицы `products_views`
--

INSERT INTO `products_views` (`category_id`, `page_id`) VALUES
(17, 32),
(18, 36),
(19, 487),
(20, 520),
(21, 531),
(22, 568),
(23, 577),
(24, 610),
(25, 771),
(26, 795),
(27, 814),
(28, 835),
(30, 869),
(31, 870),
(32, 871),
(33, 872),
(34, 873),
(35, 874),
(36, 875),
(37, 876),
(38, 877);

-- --------------------------------------------------------

--
-- Структура таблицы `product_characteristics`
--

CREATE TABLE `product_characteristics` (
  `product_id` int(10) UNSIGNED NOT NULL,
  `characteristic_id` int(10) UNSIGNED NOT NULL,
  `value` varchar(100) COLLATE utf8mb4_unicode_ci NOT NULL
) ENGINE=InnoDB DEFAULT CHARSET=utf8mb4 COLLATE=utf8mb4_unicode_ci;

--
-- Дамп данных таблицы `product_characteristics`
--

INSERT INTO `product_characteristics` (`product_id`, `characteristic_id`, `value`) VALUES
(12, 57, '10000'),
(12, 58, '1000'),
(12, 59, '3'),
(12, 63, 'Profitex'),
(12, 64, 'Россия'),
(12, 69, '10'),
(12, 71, 'Да'),
(13, 57, '15000'),
(13, 58, '1000'),
(13, 59, '3'),
(13, 63, 'Quick Step'),
(13, 64, 'Россия'),
(13, 69, '15'),
(13, 71, 'Да'),
(14, 57, '9100'),
(14, 58, '1100'),
(14, 59, '3'),
(14, 63, 'Tuplex'),
(14, 64, 'Россия'),
(14, 69, '10'),
(14, 71, 'Да'),
(15, 69, '8'),
(23, 57, '10000'),
(23, 58, '1000'),
(23, 59, '2'),
(23, 69, '10'),
(23, 71, 'Да'),
(23, 73, 'Да'),
(481, 57, '2400'),
(481, 59, '12'),
(481, 63, 'Quick Step'),
(481, 64, 'Россия'),
(481, 72, '58'),
(482, 57, '1380'),
(482, 58, '212'),
(482, 59, '9'),
(482, 60, '32'),
(482, 61, '4'),
(482, 62, '1'),
(482, 63, 'Quick Step'),
(482, 64, 'Россия'),
(482, 65, 'под дерево'),
(482, 66, 'гостиная, спальная'),
(482, 67, 'замковое'),
(482, 68, '7'),
(482, 69, '2.048'),
(482, 71, 'Да'),
(483, 57, '2400'),
(483, 59, '12'),
(483, 63, 'Quick Step'),
(483, 64, 'Россия'),
(483, 72, '58'),
(484, 57, '1380'),
(484, 58, '212'),
(484, 59, '9'),
(484, 60, '32'),
(484, 61, '4'),
(484, 62, '1'),
(484, 63, 'Quick Step'),
(484, 64, 'Россия'),
(484, 65, 'под дерево'),
(484, 66, 'гостиная, спальная'),
(484, 67, 'замковое'),
(484, 68, '7'),
(484, 69, '2.048'),
(484, 71, 'Да'),
(485, 57, '1380'),
(485, 58, '212'),
(485, 59, '9'),
(485, 60, '32'),
(485, 61, '4'),
(485, 62, '1'),
(485, 63, 'Quick Step'),
(485, 64, 'Россия'),
(485, 65, 'под дерево'),
(485, 66, 'гостиная, спальная'),
(485, 67, 'замковое'),
(485, 68, '7'),
(485, 69, '2.048'),
(485, 71, 'Да'),
(486, 57, '2400'),
(486, 59, '12'),
(486, 63, 'Quick Step'),
(486, 64, 'Россия'),
(486, 72, '58'),
(487, 57, '1380'),
(487, 58, '212'),
(487, 59, '9'),
(487, 60, '32'),
(487, 61, '4'),
(487, 62, '1'),
(487, 63, 'Quick Step'),
(487, 64, 'Россия'),
(487, 65, 'под дерево'),
(487, 66, 'гостиная, спальная'),
(487, 67, 'замковое'),
(487, 68, '7'),
(487, 69, '2.048'),
(487, 71, 'Да'),
(488, 57, '2400'),
(488, 59, '12'),
(488, 63, 'Quick Step'),
(488, 64, 'Россия'),
(488, 72, '58'),
(489, 57, '1380'),
(489, 58, '212'),
(489, 59, '9'),
(489, 60, '32'),
(489, 61, '4'),
(489, 62, '1'),
(489, 63, 'Quick Step'),
(489, 64, 'Россия'),
(489, 65, 'под дерево'),
(489, 66, 'гостиная, спальная'),
(489, 67, 'замковое'),
(489, 68, '7'),
(489, 69, '2.048'),
(489, 71, 'Да'),
(490, 57, '2400'),
(490, 59, '12'),
(490, 63, 'Quick Step'),
(490, 64, 'Россия'),
(490, 72, '58'),
(491, 57, '1380'),
(491, 58, '212'),
(491, 59, '9'),
(491, 60, '32'),
(491, 61, '4'),
(491, 62, '1'),
(491, 63, 'Quick Step'),
(491, 64, 'Россия'),
(491, 65, 'под дерево'),
(491, 66, 'гостиная, спальная'),
(491, 67, 'замковое'),
(491, 68, '7'),
(491, 69, '2.048'),
(491, 71, 'Да'),
(492, 57, '2400'),
(492, 59, '12'),
(492, 63, 'Quick Step'),
(492, 64, 'Россия'),
(492, 72, '58'),
(493, 57, '1380'),
(493, 58, '212'),
(493, 59, '9'),
(493, 60, '32'),
(493, 61, '4'),
(493, 62, '1'),
(493, 63, 'Quick Step'),
(493, 64, 'Россия'),
(493, 65, 'под дерево'),
(493, 66, 'гостиная, спальная'),
(493, 67, 'замковое'),
(493, 68, '7'),
(493, 69, '2.048'),
(493, 71, 'Да'),
(494, 57, '2400'),
(494, 59, '12'),
(494, 63, 'Quick Step'),
(494, 64, 'Россия'),
(494, 72, '58'),
(495, 57, '1380'),
(495, 58, '212'),
(495, 59, '9'),
(495, 60, '32'),
(495, 61, '4'),
(495, 62, '1'),
(495, 63, 'Quick Step'),
(495, 64, 'Россия'),
(495, 65, 'под дерево'),
(495, 66, 'гостиная, спальная'),
(495, 67, 'замковое'),
(495, 68, '7'),
(495, 69, '2.048'),
(495, 71, 'Да'),
(496, 57, '2400'),
(496, 59, '12'),
(496, 63, 'Quick Step'),
(496, 64, 'Россия'),
(496, 72, '58'),
(497, 57, '1380'),
(497, 58, '212'),
(497, 59, '9'),
(497, 60, '32'),
(497, 61, '4'),
(497, 62, '1'),
(497, 63, 'Quick Step'),
(497, 64, 'Россия'),
(497, 65, 'под дерево'),
(497, 66, 'гостиная, спальная'),
(497, 67, 'замковое'),
(497, 68, '7'),
(497, 69, '2.048'),
(497, 71, 'Да'),
(498, 57, '2400'),
(498, 59, '12'),
(498, 63, 'Quick Step'),
(498, 64, 'Россия'),
(498, 72, '58'),
(499, 57, '1380'),
(499, 58, '212'),
(499, 59, '9'),
(499, 60, '32'),
(499, 61, '4'),
(499, 62, '1'),
(499, 63, 'Quick Step'),
(499, 64, 'Россия'),
(499, 65, 'под дерево'),
(499, 66, 'гостиная, спальная'),
(499, 67, 'замковое'),
(499, 68, '7'),
(499, 69, '2.048'),
(499, 71, 'Да'),
(500, 57, '2400'),
(500, 59, '12'),
(500, 63, 'Quick Step'),
(500, 64, 'Россия'),
(500, 72, '58'),
(501, 57, '1380'),
(501, 58, '212'),
(501, 59, '9'),
(501, 60, '32'),
(501, 61, '4'),
(501, 62, '1'),
(501, 63, 'Quick Step'),
(501, 64, 'Россия'),
(501, 65, 'под дерево'),
(501, 66, 'гостиная, спальная'),
(501, 67, 'замковое'),
(501, 68, '7'),
(501, 69, '2.048'),
(501, 71, 'Да'),
(502, 57, '2400'),
(502, 59, '12'),
(502, 63, 'Quick Step'),
(502, 64, 'Россия'),
(502, 72, '58'),
(503, 57, '1380'),
(503, 58, '212'),
(503, 59, '9'),
(503, 60, '32'),
(503, 61, '4'),
(503, 62, '1'),
(503, 63, 'Quick Step'),
(503, 64, 'Россия'),
(503, 65, 'под дерево'),
(503, 66, 'гостиная, спальная'),
(503, 67, 'замковое'),
(503, 68, '7'),
(503, 69, '2.048'),
(503, 71, 'Да'),
(504, 57, '2400'),
(504, 59, '12'),
(504, 63, 'Quick Step'),
(504, 64, 'Россия'),
(504, 72, '58'),
(505, 57, '1380'),
(505, 58, '212'),
(505, 59, '9'),
(505, 60, '32'),
(505, 61, '4'),
(505, 62, '1'),
(505, 63, 'Quick Step'),
(505, 64, 'Россия'),
(505, 65, 'под дерево'),
(505, 66, 'гостиная, спальная'),
(505, 67, 'замковое'),
(505, 68, '7'),
(505, 69, '2.048'),
(505, 71, 'Да'),
(506, 57, '2400'),
(506, 59, '12'),
(506, 63, 'Quick Step'),
(506, 64, 'Россия'),
(506, 72, '58'),
(507, 57, '1380'),
(507, 58, '212'),
(507, 59, '9'),
(507, 60, '32'),
(507, 61, '4'),
(507, 62, '1'),
(507, 63, 'Quick Step'),
(507, 64, 'Россия'),
(507, 65, 'под дерево'),
(507, 66, 'гостиная, спальная'),
(507, 67, 'замковое'),
(507, 68, '7'),
(507, 69, '2.048'),
(507, 71, 'Да'),
(508, 57, '2400'),
(508, 59, '12'),
(508, 63, 'Quick Step'),
(508, 64, 'Россия'),
(508, 72, '58'),
(509, 57, '1380'),
(509, 58, '212'),
(509, 59, '9'),
(509, 60, '32'),
(509, 61, '4'),
(509, 62, '1'),
(509, 63, 'Quick Step'),
(509, 64, 'Россия'),
(509, 65, 'под дерево'),
(509, 66, 'гостиная, спальная'),
(509, 67, 'замковое'),
(509, 68, '7'),
(509, 69, '2.048'),
(509, 71, 'Да'),
(510, 57, '2400'),
(510, 59, '12'),
(510, 63, 'Quick Step'),
(510, 64, 'Россия'),
(510, 72, '58'),
(511, 57, '1380'),
(511, 58, '212'),
(511, 59, '9'),
(511, 60, '32'),
(511, 61, '4'),
(511, 62, '1'),
(511, 63, 'Quick Step'),
(511, 64, 'Россия'),
(511, 65, 'под дерево'),
(511, 66, 'гостиная, спальная'),
(511, 67, 'замковое'),
(511, 68, '7'),
(511, 69, '2.048'),
(511, 71, 'Да'),
(512, 57, '2400'),
(512, 59, '12'),
(512, 63, 'Quick Step'),
(512, 64, 'Россия'),
(512, 72, '58'),
(513, 57, '1200'),
(513, 58, '396'),
(513, 59, '8'),
(513, 60, '33'),
(513, 61, '2'),
(513, 63, 'Quick Step'),
(513, 64, 'Россия'),
(513, 65, 'под художественный паркет'),
(513, 66, 'гостиная, спальная'),
(513, 67, 'замковое'),
(513, 68, '4'),
(513, 69, '1.901'),
(513, 71, 'Да'),
(514, 57, '2400'),
(514, 59, '12'),
(514, 63, 'Quick Step'),
(514, 64, 'Россия'),
(514, 72, '58'),
(515, 57, '1200'),
(515, 58, '396'),
(515, 59, '8'),
(515, 60, '33'),
(515, 61, '2'),
(515, 63, 'Quick Step'),
(515, 64, 'Россия'),
(515, 65, 'под художественный паркет'),
(515, 66, 'гостиная, спальная'),
(515, 67, 'замковое'),
(515, 68, '4'),
(515, 69, '1.901'),
(515, 71, 'Да'),
(516, 57, '2400'),
(516, 59, '12'),
(516, 63, 'Quick Step'),
(516, 64, 'Россия'),
(516, 72, '58'),
(517, 57, '1200'),
(517, 58, '396'),
(517, 59, '8'),
(517, 60, '33'),
(517, 61, '2'),
(517, 63, 'Quick Step'),
(517, 64, 'Россия'),
(517, 65, 'под художественный паркет'),
(517, 66, 'гостиная, спальная'),
(517, 67, 'замковое'),
(517, 68, '4'),
(517, 69, '1.901'),
(517, 71, 'Да'),
(518, 57, '2400'),
(518, 59, '12'),
(518, 63, 'Quick Step'),
(518, 64, 'Россия'),
(518, 72, '58'),
(519, 57, '1200'),
(519, 58, '396'),
(519, 59, '8'),
(519, 60, '33'),
(519, 61, '2'),
(519, 63, 'Quick Step'),
(519, 64, 'Россия'),
(519, 65, 'под художественный паркет'),
(519, 66, 'гостиная, спальная'),
(519, 67, 'замковое'),
(519, 68, '4'),
(519, 69, '1.901'),
(519, 71, 'Да'),
(520, 57, '2400'),
(520, 59, '12'),
(520, 63, 'Quick Step'),
(520, 64, 'Россия'),
(520, 72, '58'),
(521, 57, '1200'),
(521, 58, '396'),
(521, 59, '8'),
(521, 60, '33'),
(521, 61, '2'),
(521, 63, 'Quick Step'),
(521, 64, 'Россия'),
(521, 65, 'под художественный паркет'),
(521, 66, 'гостиная, спальная'),
(521, 67, 'замковое'),
(521, 68, '4'),
(521, 69, '1.901'),
(521, 71, 'Да'),
(522, 57, '2400'),
(522, 59, '12'),
(522, 63, 'Quick Step'),
(522, 64, 'Россия'),
(522, 72, '58'),
(523, 57, '1200'),
(523, 58, '190'),
(523, 59, '8'),
(523, 60, '32'),
(523, 61, 'без фаски'),
(523, 62, '1'),
(523, 63, 'Quick Step'),
(523, 64, 'Россия'),
(523, 65, 'под дерево'),
(523, 66, 'гостиная, спальная'),
(523, 67, 'замковое'),
(523, 68, '7'),
(523, 69, '1.596'),
(523, 70, '14'),
(523, 71, 'Да'),
(524, 57, '2400'),
(524, 59, '12'),
(524, 63, 'Quick Step'),
(524, 64, 'Россия'),
(524, 72, '58'),
(525, 57, '1200'),
(525, 58, '190'),
(525, 59, '8'),
(525, 60, '32'),
(525, 61, 'без фаски'),
(525, 62, '1'),
(525, 63, 'Quick Step'),
(525, 64, 'Россия'),
(525, 65, 'под дерево'),
(525, 66, 'гостиная, спальная'),
(525, 67, 'замковое'),
(525, 68, '7'),
(525, 69, '1.596'),
(525, 70, '14'),
(525, 71, 'Да'),
(526, 57, '2400'),
(526, 59, '12'),
(526, 63, 'Quick Step'),
(526, 64, 'Россия'),
(526, 72, '58'),
(527, 57, '1200'),
(527, 58, '190'),
(527, 59, '8'),
(527, 60, '32'),
(527, 61, 'без фаски'),
(527, 62, '1'),
(527, 63, 'Quick Step'),
(527, 64, 'Россия'),
(527, 65, 'под дерево'),
(527, 66, 'гостиная, спальная'),
(527, 67, 'замковое'),
(527, 68, '7'),
(527, 69, '1.596'),
(527, 70, '14'),
(527, 71, 'Да'),
(528, 57, '2400'),
(528, 59, '12'),
(528, 63, 'Quick Step'),
(528, 64, 'Россия'),
(528, 72, '58'),
(529, 57, '1200'),
(529, 58, '190'),
(529, 59, '8'),
(529, 60, '32'),
(529, 61, 'без фаски'),
(529, 62, '1'),
(529, 63, 'Quick Step'),
(529, 64, 'Россия'),
(529, 65, 'под дерево'),
(529, 66, 'гостиная, спальная'),
(529, 67, 'замковое'),
(529, 68, '7'),
(529, 69, '1.596'),
(529, 70, '14'),
(529, 71, 'Да'),
(530, 57, '2400'),
(530, 59, '12'),
(530, 63, 'Quick Step'),
(530, 64, 'Россия'),
(530, 72, '58'),
(531, 57, '1200'),
(531, 58, '190'),
(531, 59, '8'),
(531, 60, '32'),
(531, 61, 'без фаски'),
(531, 62, '1'),
(531, 63, 'Quick Step'),
(531, 64, 'Россия'),
(531, 65, 'под дерево'),
(531, 66, 'гостиная, спальная'),
(531, 67, 'замковое'),
(531, 68, '7'),
(531, 69, '1.596'),
(531, 70, '14'),
(531, 71, 'Да'),
(532, 57, '2400'),
(532, 59, '12'),
(532, 63, 'Quick Step'),
(532, 64, 'Россия'),
(532, 72, '58'),
(533, 57, '1200'),
(533, 58, '190'),
(533, 59, '8'),
(533, 60, '32'),
(533, 61, 'без фаски'),
(533, 62, '1'),
(533, 63, 'Quick Step'),
(533, 64, 'Россия'),
(533, 65, 'под дерево'),
(533, 66, 'гостиная, спальная'),
(533, 67, 'замковое'),
(533, 68, '7'),
(533, 69, '1.596'),
(533, 70, '14'),
(533, 71, 'Да'),
(534, 57, '2400'),
(534, 59, '12'),
(534, 63, 'Quick Step'),
(534, 64, 'Россия'),
(534, 72, '58'),
(535, 57, '1200'),
(535, 58, '190'),
(535, 59, '8'),
(535, 60, '32'),
(535, 61, 'без фаски'),
(535, 62, '1'),
(535, 63, 'Quick Step'),
(535, 64, 'Россия'),
(535, 65, 'под дерево'),
(535, 66, 'гостиная, спальная'),
(535, 67, 'замковое'),
(535, 68, '7'),
(535, 69, '1.596'),
(535, 70, '14'),
(535, 71, 'Да'),
(536, 57, '2400'),
(536, 59, '12'),
(536, 63, 'Quick Step'),
(536, 64, 'Россия'),
(536, 72, '58'),
(537, 57, '1200'),
(537, 58, '190'),
(537, 59, '8'),
(537, 60, '32'),
(537, 61, 'без фаски'),
(537, 62, '1'),
(537, 63, 'Quick Step'),
(537, 64, 'Россия'),
(537, 65, 'под дерево'),
(537, 66, 'гостиная, спальная'),
(537, 67, 'замковое'),
(537, 68, '7'),
(537, 69, '1.596'),
(537, 70, '14'),
(537, 71, 'Да'),
(538, 57, '2400'),
(538, 59, '12'),
(538, 63, 'Quick Step'),
(538, 64, 'Россия'),
(538, 72, '58'),
(539, 57, '1200'),
(539, 58, '190'),
(539, 59, '8'),
(539, 60, '32'),
(539, 61, 'без фаски'),
(539, 62, '1'),
(539, 63, 'Quick Step'),
(539, 64, 'Россия'),
(539, 65, 'под дерево'),
(539, 66, 'гостиная, спальная'),
(539, 67, 'замковое'),
(539, 68, '7'),
(539, 69, '1.596'),
(539, 70, '14'),
(539, 71, 'Да'),
(540, 57, '2400'),
(540, 59, '12'),
(540, 63, 'Quick Step'),
(540, 64, 'Россия'),
(540, 72, '58'),
(541, 57, '1200'),
(541, 58, '190'),
(541, 59, '8'),
(541, 60, '32'),
(541, 61, 'без фаски'),
(541, 62, '1'),
(541, 63, 'Quick Step'),
(541, 64, 'Россия'),
(541, 65, 'под дерево'),
(541, 66, 'гостиная, спальная'),
(541, 67, 'замковое'),
(541, 68, '7'),
(541, 69, '1.596'),
(541, 70, '14'),
(541, 71, 'Да'),
(542, 57, '2400'),
(542, 59, '12'),
(542, 63, 'Quick Step'),
(542, 64, 'Россия'),
(542, 72, '58'),
(543, 57, '1200'),
(543, 58, '190'),
(543, 59, '8'),
(543, 60, '32'),
(543, 61, 'без фаски'),
(543, 62, '1'),
(543, 63, 'Quick Step'),
(543, 64, 'Россия'),
(543, 65, 'под дерево'),
(543, 66, 'гостиная, спальная'),
(543, 67, 'замковое'),
(543, 68, '7'),
(543, 69, '1.596'),
(543, 70, '14'),
(543, 71, 'Да'),
(544, 57, '2400'),
(544, 59, '12'),
(544, 63, 'Quick Step'),
(544, 64, 'Россия'),
(544, 72, '58'),
(545, 57, '1200'),
(545, 58, '190'),
(545, 59, '8'),
(545, 60, '32'),
(545, 61, 'без фаски'),
(545, 62, '1'),
(545, 63, 'Quick Step'),
(545, 64, 'Россия'),
(545, 65, 'под дерево'),
(545, 66, 'гостиная, спальная'),
(545, 67, 'замковое'),
(545, 68, '7'),
(545, 69, '1.596'),
(545, 70, '14'),
(545, 71, 'Да'),
(546, 57, '2400'),
(546, 59, '12'),
(546, 63, 'Quick Step'),
(546, 64, 'Россия'),
(546, 72, '58'),
(547, 57, '1200'),
(547, 58, '190'),
(547, 59, '8'),
(547, 60, '32'),
(547, 61, 'без фаски'),
(547, 62, '1'),
(547, 63, 'Quick Step'),
(547, 64, 'Россия'),
(547, 65, 'под дерево'),
(547, 66, 'гостиная, спальная'),
(547, 67, 'замковое'),
(547, 68, '7'),
(547, 69, '1.596'),
(547, 70, '14'),
(547, 71, 'Да'),
(548, 57, '2400'),
(548, 59, '12'),
(548, 63, 'Quick Step'),
(548, 64, 'Россия'),
(548, 72, '58'),
(549, 57, '1200'),
(549, 58, '190'),
(549, 59, '8'),
(549, 60, '32'),
(549, 61, 'без фаски'),
(549, 62, '1'),
(549, 63, 'Quick Step'),
(549, 64, 'Россия'),
(549, 65, 'под дерево'),
(549, 66, 'гостиная, спальная'),
(549, 67, 'замковое'),
(549, 68, '7'),
(549, 69, '1.596'),
(549, 70, '14'),
(549, 71, 'Да'),
(550, 57, '2400'),
(550, 59, '12'),
(550, 63, 'Quick Step'),
(550, 64, 'Россия'),
(550, 72, '58'),
(551, 57, '1200'),
(551, 58, '190'),
(551, 59, '8'),
(551, 60, '32'),
(551, 61, 'без фаски'),
(551, 62, '1'),
(551, 63, 'Quick Step'),
(551, 64, 'Россия'),
(551, 65, 'под дерево'),
(551, 66, 'гостиная, спальная'),
(551, 67, 'замковое'),
(551, 68, '7'),
(551, 69, '1.596'),
(551, 70, '14'),
(551, 71, 'Да'),
(552, 57, '2400'),
(552, 59, '12'),
(552, 63, 'Quick Step'),
(552, 64, 'Россия'),
(552, 72, '58'),
(553, 57, '1200'),
(553, 58, '190'),
(553, 59, '8'),
(553, 60, '32'),
(553, 61, 'без фаски'),
(553, 62, '1'),
(553, 63, 'Quick Step'),
(553, 64, 'Россия'),
(553, 65, 'под дерево'),
(553, 66, 'гостиная, спальная'),
(553, 67, 'замковое'),
(553, 68, '7'),
(553, 69, '1.596'),
(553, 70, '14'),
(553, 71, 'Да'),
(554, 57, '2400'),
(554, 59, '12'),
(554, 63, 'Quick Step'),
(554, 64, 'Россия'),
(554, 72, '58'),
(555, 57, '1200'),
(555, 58, '190'),
(555, 59, '8'),
(555, 60, '32'),
(555, 61, 'без фаски'),
(555, 62, '1'),
(555, 63, 'Quick Step'),
(555, 64, 'Россия'),
(555, 65, 'под дерево'),
(555, 66, 'гостиная, спальная'),
(555, 67, 'замковое'),
(555, 68, '7'),
(555, 69, '1.596'),
(555, 70, '14'),
(555, 71, 'Да'),
(556, 57, '2400'),
(556, 59, '12'),
(556, 63, 'Quick Step'),
(556, 64, 'Россия'),
(556, 72, '58'),
(557, 57, '1200'),
(557, 58, '190'),
(557, 59, '8'),
(557, 60, '32'),
(557, 61, 'без фаски'),
(557, 62, '1'),
(557, 63, 'Quick Step'),
(557, 64, 'Россия'),
(557, 65, 'под дерево'),
(557, 66, 'гостиная, спальная'),
(557, 67, 'замковое'),
(557, 68, '7'),
(557, 69, '1.596'),
(557, 70, '14'),
(557, 71, 'Да'),
(558, 57, '2400'),
(558, 59, '12'),
(558, 63, 'Quick Step'),
(558, 64, 'Россия'),
(558, 72, '58'),
(559, 57, '1380'),
(559, 58, '156'),
(559, 59, '8'),
(559, 60, '32'),
(559, 61, 'без фаски'),
(559, 62, '1'),
(559, 63, 'Quick Step'),
(559, 64, 'Россия'),
(559, 65, 'под дерево'),
(559, 66, 'гостиная, кухня, спальная'),
(559, 67, 'замковое'),
(559, 68, '8'),
(559, 69, '1.722'),
(559, 70, '13'),
(559, 71, 'Да'),
(560, 57, '2400'),
(560, 59, '12'),
(560, 63, 'Quick Step'),
(560, 64, 'Россия'),
(560, 72, '58'),
(561, 57, '1380'),
(561, 58, '156'),
(561, 59, '8'),
(561, 60, '32'),
(561, 61, 'без фаски'),
(561, 62, '1'),
(561, 63, 'Quick Step'),
(561, 64, 'Россия'),
(561, 65, 'под дерево'),
(561, 66, 'гостиная, кухня, спальная'),
(561, 67, 'замковое'),
(561, 68, '8'),
(561, 69, '1.722'),
(561, 70, '13'),
(561, 71, 'Да'),
(562, 57, '2400'),
(562, 59, '12'),
(562, 63, 'Quick Step'),
(562, 64, 'Россия'),
(562, 72, '58'),
(563, 57, '1380'),
(563, 58, '156'),
(563, 59, '8'),
(563, 60, '32'),
(563, 61, 'без фаски'),
(563, 62, '1'),
(563, 63, 'Quick Step'),
(563, 64, 'Россия'),
(563, 65, 'под дерево'),
(563, 66, 'гостиная, кухня, спальная'),
(563, 67, 'замковое'),
(563, 68, '8'),
(563, 69, '1.722'),
(563, 70, '13'),
(563, 71, 'Да'),
(564, 57, '2400'),
(564, 59, '12'),
(564, 63, 'Quick Step'),
(564, 64, 'Россия'),
(564, 72, '58'),
(565, 57, '1380'),
(565, 58, '156'),
(565, 59, '8'),
(565, 60, '32'),
(565, 61, 'без фаски'),
(565, 62, '1'),
(565, 63, 'Quick Step'),
(565, 64, 'Россия'),
(565, 65, 'под дерево'),
(565, 66, 'гостиная, кухня, спальная'),
(565, 67, 'замковое'),
(565, 68, '8'),
(565, 69, '1.722'),
(565, 70, '13'),
(565, 71, 'Да'),
(566, 57, '2400'),
(566, 59, '12'),
(566, 63, 'Quick Step'),
(566, 64, 'Россия'),
(566, 72, '58'),
(567, 57, '1380'),
(567, 58, '156'),
(567, 59, '8'),
(567, 60, '32'),
(567, 61, 'без фаски'),
(567, 62, '1'),
(567, 63, 'Quick Step'),
(567, 64, 'Россия'),
(567, 65, 'под дерево'),
(567, 66, 'гостиная, коридор, офис, спальная'),
(567, 67, 'замковое'),
(567, 68, '8'),
(567, 69, '1.722'),
(567, 70, '13'),
(567, 71, 'Да'),
(568, 57, '2400'),
(568, 59, '12'),
(568, 63, 'Quick Step'),
(568, 64, 'Россия'),
(568, 72, '58'),
(569, 57, '1380'),
(569, 58, '156'),
(569, 59, '8'),
(569, 60, '32'),
(569, 61, 'без фаски'),
(569, 62, '1'),
(569, 63, 'Quick Step'),
(569, 64, 'Россия'),
(569, 65, 'под дерево'),
(569, 66, 'гостиная, коридор, офис, спальная'),
(569, 67, 'замковое'),
(569, 68, '8'),
(569, 69, '1.722'),
(569, 70, '13'),
(569, 71, 'Да'),
(570, 57, '2400'),
(570, 59, '12'),
(570, 63, 'Quick Step'),
(570, 64, 'Россия'),
(570, 72, '58'),
(571, 57, '1380'),
(571, 58, '156'),
(571, 59, '8'),
(571, 60, '32'),
(571, 61, 'без фаски'),
(571, 62, '1'),
(571, 63, 'Quick Step'),
(571, 64, 'Россия'),
(571, 65, 'под дерево'),
(571, 66, 'гостиная, коридор, офис, спальная'),
(571, 67, 'замковое'),
(571, 68, '8'),
(571, 69, '1.722'),
(571, 70, '13'),
(571, 71, 'Да'),
(572, 57, '2400'),
(572, 59, '12'),
(572, 63, 'Quick Step'),
(572, 64, 'Россия'),
(572, 72, '58'),
(573, 57, '1380'),
(573, 58, '156'),
(573, 59, '8'),
(573, 60, '32'),
(573, 61, 'без фаски'),
(573, 62, '1'),
(573, 63, 'Quick Step'),
(573, 64, 'Россия'),
(573, 65, 'под дерево'),
(573, 66, 'гостиная, коридор, офис, спальная'),
(573, 67, 'замковое'),
(573, 68, '8'),
(573, 69, '1.722'),
(573, 70, '13'),
(573, 71, 'Да'),
(574, 57, '2400'),
(574, 59, '12'),
(574, 63, 'Quick Step'),
(574, 64, 'Россия'),
(574, 72, '58'),
(575, 57, '1380'),
(575, 58, '156'),
(575, 59, '8'),
(575, 60, '32'),
(575, 61, 'без фаски'),
(575, 62, '1'),
(575, 63, 'Quick Step'),
(575, 64, 'Россия'),
(575, 65, 'под дерево'),
(575, 66, 'гостиная, коридор, офис, спальная'),
(575, 67, 'замковое'),
(575, 68, '8'),
(575, 69, '1.722'),
(575, 70, '13'),
(575, 71, 'Да'),
(576, 57, '2400'),
(576, 59, '12'),
(576, 63, 'Quick Step'),
(576, 64, 'Россия'),
(576, 72, '58'),
(577, 57, '1380'),
(577, 58, '156'),
(577, 59, '8'),
(577, 60, '32'),
(577, 61, 'без фаски'),
(577, 62, '1'),
(577, 63, 'Quick Step'),
(577, 64, 'Россия'),
(577, 65, 'под дерево'),
(577, 66, 'гостиная, коридор, офис, спальная'),
(577, 67, 'замковое'),
(577, 68, '8'),
(577, 69, '1.722'),
(577, 70, '13'),
(577, 71, 'Да'),
(578, 57, '2400'),
(578, 59, '12'),
(578, 63, 'Quick Step'),
(578, 64, 'Россия'),
(578, 72, '58'),
(579, 57, '1380'),
(579, 58, '156'),
(579, 59, '8'),
(579, 60, '32'),
(579, 61, 'без фаски'),
(579, 62, '1'),
(579, 63, 'Quick Step'),
(579, 64, 'Россия'),
(579, 65, 'под дерево'),
(579, 66, 'гостиная, коридор, офис, спальная'),
(579, 67, 'замковое'),
(579, 68, '8'),
(579, 69, '1.722'),
(579, 70, '13'),
(579, 71, 'Да'),
(580, 57, '2400'),
(580, 59, '12'),
(580, 63, 'Quick Step'),
(580, 64, 'Россия'),
(580, 72, '58'),
(581, 57, '1380'),
(581, 58, '156'),
(581, 59, '8'),
(581, 60, '32'),
(581, 61, 'без фаски'),
(581, 62, '1'),
(581, 63, 'Quick Step'),
(581, 64, 'Россия'),
(581, 65, 'под дерево'),
(581, 66, 'гостиная, коридор, офис, спальная'),
(581, 67, 'замковое'),
(581, 68, '8'),
(581, 69, '1.722'),
(581, 70, '13'),
(581, 71, 'Да'),
(582, 57, '2400'),
(582, 59, '12'),
(582, 63, 'Quick Step'),
(582, 64, 'Россия'),
(582, 72, '58'),
(583, 57, '1380'),
(583, 58, '156'),
(583, 59, '8'),
(583, 60, '32'),
(583, 61, 'без фаски'),
(583, 62, '1'),
(583, 63, 'Quick Step'),
(583, 64, 'Россия'),
(583, 65, 'под дерево'),
(583, 66, 'гостиная, коридор, офис, спальная'),
(583, 67, 'замковое'),
(583, 68, '8'),
(583, 69, '1.722'),
(583, 70, '13'),
(583, 71, 'Да'),
(584, 57, '2400'),
(584, 59, '12'),
(584, 63, 'Quick Step'),
(584, 64, 'Россия'),
(584, 72, '58'),
(585, 57, '1380'),
(585, 58, '156'),
(585, 59, '8'),
(585, 60, '32'),
(585, 61, 'без фаски'),
(585, 62, '1'),
(585, 63, 'Quick Step'),
(585, 64, 'Россия'),
(585, 65, 'под дерево'),
(585, 66, 'гостиная, коридор, офис, спальная'),
(585, 67, 'замковое'),
(585, 68, '8'),
(585, 69, '1.722'),
(585, 70, '13'),
(585, 71, 'Да'),
(586, 57, '2400'),
(586, 59, '12'),
(586, 63, 'Quick Step'),
(586, 64, 'Россия'),
(586, 72, '58'),
(587, 57, '1380'),
(587, 58, '156'),
(587, 59, '8'),
(587, 60, '32'),
(587, 61, 'без фаски'),
(587, 62, '1'),
(587, 63, 'Quick Step'),
(587, 64, 'Россия'),
(587, 65, 'под дерево'),
(587, 66, 'гостиная, коридор, офис, спальная'),
(587, 67, 'замковое'),
(587, 68, '8'),
(587, 69, '1.722'),
(587, 70, '13'),
(587, 71, 'Да'),
(588, 57, '2400'),
(588, 59, '12'),
(588, 63, 'Quick Step'),
(588, 64, 'Россия'),
(588, 72, '58'),
(589, 57, '1380'),
(589, 58, '156'),
(589, 59, '8'),
(589, 60, '32'),
(589, 61, 'без фаски'),
(589, 62, '1'),
(589, 63, 'Quick Step'),
(589, 64, 'Россия'),
(589, 65, 'под дерево'),
(589, 66, 'гостиная, коридор, офис, спальная'),
(589, 67, 'замковое'),
(589, 68, '8'),
(589, 69, '1.722'),
(589, 70, '13'),
(589, 71, 'Да'),
(590, 57, '2400'),
(590, 59, '12'),
(590, 63, 'Quick Step'),
(590, 64, 'Россия'),
(590, 72, '58'),
(591, 57, '1380'),
(591, 58, '156'),
(591, 59, '8'),
(591, 60, '32'),
(591, 61, 'без фаски'),
(591, 62, '1'),
(591, 63, 'Quick Step'),
(591, 64, 'Россия'),
(591, 65, 'под дерево'),
(591, 66, 'гостиная, коридор, офис, спальная'),
(591, 67, 'замковое'),
(591, 68, '8'),
(591, 69, '1.722'),
(591, 70, '13'),
(591, 71, 'Да'),
(592, 57, '2400'),
(592, 59, '12'),
(592, 63, 'Quick Step'),
(592, 64, 'Россия'),
(592, 72, '58'),
(593, 57, '1380'),
(593, 58, '156'),
(593, 59, '8'),
(593, 60, '32'),
(593, 61, 'без фаски'),
(593, 62, '1'),
(593, 63, 'Quick Step'),
(593, 64, 'Россия'),
(593, 65, 'под дерево'),
(593, 66, 'гостиная, коридор, офис, спальная'),
(593, 67, 'замковое'),
(593, 68, '8'),
(593, 69, '1.722'),
(593, 70, '13'),
(593, 71, 'Да'),
(594, 57, '2400'),
(594, 59, '12'),
(594, 63, 'Quick Step'),
(594, 64, 'Россия'),
(594, 72, '58'),
(595, 57, '1380'),
(595, 58, '156'),
(595, 59, '8'),
(595, 60, '32'),
(595, 61, 'без фаски'),
(595, 62, '1'),
(595, 63, 'Quick Step'),
(595, 64, 'Россия'),
(595, 65, 'под дерево'),
(595, 66, 'гостиная, коридор, офис, спальная'),
(595, 67, 'замковое'),
(595, 68, '8'),
(595, 69, '1.722'),
(595, 70, '13'),
(595, 71, 'Да'),
(596, 57, '2400'),
(596, 59, '12'),
(596, 63, 'Quick Step'),
(596, 64, 'Россия'),
(596, 72, '58'),
(597, 57, '1380'),
(597, 58, '156'),
(597, 59, '8'),
(597, 60, '32'),
(597, 61, 'без фаски'),
(597, 62, '1'),
(597, 63, 'Quick Step'),
(597, 64, 'Россия'),
(597, 65, 'под дерево'),
(597, 66, 'гостиная, коридор, офис, спальная'),
(597, 67, 'замковое'),
(597, 68, '8'),
(597, 69, '1.722'),
(597, 70, '13'),
(597, 71, 'Да'),
(598, 57, '2400'),
(598, 59, '12'),
(598, 63, 'Quick Step'),
(598, 64, 'Россия'),
(598, 72, '58'),
(599, 57, '1380'),
(599, 58, '156'),
(599, 59, '8'),
(599, 60, '32'),
(599, 61, 'без фаски'),
(599, 62, '1'),
(599, 63, 'Quick Step'),
(599, 64, 'Россия'),
(599, 65, 'под дерево'),
(599, 66, 'гостиная, коридор, офис, спальная'),
(599, 67, 'замковое'),
(599, 68, '8'),
(599, 69, '1.722'),
(599, 70, '13'),
(599, 71, 'Да'),
(600, 57, '1380'),
(600, 58, '156'),
(600, 59, '8'),
(600, 60, '32'),
(600, 61, 'без фаски'),
(600, 62, '1'),
(600, 63, 'Quick Step'),
(600, 64, 'Россия'),
(600, 65, 'под дерево'),
(600, 66, 'гостиная, коридор, офис, спальная'),
(600, 67, 'замковое'),
(600, 68, '8'),
(600, 69, '1.722'),
(600, 70, '13'),
(600, 71, 'Да'),
(601, 57, '1380'),
(601, 58, '190'),
(601, 59, '8'),
(601, 60, '32'),
(601, 61, '4'),
(601, 62, '1'),
(601, 63, 'Quick Step'),
(601, 64, 'Россия'),
(601, 65, 'под дерево'),
(601, 66, 'гостиная, кухня, спальная'),
(601, 67, 'замковое'),
(601, 68, '7'),
(601, 69, '1.835'),
(601, 70, '12.65'),
(601, 71, 'Да'),
(602, 57, '2400'),
(602, 59, '12'),
(602, 63, 'Quick Step'),
(602, 64, 'Россия'),
(602, 72, '58'),
(603, 57, '1380'),
(603, 58, '190'),
(603, 59, '8'),
(603, 60, '32'),
(603, 61, '4'),
(603, 62, '1'),
(603, 63, 'Quick Step'),
(603, 64, 'Россия'),
(603, 65, 'под дерево'),
(603, 66, 'гостиная, кухня, спальная'),
(603, 67, 'замковое'),
(603, 68, '7'),
(603, 69, '1.835'),
(603, 70, '12.65'),
(603, 71, 'Да'),
(604, 57, '2400'),
(604, 59, '12'),
(604, 63, 'Quick Step'),
(604, 64, 'Россия'),
(604, 72, '58'),
(605, 57, '1380'),
(605, 58, '190'),
(605, 59, '8'),
(605, 60, '32'),
(605, 61, '4'),
(605, 62, '1'),
(605, 63, 'Quick Step'),
(605, 64, 'Россия'),
(605, 65, 'под дерево'),
(605, 66, 'гостиная, кухня, спальная'),
(605, 67, 'замковое'),
(605, 68, '7'),
(605, 69, '1.835'),
(605, 70, '12.65'),
(605, 71, 'Да'),
(606, 57, '2400'),
(606, 59, '12'),
(606, 63, 'Quick Step'),
(606, 64, 'Россия'),
(606, 72, '58'),
(607, 57, '1380'),
(607, 58, '190'),
(607, 59, '8'),
(607, 60, '32'),
(607, 61, '4'),
(607, 62, '1'),
(607, 63, 'Quick Step'),
(607, 64, 'Россия'),
(607, 65, 'под дерево'),
(607, 66, 'гостиная, кухня, спальная'),
(607, 67, 'замковое'),
(607, 68, '7'),
(607, 69, '1.835'),
(607, 70, '12.65'),
(607, 71, 'Да'),
(608, 57, '2400'),
(608, 59, '12'),
(608, 63, 'Quick Step'),
(608, 64, 'Россия'),
(608, 72, '58'),
(609, 57, '1380'),
(609, 58, '190'),
(609, 59, '8'),
(609, 60, '32'),
(609, 61, '4'),
(609, 62, '1'),
(609, 63, 'Quick Step'),
(609, 64, 'Россия'),
(609, 65, 'под дерево'),
(609, 66, 'гостиная, кухня, спальная'),
(609, 67, 'замковое'),
(609, 68, '7'),
(609, 69, '1.835'),
(609, 70, '12.65'),
(609, 71, 'Да'),
(610, 57, '2400'),
(610, 59, '12'),
(610, 63, 'Quick Step'),
(610, 64, 'Россия'),
(610, 72, '58'),
(611, 57, '1380'),
(611, 58, '190'),
(611, 59, '8'),
(611, 60, '32'),
(611, 61, '4'),
(611, 62, '1'),
(611, 63, 'Quick Step'),
(611, 64, 'Россия'),
(611, 65, 'под дерево'),
(611, 66, 'гостиная, кухня, спальная'),
(611, 67, 'замковое'),
(611, 68, '7'),
(611, 69, '1.835'),
(611, 70, '12.65'),
(611, 71, 'Да'),
(612, 57, '2400'),
(612, 59, '12'),
(612, 63, 'Quick Step'),
(612, 64, 'Россия'),
(612, 72, '58'),
(613, 57, '1380'),
(613, 58, '190'),
(613, 59, '8'),
(613, 60, '32'),
(613, 61, '4'),
(613, 62, '1'),
(613, 63, 'Quick Step'),
(613, 64, 'Россия'),
(613, 65, 'под дерево'),
(613, 66, 'гостиная, кухня, спальная'),
(613, 67, 'замковое'),
(613, 68, '7'),
(613, 69, '1.835'),
(613, 70, '12.65'),
(613, 71, 'Да'),
(614, 57, '1380'),
(614, 58, '190'),
(614, 59, '8'),
(614, 60, '32'),
(614, 61, '4'),
(614, 62, '1'),
(614, 63, 'Quick Step'),
(614, 64, 'Россия'),
(614, 65, 'под дерево'),
(614, 66, 'гостиная, кухня, спальная'),
(614, 67, 'замковое'),
(614, 68, '7'),
(614, 69, '1.835'),
(614, 70, '12.65'),
(614, 71, 'Да'),
(615, 57, '2400'),
(615, 59, '12'),
(615, 63, 'Quick Step'),
(615, 64, 'Россия'),
(615, 72, '58'),
(616, 57, '1380'),
(616, 58, '190'),
(616, 59, '8'),
(616, 60, '32'),
(616, 61, '4'),
(616, 62, '1'),
(616, 63, 'Quick Step'),
(616, 64, 'Россия'),
(616, 65, 'под дерево'),
(616, 66, 'гостиная, кухня, спальная'),
(616, 67, 'замковое'),
(616, 68, '7'),
(616, 69, '1.835'),
(616, 70, '12.65'),
(616, 71, 'Да'),
(617, 57, '2400'),
(617, 59, '12'),
(617, 63, 'Quick Step'),
(617, 64, 'Россия'),
(617, 72, '58'),
(618, 57, '1380'),
(618, 58, '190'),
(618, 59, '8'),
(618, 60, '32'),
(618, 61, '4'),
(618, 62, '1'),
(618, 63, 'Quick Step'),
(618, 64, 'Россия'),
(618, 65, 'под дерево'),
(618, 66, 'гостиная, кухня, спальная'),
(618, 67, 'замковое'),
(618, 68, '7'),
(618, 69, '1.835'),
(618, 70, '12.65'),
(618, 71, 'Да'),
(619, 57, '1380'),
(619, 58, '190'),
(619, 59, '8'),
(619, 60, '32'),
(619, 61, '4'),
(619, 62, '1'),
(619, 63, 'Quick Step'),
(619, 64, 'Россия'),
(619, 65, 'под дерево'),
(619, 66, 'гостиная, кухня, спальная'),
(619, 67, 'замковое'),
(619, 68, '7'),
(619, 69, '1.835'),
(619, 70, '12.65'),
(619, 71, 'Да'),
(620, 57, '2400'),
(620, 59, '12'),
(620, 63, 'Quick Step'),
(620, 64, 'Россия'),
(620, 72, '58'),
(621, 57, '1380'),
(621, 58, '190'),
(621, 59, '8'),
(621, 60, '32'),
(621, 61, '4'),
(621, 62, '1'),
(621, 63, 'Quick Step'),
(621, 64, 'Россия'),
(621, 65, 'под дерево'),
(621, 66, 'гостиная, кухня, спальная'),
(621, 67, 'замковое'),
(621, 68, '7'),
(621, 69, '1.835'),
(621, 70, '12.65'),
(621, 71, 'Да'),
(622, 57, '2400'),
(622, 59, '12'),
(622, 63, 'Quick Step'),
(622, 64, 'Россия'),
(622, 72, '58'),
(623, 57, '1380'),
(623, 58, '190'),
(623, 59, '8'),
(623, 60, '32'),
(623, 61, '4'),
(623, 62, '1'),
(623, 63, 'Quick Step'),
(623, 64, 'Россия'),
(623, 65, 'под дерево'),
(623, 66, 'гостиная, кухня, спальная'),
(623, 67, 'замковое'),
(623, 68, '7'),
(623, 69, '1.835'),
(623, 70, '12.65'),
(623, 71, 'Да'),
(624, 57, '2400'),
(624, 59, '12'),
(624, 63, 'Quick Step'),
(624, 64, 'Россия'),
(624, 72, '58'),
(625, 57, '1380'),
(625, 58, '190'),
(625, 59, '8'),
(625, 60, '32'),
(625, 61, '4'),
(625, 62, '1'),
(625, 63, 'Quick Step'),
(625, 64, 'Россия'),
(625, 65, 'под дерево'),
(625, 66, 'гостиная, кухня, спальная'),
(625, 67, 'замковое'),
(625, 68, '7'),
(625, 69, '1.835'),
(625, 70, '12.65'),
(625, 71, 'Да'),
(626, 57, '2400'),
(626, 59, '12'),
(626, 63, 'Quick Step'),
(626, 64, 'Россия'),
(626, 72, '58'),
(627, 57, '1380'),
(627, 58, '190'),
(627, 59, '8'),
(627, 60, '32'),
(627, 61, '4'),
(627, 62, '1'),
(627, 63, 'Quick Step'),
(627, 64, 'Россия'),
(627, 65, 'под дерево'),
(627, 66, 'гостиная, кухня, спальная'),
(627, 67, 'замковое'),
(627, 68, '7'),
(627, 69, '1.835'),
(627, 70, '12.65'),
(627, 71, 'Да'),
(628, 57, '2400'),
(628, 59, '12'),
(628, 63, 'Quick Step'),
(628, 64, 'Россия'),
(628, 72, '58'),
(629, 57, '1380'),
(629, 58, '190'),
(629, 59, '8'),
(629, 60, '32'),
(629, 61, '4'),
(629, 62, '1'),
(629, 63, 'Quick Step'),
(629, 64, 'Россия'),
(629, 65, 'под дерево'),
(629, 66, 'гостиная, кухня, спальная'),
(629, 67, 'замковое'),
(629, 68, '7'),
(629, 69, '1.835'),
(629, 70, '12.65'),
(629, 71, 'Да'),
(630, 57, '2400'),
(630, 59, '12'),
(630, 63, 'Quick Step'),
(630, 64, 'Россия'),
(630, 72, '58'),
(631, 57, '1380'),
(631, 58, '190'),
(631, 59, '8'),
(631, 60, '32'),
(631, 61, '4'),
(631, 62, '1'),
(631, 63, 'Quick Step'),
(631, 64, 'Россия'),
(631, 65, 'под дерево'),
(631, 66, 'гостиная, кухня, спальная'),
(631, 67, 'замковое'),
(631, 68, '7'),
(631, 69, '1.835'),
(631, 70, '12.65'),
(631, 71, 'Да'),
(632, 57, '2400'),
(632, 59, '12'),
(632, 63, 'Quick Step'),
(632, 64, 'Россия'),
(632, 72, '58'),
(633, 57, '1380'),
(633, 58, '190'),
(633, 59, '8'),
(633, 60, '32'),
(633, 61, '4'),
(633, 62, '1'),
(633, 63, 'Quick Step'),
(633, 64, 'Россия'),
(633, 65, 'под дерево'),
(633, 66, 'гостиная, кухня, спальная'),
(633, 67, 'замковое'),
(633, 68, '7'),
(633, 69, '1.835'),
(633, 70, '12.65'),
(633, 71, 'Да'),
(634, 57, '1380'),
(634, 58, '190'),
(634, 59, '8'),
(634, 60, '32'),
(634, 61, '4'),
(634, 62, '1'),
(634, 63, 'Quick Step'),
(634, 64, 'Россия'),
(634, 65, 'под дерево'),
(634, 66, 'гостиная, кухня, спальная'),
(634, 67, 'замковое'),
(634, 68, '7'),
(634, 69, '1.835'),
(634, 70, '12.65'),
(634, 71, 'Да'),
(635, 57, '2400'),
(635, 59, '12'),
(635, 63, 'Quick Step'),
(635, 64, 'Россия'),
(635, 72, '58'),
(636, 57, '1380'),
(636, 58, '190'),
(636, 59, '8'),
(636, 60, '32'),
(636, 61, '4'),
(636, 62, '1'),
(636, 63, 'Quick Step'),
(636, 64, 'Россия'),
(636, 65, 'под дерево'),
(636, 66, 'гостиная, кухня, спальная'),
(636, 67, 'замковое'),
(636, 68, '7'),
(636, 69, '1.835'),
(636, 70, '12.65'),
(636, 71, 'Да'),
(637, 57, '2400'),
(637, 59, '12'),
(637, 63, 'Quick Step'),
(637, 64, 'Россия'),
(637, 72, '58'),
(638, 57, '1380'),
(638, 58, '190'),
(638, 59, '8'),
(638, 60, '32'),
(638, 61, '4'),
(638, 62, '1'),
(638, 63, 'Quick Step'),
(638, 64, 'Россия'),
(638, 65, 'под дерево'),
(638, 66, 'гостиная, кухня, спальная'),
(638, 67, 'замковое'),
(638, 68, '7'),
(638, 69, '1.835'),
(638, 70, '12.65'),
(638, 71, 'Да'),
(639, 57, '2400'),
(639, 59, '12'),
(639, 63, 'Quick Step'),
(639, 64, 'Россия'),
(639, 72, '58'),
(640, 57, '1380'),
(640, 58, '190'),
(640, 59, '8'),
(640, 60, '32'),
(640, 61, '4'),
(640, 62, '1'),
(640, 63, 'Quick Step'),
(640, 64, 'Россия'),
(640, 65, 'под дерево'),
(640, 66, 'гостиная, кухня, спальная'),
(640, 67, 'замковое'),
(640, 68, '7'),
(640, 69, '1.835'),
(640, 70, '12.65'),
(640, 71, 'Да'),
(641, 57, '2400'),
(641, 59, '12'),
(641, 63, 'Quick Step'),
(641, 64, 'Россия'),
(641, 72, '58'),
(642, 57, '1200'),
(642, 58, '396'),
(642, 59, '8'),
(642, 60, '33'),
(642, 61, '4'),
(642, 63, 'Quick Step'),
(642, 64, 'Россия'),
(642, 65, 'под художественный паркет'),
(642, 66, 'гостиная, спальная'),
(642, 67, 'замковое'),
(642, 68, '4'),
(642, 69, '1.901'),
(642, 71, 'Да'),
(643, 57, '2400'),
(643, 59, '12'),
(643, 63, 'Quick Step'),
(643, 64, 'Россия'),
(643, 72, '58'),
(644, 57, '1200'),
(644, 58, '396'),
(644, 59, '8'),
(644, 60, '33'),
(644, 61, '4'),
(644, 63, 'Quick Step'),
(644, 64, 'Россия'),
(644, 65, 'под художественный паркет'),
(644, 66, 'гостиная, спальная'),
(644, 67, 'замковое'),
(644, 68, '4'),
(644, 69, '1.901'),
(644, 71, 'Да'),
(645, 57, '2400'),
(645, 59, '12'),
(645, 63, 'Quick Step'),
(645, 64, 'Россия'),
(645, 72, '58'),
(646, 57, '1200'),
(646, 58, '396'),
(646, 59, '8'),
(646, 60, '33'),
(646, 61, '4'),
(646, 63, 'Quick Step'),
(646, 64, 'Россия'),
(646, 65, 'под художественный паркет'),
(646, 66, 'гостиная, спальная'),
(646, 67, 'замковое'),
(646, 68, '4'),
(646, 69, '1.901'),
(646, 71, 'Да'),
(647, 57, '2400'),
(647, 59, '12'),
(647, 63, 'Quick Step'),
(647, 64, 'Россия'),
(647, 72, '58'),
(648, 57, '1200'),
(648, 58, '396'),
(648, 59, '8'),
(648, 60, '33'),
(648, 61, '4'),
(648, 63, 'Quick Step'),
(648, 64, 'Россия'),
(648, 65, 'под художественный паркет'),
(648, 66, 'гостиная, спальная'),
(648, 67, 'замковое'),
(648, 68, '4'),
(648, 69, '1.901'),
(648, 71, 'Да'),
(649, 57, '2400'),
(649, 59, '12'),
(649, 63, 'Quick Step'),
(649, 64, 'Россия'),
(649, 72, '58'),
(650, 57, '1200'),
(650, 58, '396'),
(650, 59, '8'),
(650, 60, '33'),
(650, 61, '4'),
(650, 63, 'Quick Step'),
(650, 64, 'Россия'),
(650, 65, 'под художественный паркет'),
(650, 66, 'гостиная, спальная'),
(650, 67, 'замковое'),
(650, 68, '4'),
(650, 69, '1.901'),
(650, 71, 'Да'),
(651, 57, '2400'),
(651, 59, '12'),
(651, 63, 'Quick Step'),
(651, 64, 'Россия'),
(651, 72, '58'),
(652, 57, '1200'),
(652, 58, '396'),
(652, 59, '8'),
(652, 60, '33'),
(652, 61, '4'),
(652, 63, 'Quick Step'),
(652, 64, 'Россия'),
(652, 65, 'под художественный паркет'),
(652, 66, 'гостиная, спальная'),
(652, 67, 'замковое'),
(652, 68, '4'),
(652, 69, '1.901'),
(652, 71, 'Да'),
(653, 57, '1200'),
(653, 58, '396'),
(653, 59, '8'),
(653, 60, '33'),
(653, 61, '4'),
(653, 63, 'Quick Step'),
(653, 64, 'Россия'),
(653, 65, 'под художественный паркет'),
(653, 66, 'гостиная, спальная'),
(653, 67, 'замковое'),
(653, 68, '4'),
(653, 69, '1.901'),
(653, 71, 'Да'),
(654, 57, '2400'),
(654, 59, '12'),
(654, 63, 'Quick Step'),
(654, 64, 'Россия'),
(654, 72, '58'),
(655, 57, '1200'),
(655, 58, '396'),
(655, 59, '8'),
(655, 60, '33'),
(655, 61, '4'),
(655, 63, 'Quick Step'),
(655, 64, 'Россия'),
(655, 65, 'под художественный паркет'),
(655, 66, 'гостиная, спальная'),
(655, 67, 'замковое'),
(655, 68, '4'),
(655, 69, '1.901'),
(655, 71, 'Да'),
(656, 57, '2400'),
(656, 59, '12'),
(656, 63, 'Quick Step'),
(656, 64, 'Россия'),
(656, 72, '58'),
(657, 57, '1200'),
(657, 58, '396'),
(657, 59, '8'),
(657, 60, '33'),
(657, 61, '4'),
(657, 63, 'Quick Step'),
(657, 64, 'Россия'),
(657, 65, 'под художественный паркет'),
(657, 66, 'гостиная, спальная'),
(657, 67, 'замковое'),
(657, 68, '4'),
(657, 69, '1.901'),
(657, 71, 'Да'),
(658, 57, '2400'),
(658, 59, '12'),
(658, 63, 'Quick Step'),
(658, 64, 'Россия'),
(658, 72, '58'),
(659, 57, '1200'),
(659, 58, '396'),
(659, 59, '8'),
(659, 60, '33'),
(659, 61, '4'),
(659, 63, 'Quick Step'),
(659, 64, 'Россия'),
(659, 65, 'под художественный паркет'),
(659, 66, 'гостиная, спальная'),
(659, 67, 'замковое'),
(659, 68, '4'),
(659, 69, '1.901'),
(659, 71, 'Да'),
(660, 57, '2400'),
(660, 59, '12'),
(660, 63, 'Quick Step'),
(660, 64, 'Россия'),
(660, 72, '58'),
(661, 57, '1200'),
(661, 58, '396'),
(661, 59, '8'),
(661, 60, '33'),
(661, 61, '4'),
(661, 63, 'Quick Step'),
(661, 64, 'Россия'),
(661, 65, 'под художественный паркет'),
(661, 66, 'гостиная, спальная'),
(661, 67, 'замковое'),
(661, 68, '4'),
(661, 69, '1.901'),
(661, 71, 'Да'),
(662, 57, '2400'),
(662, 59, '12'),
(662, 63, 'Quick Step'),
(662, 64, 'Россия'),
(662, 72, '58'),
(663, 57, '1200'),
(663, 58, '396'),
(663, 59, '8'),
(663, 60, '33'),
(663, 61, '4'),
(663, 63, 'Quick Step'),
(663, 64, 'Россия'),
(663, 65, 'под художественный паркет'),
(663, 66, 'гостиная, спальная'),
(663, 67, 'замковое'),
(663, 68, '4'),
(663, 69, '1.901'),
(663, 71, 'Да'),
(664, 57, '2400'),
(664, 59, '12'),
(664, 63, 'Quick Step'),
(664, 64, 'Россия'),
(664, 72, '58'),
(665, 57, '1380'),
(665, 58, '190'),
(665, 59, '12'),
(665, 60, '33'),
(665, 61, '4'),
(665, 62, '1'),
(665, 63, 'Quick Step'),
(665, 64, 'Россия'),
(665, 65, 'под дерево'),
(665, 66, 'гостиная, коридор, кухня, офис, спальная'),
(665, 67, 'замковое'),
(665, 68, '5'),
(665, 69, '1.311'),
(665, 70, '12.65'),
(665, 71, 'Да'),
(666, 57, '1380'),
(666, 58, '190'),
(666, 59, '12'),
(666, 60, '33'),
(666, 61, '4'),
(666, 62, '1'),
(666, 63, 'Quick Step'),
(666, 64, 'Россия'),
(666, 65, 'под дерево'),
(666, 66, 'гостиная, коридор, кухня, офис, спальная'),
(666, 67, 'замковое'),
(666, 68, '5'),
(666, 69, '1.311'),
(666, 70, '12.65'),
(666, 71, 'Да'),
(667, 57, '1380'),
(667, 58, '190'),
(667, 59, '12'),
(667, 60, '33'),
(667, 61, '4'),
(667, 62, '1'),
(667, 63, 'Quick Step'),
(667, 64, 'Россия'),
(667, 65, 'под дерево'),
(667, 66, 'гостиная, коридор, кухня, офис, спальная'),
(667, 67, 'замковое'),
(667, 68, '5'),
(667, 69, '1.311'),
(667, 70, '12.65'),
(667, 71, 'Да'),
(668, 57, '1380'),
(668, 58, '190'),
(668, 59, '12'),
(668, 60, '33'),
(668, 61, '4'),
(668, 62, '1'),
(668, 63, 'Quick Step'),
(668, 64, 'Россия'),
(668, 65, 'под дерево'),
(668, 66, 'гостиная, коридор, кухня, офис, спальная'),
(668, 67, 'замковое'),
(668, 68, '5'),
(668, 69, '1.311'),
(668, 70, '12.65'),
(668, 71, 'Да'),
(669, 57, '1380'),
(669, 58, '190'),
(669, 59, '12'),
(669, 60, '33'),
(669, 61, '4'),
(669, 62, '1'),
(669, 63, 'Quick Step'),
(669, 64, 'Россия'),
(669, 65, 'под дерево'),
(669, 66, 'гостиная, коридор, кухня, офис, спальная'),
(669, 67, 'замковое'),
(669, 68, '5'),
(669, 69, '1.311'),
(669, 70, '12.65'),
(669, 71, 'Да'),
(670, 57, '1380'),
(670, 58, '190'),
(670, 59, '12'),
(670, 60, '33'),
(670, 61, '4'),
(670, 62, '1'),
(670, 63, 'Quick Step'),
(670, 64, 'Россия'),
(670, 65, 'под дерево'),
(670, 66, 'гостиная, коридор, кухня, офис, спальная'),
(670, 67, 'замковое'),
(670, 68, '5'),
(670, 69, '1.311'),
(670, 70, '12.65'),
(670, 71, 'Да'),
(671, 57, '1380'),
(671, 58, '190'),
(671, 59, '12'),
(671, 60, '33'),
(671, 61, '4'),
(671, 62, '1'),
(671, 63, 'Quick Step'),
(671, 64, 'Россия'),
(671, 65, 'под дерево'),
(671, 66, 'гостиная, коридор, кухня, офис, спальная'),
(671, 67, 'замковое'),
(671, 68, '5'),
(671, 69, '1.311'),
(671, 70, '12.65'),
(671, 71, 'Да'),
(672, 57, '1380'),
(672, 58, '190'),
(672, 59, '12'),
(672, 60, '33'),
(672, 61, '4'),
(672, 62, '1'),
(672, 63, 'Quick Step'),
(672, 64, 'Россия'),
(672, 65, 'под дерево'),
(672, 66, 'гостиная, коридор, кухня, офис, спальная'),
(672, 67, 'замковое'),
(672, 68, '5'),
(672, 69, '1.311'),
(672, 70, '12.65'),
(672, 71, 'Да'),
(673, 57, '1380'),
(673, 58, '190'),
(673, 59, '12'),
(673, 60, '33'),
(673, 61, '4'),
(673, 62, '1'),
(673, 63, 'Quick Step'),
(673, 64, 'Россия'),
(673, 65, 'под дерево'),
(673, 66, 'гостиная, коридор, кухня, офис, спальная'),
(673, 67, 'замковое'),
(673, 68, '5'),
(673, 69, '1.311'),
(673, 70, '12.65'),
(673, 71, 'Да'),
(674, 57, '1380'),
(674, 58, '190'),
(674, 59, '12'),
(674, 60, '33'),
(674, 61, '4'),
(674, 62, '1'),
(674, 63, 'Quick Step'),
(674, 64, 'Россия'),
(674, 65, 'под дерево'),
(674, 66, 'гостиная, коридор, кухня, офис, спальная'),
(674, 67, 'замковое'),
(674, 68, '5'),
(674, 69, '1.311'),
(674, 70, '12.65'),
(674, 71, 'Да'),
(675, 57, '1380'),
(675, 58, '190'),
(675, 59, '12'),
(675, 60, '33'),
(675, 61, '4'),
(675, 62, '1'),
(675, 63, 'Quick Step'),
(675, 64, 'Россия'),
(675, 65, 'под дерево'),
(675, 66, 'гостиная, коридор, кухня, офис, спальная'),
(675, 67, 'замковое'),
(675, 68, '5'),
(675, 69, '1.311'),
(675, 70, '12.65'),
(675, 71, 'Да'),
(676, 57, '1380'),
(676, 58, '190'),
(676, 59, '12'),
(676, 60, '33'),
(676, 61, '4'),
(676, 62, '1'),
(676, 63, 'Quick Step'),
(676, 64, 'Россия'),
(676, 65, 'под дерево'),
(676, 66, 'гостиная, коридор, кухня, офис, спальная'),
(676, 67, 'замковое'),
(676, 68, '5'),
(676, 69, '1.311'),
(676, 70, '12.65'),
(676, 71, 'Да'),
(677, 57, '1380'),
(677, 58, '190'),
(677, 59, '12'),
(677, 60, '33'),
(677, 61, '4'),
(677, 62, '1'),
(677, 63, 'Quick Step'),
(677, 64, 'Россия'),
(677, 65, 'под дерево'),
(677, 66, 'гостиная, коридор, кухня, офис, спальная'),
(677, 67, 'замковое'),
(677, 68, '5'),
(677, 69, '1.311'),
(677, 70, '12.65'),
(677, 71, 'Да'),
(678, 57, '1380'),
(678, 58, '190'),
(678, 59, '12'),
(678, 60, '33'),
(678, 61, '4'),
(678, 62, '1'),
(678, 63, 'Quick Step'),
(678, 64, 'Россия'),
(678, 65, 'под дерево'),
(678, 66, 'гостиная, коридор, кухня, офис, спальная'),
(678, 67, 'замковое'),
(678, 68, '5'),
(678, 69, '1.311'),
(678, 70, '12.65'),
(678, 71, 'Да'),
(679, 57, '1380'),
(679, 58, '190'),
(679, 59, '12'),
(679, 60, '33'),
(679, 61, '4'),
(679, 62, '1'),
(679, 63, 'Quick Step'),
(679, 64, 'Россия'),
(679, 65, 'под дерево'),
(679, 66, 'гостиная, коридор, кухня, офис, спальная'),
(679, 67, 'замковое'),
(679, 68, '5'),
(679, 69, '1.311'),
(679, 70, '12.65'),
(679, 71, 'Да'),
(680, 57, '1380'),
(680, 58, '190'),
(680, 59, '12'),
(680, 60, '33'),
(680, 61, '4'),
(680, 62, '1'),
(680, 63, 'Quick Step'),
(680, 64, 'Россия'),
(680, 65, 'под дерево'),
(680, 66, 'гостиная, коридор, кухня, офис, спальная'),
(680, 67, 'замковое'),
(680, 68, '5'),
(680, 69, '1.311'),
(680, 70, '12.65'),
(680, 71, 'Да'),
(681, 57, '1380'),
(681, 58, '190'),
(681, 59, '12'),
(681, 60, '33'),
(681, 61, '4'),
(681, 62, '1'),
(681, 63, 'Quick Step'),
(681, 64, 'Россия'),
(681, 65, 'под дерево'),
(681, 66, 'гостиная, коридор, кухня, офис, спальная'),
(681, 67, 'замковое'),
(681, 68, '5'),
(681, 69, '1.311'),
(681, 70, '12.65'),
(681, 71, 'Да'),
(682, 57, '1380'),
(682, 58, '190'),
(682, 59, '12'),
(682, 60, '33'),
(682, 61, '4'),
(682, 62, '1'),
(682, 63, 'Quick Step'),
(682, 64, 'Россия'),
(682, 65, 'под дерево'),
(682, 66, 'гостиная, коридор, кухня, офис, спальная'),
(682, 67, 'замковое'),
(682, 68, '5'),
(682, 69, '1.311'),
(682, 70, '12.65'),
(682, 71, 'Да'),
(683, 57, '2050'),
(683, 58, '240'),
(683, 59, '9.5'),
(683, 60, '32'),
(683, 61, '4'),
(683, 62, '1'),
(683, 63, 'Quick Step'),
(683, 64, 'Россия'),
(683, 65, 'под дерево'),
(683, 66, 'гостиная, офис, спальная'),
(683, 67, 'замковое'),
(683, 68, '6'),
(683, 69, '2.952'),
(683, 70, '22.18'),
(683, 71, 'Да'),
(684, 57, '2400'),
(684, 59, '12'),
(684, 63, 'Quick Step'),
(684, 64, 'Россия'),
(684, 72, '58'),
(685, 57, '2050'),
(685, 58, '240'),
(685, 59, '9.5'),
(685, 60, '32'),
(685, 61, '4'),
(685, 62, '1'),
(685, 63, 'Quick Step'),
(685, 64, 'Россия'),
(685, 65, 'под дерево'),
(685, 66, 'гостиная, офис, спальная'),
(685, 67, 'замковое'),
(685, 68, '6'),
(685, 69, '2.952'),
(685, 70, '22.18'),
(685, 71, 'Да'),
(686, 57, '2400'),
(686, 59, '12'),
(686, 63, 'Quick Step'),
(686, 64, 'Россия'),
(686, 72, '58'),
(687, 57, '2050'),
(687, 58, '240'),
(687, 59, '9.5'),
(687, 60, '32'),
(687, 61, '4'),
(687, 62, '1'),
(687, 63, 'Quick Step'),
(687, 64, 'Россия'),
(687, 65, 'под дерево'),
(687, 66, 'гостиная, офис, спальная'),
(687, 67, 'замковое'),
(687, 68, '6'),
(687, 69, '2.952'),
(687, 70, '22.18'),
(687, 71, 'Да'),
(688, 57, '2400'),
(688, 59, '12'),
(688, 63, 'Quick Step'),
(688, 64, 'Россия'),
(688, 72, '58'),
(689, 57, '2050'),
(689, 58, '240'),
(689, 59, '9.5'),
(689, 60, '32'),
(689, 61, '4'),
(689, 62, '1'),
(689, 63, 'Quick Step'),
(689, 64, 'Россия'),
(689, 65, 'под дерево'),
(689, 66, 'гостиная, офис, спальная'),
(689, 67, 'замковое'),
(689, 68, '6'),
(689, 69, '2.952'),
(689, 70, '22.18'),
(689, 71, 'Да'),
(690, 57, '2400'),
(690, 59, '12'),
(690, 63, 'Quick Step'),
(690, 64, 'Россия'),
(690, 72, '58'),
(691, 57, '2050'),
(691, 58, '240'),
(691, 59, '9.5'),
(691, 60, '32'),
(691, 61, '4'),
(691, 62, '1'),
(691, 63, 'Quick Step'),
(691, 64, 'Россия'),
(691, 65, 'под дерево'),
(691, 66, 'гостиная, офис, спальная'),
(691, 67, 'замковое'),
(691, 68, '6'),
(691, 69, '2.952'),
(691, 70, '22.18'),
(691, 71, 'Да'),
(692, 57, '2400'),
(692, 59, '12'),
(692, 63, 'Quick Step'),
(692, 64, 'Россия'),
(692, 72, '58'),
(693, 57, '2050'),
(693, 58, '240'),
(693, 59, '9.5'),
(693, 60, '32'),
(693, 61, '4'),
(693, 62, '1'),
(693, 63, 'Quick Step'),
(693, 64, 'Россия'),
(693, 65, 'под дерево'),
(693, 66, 'гостиная, офис, спальная'),
(693, 67, 'замковое'),
(693, 68, '6'),
(693, 69, '2.952'),
(693, 70, '22.18'),
(693, 71, 'Да'),
(694, 57, '2400'),
(694, 59, '12'),
(694, 63, 'Quick Step'),
(694, 64, 'Россия'),
(694, 72, '58'),
(695, 57, '2050'),
(695, 58, '240'),
(695, 59, '9.5'),
(695, 60, '32'),
(695, 61, '4'),
(695, 62, '1'),
(695, 63, 'Quick Step'),
(695, 64, 'Россия'),
(695, 65, 'под дерево'),
(695, 66, 'гостиная, офис, спальная'),
(695, 67, 'замковое'),
(695, 68, '6'),
(695, 69, '2.952'),
(695, 70, '22.18'),
(695, 71, 'Да'),
(696, 57, '2400'),
(696, 59, '12'),
(696, 63, 'Quick Step'),
(696, 64, 'Россия'),
(696, 72, '58'),
(697, 57, '2050'),
(697, 58, '240'),
(697, 59, '9.5'),
(697, 60, '32'),
(697, 61, '4'),
(697, 62, '1'),
(697, 63, 'Quick Step'),
(697, 64, 'Россия'),
(697, 65, 'под дерево'),
(697, 66, 'гостиная, офис, спальная'),
(697, 67, 'замковое'),
(697, 68, '6'),
(697, 69, '2.952'),
(697, 70, '22.18'),
(697, 71, 'Да'),
(698, 57, '2400'),
(698, 59, '12'),
(698, 63, 'Quick Step'),
(698, 64, 'Россия'),
(698, 72, '58'),
(699, 57, '2050'),
(699, 58, '240'),
(699, 59, '9.5'),
(699, 60, '32'),
(699, 61, '4'),
(699, 62, '1'),
(699, 63, 'Quick Step'),
(699, 64, 'Россия'),
(699, 65, 'под дерево'),
(699, 66, 'гостиная, офис, спальная'),
(699, 67, 'замковое'),
(699, 68, '6'),
(699, 69, '2.952'),
(699, 70, '22.18'),
(699, 71, 'Да'),
(700, 57, '2400'),
(700, 59, '12'),
(700, 63, 'Quick Step'),
(700, 64, 'Россия'),
(700, 72, '58'),
(701, 57, '2050'),
(701, 58, '240'),
(701, 59, '9.5'),
(701, 60, '32'),
(701, 61, '4'),
(701, 62, '1'),
(701, 63, 'Quick Step'),
(701, 64, 'Россия'),
(701, 65, 'под дерево'),
(701, 66, 'гостиная, офис, спальная'),
(701, 67, 'замковое'),
(701, 68, '6'),
(701, 69, '2.952'),
(701, 70, '22.18'),
(701, 71, 'Да'),
(702, 57, '2400'),
(702, 59, '12'),
(702, 63, 'Quick Step'),
(702, 64, 'Россия'),
(702, 72, '58'),
(703, 57, '1380'),
(703, 58, '156'),
(703, 59, '9.5'),
(703, 60, '32'),
(703, 61, '4'),
(703, 62, '1'),
(703, 63, 'Quick Step'),
(703, 64, 'Россия'),
(703, 65, 'под дерево'),
(703, 66, 'гостиная, коридор, офис, спальная'),
(703, 67, 'замковое'),
(703, 68, '7'),
(703, 69, '1.507'),
(703, 70, '13.5'),
(703, 71, 'Да'),
(704, 57, '1380'),
(704, 58, '156'),
(704, 59, '9.5'),
(704, 60, '32'),
(704, 61, '4'),
(704, 62, '1'),
(704, 63, 'Quick Step'),
(704, 64, 'Россия'),
(704, 65, 'под дерево'),
(704, 66, 'гостиная, коридор, офис, спальная'),
(704, 67, 'замковое'),
(704, 68, '7'),
(704, 69, '1.507'),
(704, 70, '13.5'),
(704, 71, 'Да'),
(705, 57, '1380'),
(705, 58, '156'),
(705, 59, '9.5'),
(705, 60, '32'),
(705, 61, '4'),
(705, 62, '1'),
(705, 63, 'Quick Step'),
(705, 64, 'Россия'),
(705, 65, 'под дерево'),
(705, 66, 'гостиная, коридор, офис, спальная'),
(705, 67, 'замковое'),
(705, 68, '7'),
(705, 69, '1.507'),
(705, 70, '13.5'),
(705, 71, 'Да'),
(706, 57, '2400'),
(706, 59, '12'),
(706, 63, 'Quick Step'),
(706, 64, 'Россия'),
(706, 72, '58'),
(707, 57, '1380'),
(707, 58, '156'),
(707, 59, '9.5'),
(707, 60, '32'),
(707, 61, '4'),
(707, 62, '1'),
(707, 63, 'Quick Step'),
(707, 64, 'Россия'),
(707, 65, 'под дерево'),
(707, 66, 'гостиная, коридор, офис, спальная'),
(707, 67, 'замковое'),
(707, 68, '7'),
(707, 69, '1.507'),
(707, 70, '13.5'),
(707, 71, 'Да'),
(708, 57, '1380'),
(708, 58, '156'),
(708, 59, '9.5'),
(708, 60, '32'),
(708, 61, '4'),
(708, 62, '1'),
(708, 63, 'Quick Step'),
(708, 64, 'Россия'),
(708, 65, 'под дерево'),
(708, 66, 'гостиная, коридор, офис, спальная'),
(708, 67, 'замковое'),
(708, 68, '7'),
(708, 69, '1.507'),
(708, 70, '13.5'),
(708, 71, 'Да'),
(709, 57, '1380'),
(709, 58, '156'),
(709, 59, '9.5'),
(709, 60, '32'),
(709, 61, '4'),
(709, 62, '1'),
(709, 63, 'Quick Step'),
(709, 64, 'Россия'),
(709, 65, 'под дерево'),
(709, 66, 'гостиная, коридор, офис, спальная'),
(709, 67, 'замковое'),
(709, 68, '7'),
(709, 69, '1.507'),
(709, 70, '13.5'),
(709, 71, 'Да'),
(710, 57, '1380'),
(710, 58, '156'),
(710, 59, '9.5'),
(710, 60, '32'),
(710, 61, '4'),
(710, 62, '1'),
(710, 63, 'Quick Step'),
(710, 64, 'Россия'),
(710, 65, 'под дерево'),
(710, 66, 'гостиная, коридор, офис, спальная'),
(710, 67, 'замковое'),
(710, 68, '7'),
(710, 69, '1.507'),
(710, 70, '13.5'),
(710, 71, 'Да'),
(711, 57, '2400'),
(711, 59, '12'),
(711, 63, 'Quick Step'),
(711, 64, 'Россия'),
(711, 72, '58'),
(712, 57, '1380'),
(712, 58, '156'),
(712, 59, '9.5'),
(712, 60, '32'),
(712, 61, '4'),
(712, 62, '1'),
(712, 63, 'Quick Step'),
(712, 64, 'Россия'),
(712, 65, 'под дерево'),
(712, 66, 'гостиная, коридор, офис, спальная'),
(712, 67, 'замковое'),
(712, 68, '7'),
(712, 69, '1.507'),
(712, 70, '13.5'),
(712, 71, 'Да'),
(713, 57, '2400'),
(713, 59, '12'),
(713, 63, 'Quick Step'),
(713, 64, 'Россия'),
(713, 72, '58'),
(714, 57, '1380'),
(714, 58, '156'),
(714, 59, '9.5'),
(714, 60, '32'),
(714, 61, '4'),
(714, 62, '1'),
(714, 63, 'Quick Step'),
(714, 64, 'Россия'),
(714, 65, 'под дерево'),
(714, 66, 'гостиная, коридор, офис, спальная'),
(714, 67, 'замковое'),
(714, 68, '7'),
(714, 69, '1.507'),
(714, 70, '13.5'),
(714, 71, 'Да'),
(715, 57, '2400'),
(715, 59, '12'),
(715, 63, 'Quick Step'),
(715, 64, 'Россия'),
(715, 72, '58'),
(716, 57, '1380'),
(716, 58, '156'),
(716, 59, '9.5'),
(716, 60, '32'),
(716, 61, '4'),
(716, 62, '1'),
(716, 63, 'Quick Step'),
(716, 64, 'Россия'),
(716, 65, 'под дерево'),
(716, 66, 'гостиная, коридор, офис, спальная'),
(716, 67, 'замковое'),
(716, 68, '7'),
(716, 69, '1.507'),
(716, 70, '13.5'),
(716, 71, 'Да'),
(717, 57, '2400'),
(717, 59, '12'),
(717, 63, 'Quick Step'),
(717, 64, 'Россия'),
(717, 72, '58'),
(718, 57, '1380'),
(718, 58, '156'),
(718, 59, '9.5'),
(718, 60, '32'),
(718, 61, '4'),
(718, 62, '1'),
(718, 63, 'Quick Step'),
(718, 64, 'Россия'),
(718, 65, 'под дерево'),
(718, 66, 'гостиная, коридор, офис, спальная'),
(718, 67, 'замковое'),
(718, 68, '7'),
(718, 69, '1.507'),
(718, 70, '13.5'),
(718, 71, 'Да'),
(719, 57, '2400'),
(719, 59, '12'),
(719, 63, 'Quick Step'),
(719, 64, 'Россия'),
(719, 72, '58'),
(720, 57, '1380'),
(720, 58, '156'),
(720, 59, '9.5'),
(720, 60, '32'),
(720, 61, '4'),
(720, 62, '1'),
(720, 63, 'Quick Step'),
(720, 64, 'Россия'),
(720, 65, 'под дерево'),
(720, 66, 'гостиная, коридор, офис, спальная'),
(720, 67, 'замковое'),
(720, 68, '7'),
(720, 69, '1.507'),
(720, 70, '13.5'),
(720, 71, 'Да'),
(721, 57, '2400'),
(721, 59, '12'),
(721, 63, 'Quick Step'),
(721, 64, 'Россия'),
(721, 72, '58'),
(722, 57, '1380'),
(722, 58, '156'),
(722, 59, '9.5'),
(722, 60, '32'),
(722, 61, '4'),
(722, 62, '1'),
(722, 63, 'Quick Step'),
(722, 64, 'Россия'),
(722, 65, 'под дерево'),
(722, 66, 'гостиная, коридор, офис, спальная'),
(722, 67, 'замковое'),
(722, 68, '7'),
(722, 69, '1.507'),
(722, 70, '13.5'),
(722, 71, 'Да'),
(723, 57, '1380'),
(723, 58, '156'),
(723, 59, '9.5'),
(723, 60, '32'),
(723, 61, '4'),
(723, 62, '1'),
(723, 63, 'Quick Step'),
(723, 64, 'Россия'),
(723, 65, 'под дерево'),
(723, 66, 'гостиная, коридор, офис, спальная'),
(723, 67, 'замковое'),
(723, 68, '7'),
(723, 69, '1.507'),
(723, 70, '13.5'),
(723, 71, 'Да'),
(724, 57, '1380'),
(724, 58, '156'),
(724, 59, '9.5'),
(724, 60, '32'),
(724, 61, '4'),
(724, 62, '1'),
(724, 63, 'Quick Step'),
(724, 64, 'Россия'),
(724, 65, 'под дерево'),
(724, 66, 'гостиная, коридор, офис, спальная'),
(724, 67, 'замковое'),
(724, 68, '7'),
(724, 69, '1.507'),
(724, 70, '13.5'),
(724, 71, 'Да'),
(725, 57, '2400'),
(725, 59, '12'),
(725, 63, 'Quick Step'),
(725, 64, 'Россия'),
(725, 72, '58'),
(726, 57, '1380'),
(726, 58, '156'),
(726, 59, '9.5'),
(726, 60, '32'),
(726, 61, '4'),
(726, 62, '1'),
(726, 63, 'Quick Step'),
(726, 64, 'Россия'),
(726, 65, 'под дерево'),
(726, 66, 'гостиная, коридор, офис, спальная'),
(726, 67, 'замковое'),
(726, 68, '7'),
(726, 69, '1.507'),
(726, 70, '13.5'),
(726, 71, 'Да'),
(727, 57, '1380'),
(727, 58, '156'),
(727, 59, '9.5'),
(727, 60, '32'),
(727, 61, '4'),
(727, 62, '1'),
(727, 63, 'Quick Step'),
(727, 64, 'Россия'),
(727, 65, 'под дерево'),
(727, 66, 'гостиная, коридор, офис, спальная'),
(727, 67, 'замковое'),
(727, 68, '7'),
(727, 69, '1.507'),
(727, 70, '13.5'),
(727, 71, 'Да'),
(728, 57, '2400'),
(728, 59, '12'),
(728, 63, 'Quick Step'),
(728, 64, 'Россия'),
(728, 72, '58'),
(729, 57, '1380'),
(729, 58, '156'),
(729, 59, '9.5'),
(729, 60, '32'),
(729, 61, '4'),
(729, 62, '1'),
(729, 63, 'Quick Step'),
(729, 64, 'Россия'),
(729, 65, 'под дерево'),
(729, 66, 'гостиная, коридор, офис, спальная'),
(729, 67, 'замковое'),
(729, 68, '7'),
(729, 69, '1.507'),
(729, 70, '13.5'),
(729, 71, 'Да'),
(730, 57, '1380'),
(730, 58, '156'),
(730, 59, '9.5'),
(730, 60, '32'),
(730, 61, '4'),
(730, 62, '1'),
(730, 63, 'Quick Step'),
(730, 64, 'Россия'),
(730, 65, 'под дерево'),
(730, 66, 'гостиная, коридор, офис, спальная'),
(730, 67, 'замковое'),
(730, 68, '7'),
(730, 69, '1.507'),
(730, 70, '13.5'),
(730, 71, 'Да'),
(731, 57, '2400'),
(731, 59, '12'),
(731, 63, 'Quick Step'),
(731, 64, 'Россия'),
(731, 72, '58'),
(732, 57, '1380'),
(732, 58, '156'),
(732, 59, '9.5'),
(732, 60, '32'),
(732, 61, '4'),
(732, 62, '1'),
(732, 63, 'Quick Step'),
(732, 64, 'Россия'),
(732, 65, 'под дерево'),
(732, 66, 'гостиная, коридор, офис, спальная'),
(732, 67, 'замковое'),
(732, 68, '7'),
(732, 69, '1.507'),
(732, 70, '13.5');
INSERT INTO `product_characteristics` (`product_id`, `characteristic_id`, `value`) VALUES
(732, 71, 'Да'),
(733, 57, '1380'),
(733, 58, '156'),
(733, 59, '9.5'),
(733, 60, '32'),
(733, 61, '4'),
(733, 62, '1'),
(733, 63, 'Quick Step'),
(733, 64, 'Россия'),
(733, 65, 'под дерево'),
(733, 66, 'гостиная, коридор, офис, спальная'),
(733, 67, 'замковое'),
(733, 68, '7'),
(733, 69, '1.507'),
(733, 70, '13.5'),
(733, 71, 'Да'),
(734, 57, '1380'),
(734, 58, '156'),
(734, 59, '9.5'),
(734, 60, '32'),
(734, 61, '4'),
(734, 62, '1'),
(734, 63, 'Quick Step'),
(734, 64, 'Россия'),
(734, 65, 'под дерево'),
(734, 66, 'гостиная, коридор, офис, спальная'),
(734, 67, 'замковое'),
(734, 68, '7'),
(734, 69, '1.507'),
(734, 70, '13.5'),
(734, 71, 'Да');

-- --------------------------------------------------------

--
-- Структура таблицы `product_groups`
--

CREATE TABLE `product_groups` (
  `id` int(10) UNSIGNED NOT NULL,
  `name` varchar(255) COLLATE utf8mb4_unicode_ci NOT NULL,
  `category_id` int(10) UNSIGNED NOT NULL,
  `created_at` timestamp NULL DEFAULT NULL,
  `updated_at` timestamp NULL DEFAULT NULL
) ENGINE=InnoDB DEFAULT CHARSET=utf8mb4 COLLATE=utf8mb4_unicode_ci;

-- --------------------------------------------------------

--
-- Структура таблицы `product_group_images`
--

CREATE TABLE `product_group_images` (
  `name` varchar(100) COLLATE utf8mb4_unicode_ci NOT NULL,
  `product_group_id` int(10) UNSIGNED NOT NULL,
  `level` tinyint(4) NOT NULL
) ENGINE=InnoDB DEFAULT CHARSET=utf8mb4 COLLATE=utf8mb4_unicode_ci;

-- --------------------------------------------------------

--
-- Структура таблицы `product_group_views`
--

CREATE TABLE `product_group_views` (
  `product_group_id` int(10) UNSIGNED NOT NULL,
  `page_id` int(10) UNSIGNED NOT NULL
) ENGINE=InnoDB DEFAULT CHARSET=utf8mb4 COLLATE=utf8mb4_unicode_ci;

-- --------------------------------------------------------

--
-- Структура таблицы `product_images`
--

CREATE TABLE `product_images` (
  `name` varchar(100) COLLATE utf8mb4_unicode_ci NOT NULL,
  `product_id` int(10) UNSIGNED NOT NULL,
  `level` tinyint(4) NOT NULL
) ENGINE=InnoDB DEFAULT CHARSET=utf8mb4 COLLATE=utf8mb4_unicode_ci;

--
-- Дамп данных таблицы `product_images`
--

INSERT INTO `product_images` (`name`, `product_id`, `level`) VALUES
('click-guard.jpg', 15, 0),
('laminat-quick-step-castle-dub-angliyskiy-naturalniy-ca4161-1.jpeg', 519, 1),
('laminat-quick-step-castle-dub-angliyskiy-naturalniy-ca4161-2.jpeg', 519, 2),
('laminat-quick-step-castle-dub-angliyskiy-naturalniy-ca4161-3.jpeg', 519, 3),
('laminat-quick-step-castle-dub-angliyskiy-naturalniy-ca4161-4.jpeg', 519, 4),
('laminat-quick-step-castle-dub-angliyskiy-naturalniy-ca4161-5.jpeg', 519, 5),
('laminat-quick-step-castle-dub-angliyskiy-naturalniy-ca4161.jpeg', 519, 0),
('laminat-quick-step-castle-dub-gorchichniy-ca4162-1.jpeg', 517, 1),
('laminat-quick-step-castle-dub-gorchichniy-ca4162-2.jpeg', 517, 2),
('laminat-quick-step-castle-dub-gorchichniy-ca4162-3.jpeg', 517, 3),
('laminat-quick-step-castle-dub-gorchichniy-ca4162-4.jpeg', 517, 4),
('laminat-quick-step-castle-dub-gorchichniy-ca4162-5.jpeg', 517, 5),
('laminat-quick-step-castle-dub-gorchichniy-ca4162.jpeg', 517, 0),
('laminat-quick-step-castle-dub-kapuchino-ca4160-1.jpeg', 513, 1),
('laminat-quick-step-castle-dub-kapuchino-ca4160-2.jpeg', 513, 2),
('laminat-quick-step-castle-dub-kapuchino-ca4160-3.jpeg', 513, 3),
('laminat-quick-step-castle-dub-kapuchino-ca4160-4.jpeg', 513, 4),
('laminat-quick-step-castle-dub-kapuchino-ca4160-5.jpeg', 513, 5),
('laminat-quick-step-castle-dub-kapuchino-ca4160.jpeg', 513, 0),
('laminat-quick-step-castle-dub-pepelniy-ca4159-1.jpeg', 515, 1),
('laminat-quick-step-castle-dub-pepelniy-ca4159-2.jpeg', 515, 2),
('laminat-quick-step-castle-dub-pepelniy-ca4159-3.jpeg', 515, 3),
('laminat-quick-step-castle-dub-pepelniy-ca4159-4.jpeg', 515, 4),
('laminat-quick-step-castle-dub-pepelniy-ca4159-5.jpeg', 515, 5),
('laminat-quick-step-castle-dub-pepelniy-ca4159.jpeg', 515, 0),
('laminat-quick-step-castle-dub-svetlo-seriy-patina-ca4158-1.jpeg', 521, 1),
('laminat-quick-step-castle-dub-svetlo-seriy-patina-ca4158-2.jpeg', 521, 2),
('laminat-quick-step-castle-dub-svetlo-seriy-patina-ca4158-3.jpeg', 521, 3),
('laminat-quick-step-castle-dub-svetlo-seriy-patina-ca4158-4.jpeg', 521, 4),
('laminat-quick-step-castle-dub-svetlo-seriy-patina-ca4158-5.jpeg', 521, 5),
('laminat-quick-step-castle-dub-svetlo-seriy-patina-ca4158.jpeg', 521, 0),
('laminat-quick-step-classic-doska-duba-naturalnogo-starinnogo-clm1381-1.jpeg', 533, 1),
('laminat-quick-step-classic-doska-duba-naturalnogo-starinnogo-clm1381-2.jpeg', 533, 2),
('laminat-quick-step-classic-doska-duba-naturalnogo-starinnogo-clm1381.jpeg', 533, 0),
('laminat-quick-step-classic-doska-duba-serogo-starinnogo-clm1382-1.jpeg', 527, 1),
('laminat-quick-step-classic-doska-duba-serogo-starinnogo-clm1382-2.jpeg', 527, 2),
('laminat-quick-step-classic-doska-duba-serogo-starinnogo-clm1382.jpeg', 527, 0),
('laminat-quick-step-classic-doska-duba-svetlo-serogo-starinnogo-clm1405-1.jpeg', 529, 1),
('laminat-quick-step-classic-doska-duba-svetlo-serogo-starinnogo-clm1405-2.jpeg', 529, 2),
('laminat-quick-step-classic-doska-duba-svetlo-serogo-starinnogo-clm1405-3.jpeg', 529, 3),
('laminat-quick-step-classic-doska-duba-svetlo-serogo-starinnogo-clm1405.jpeg', 529, 0),
('laminat-quick-step-classic-dub-beliy-otbelenniy-cl4087-1.jpeg', 541, 1),
('laminat-quick-step-classic-dub-beliy-otbelenniy-cl4087-2.jpeg', 541, 2),
('laminat-quick-step-classic-dub-beliy-otbelenniy-cl4087.jpeg', 541, 0),
('laminat-quick-step-classic-dub-bezheviy-otbelenniy-cl4088-1.jpeg', 545, 1),
('laminat-quick-step-classic-dub-bezheviy-otbelenniy-cl4088-2.jpeg', 545, 2),
('laminat-quick-step-classic-dub-bezheviy-otbelenniy-cl4088.jpeg', 545, 0),
('laminat-quick-step-classic-dub-bezheviy-premium-clv4093-1.jpeg', 535, 1),
('laminat-quick-step-classic-dub-bezheviy-premium-clv4093.jpeg', 535, 0),
('laminat-quick-step-classic-dub-bezheviy-rustikalniy-clv4084-1.jpeg', 547, 1),
('laminat-quick-step-classic-dub-bezheviy-rustikalniy-clv4084-2.jpeg', 547, 2),
('laminat-quick-step-classic-dub-bezheviy-rustikalniy-clv4084.jpeg', 547, 0),
('laminat-quick-step-classic-dub-gorniy-korichneviy-clm4091-1.jpeg', 555, 1),
('laminat-quick-step-classic-dub-gorniy-korichneviy-clm4091-2.jpeg', 555, 2),
('laminat-quick-step-classic-dub-gorniy-korichneviy-clm4091.jpeg', 555, 0),
('laminat-quick-step-classic-dub-gorniy-krasniy-clm4090-1.jpeg', 557, 1),
('laminat-quick-step-classic-dub-gorniy-krasniy-clm4090-2.jpeg', 557, 2),
('laminat-quick-step-classic-dub-gorniy-krasniy-clm4090.jpeg', 557, 0),
('laminat-quick-step-classic-dub-gorniy-temno-korichneviy-clm4092-1.jpeg', 553, 1),
('laminat-quick-step-classic-dub-gorniy-temno-korichneviy-clm4092-2.jpeg', 553, 2),
('laminat-quick-step-classic-dub-gorniy-temno-korichneviy-clm4092.jpeg', 553, 0),
('laminat-quick-step-classic-dub-naturalniy-otbelenniy-cl4089-1.jpeg', 549, 1),
('laminat-quick-step-classic-dub-naturalniy-otbelenniy-cl4089.jpeg', 549, 0),
('laminat-quick-step-classic-dub-naturalniy-rustikalniy-clv4085-1.jpeg', 539, 1),
('laminat-quick-step-classic-dub-naturalniy-rustikalniy-clv4085-2.jpeg', 539, 2),
('laminat-quick-step-classic-dub-naturalniy-rustikalniy-clv4085.jpeg', 539, 0),
('laminat-quick-step-classic-dub-shokoladniy-rustikalniy-clv4086-1.jpeg', 551, 1),
('laminat-quick-step-classic-dub-shokoladniy-rustikalniy-clv4086-2.jpeg', 551, 2),
('laminat-quick-step-classic-dub-shokoladniy-rustikalniy-clv4086.jpeg', 551, 0),
('laminat-quick-step-classic-dub-starinniy-temniy-clm1383-1.jpeg', 531, 1),
('laminat-quick-step-classic-dub-starinniy-temniy-clm1383-2.jpeg', 531, 2),
('laminat-quick-step-classic-dub-starinniy-temniy-clm1383.jpeg', 531, 0),
('laminat-quick-step-classic-dub-svetliy-naturalniy-premium-clv4094-1.jpeg', 543, 1),
('laminat-quick-step-classic-dub-svetliy-naturalniy-premium-clv4094-2.jpeg', 543, 2),
('laminat-quick-step-classic-dub-svetliy-naturalniy-premium-clv4094.jpeg', 543, 0),
('laminat-quick-step-classic-dub-tepliy-naturalniy-premium-clv4095-1.jpeg', 537, 1),
('laminat-quick-step-classic-dub-tepliy-naturalniy-premium-clv4095.jpeg', 537, 0),
('laminat-quick-step-classic-kubinskiy-dub-clm1655-1.jpeg', 523, 1),
('laminat-quick-step-classic-kubinskiy-dub-clm1655-2.jpeg', 523, 2),
('laminat-quick-step-classic-kubinskiy-dub-clm1655-3.jpeg', 523, 3),
('laminat-quick-step-classic-kubinskiy-dub-clm1655.jpeg', 523, 0),
('laminat-quick-step-classic-lunniy-dub-clm1658-1.jpeg', 525, 1),
('laminat-quick-step-classic-lunniy-dub-clm1658-2.jpeg', 525, 2),
('laminat-quick-step-classic-lunniy-dub-clm1658.jpeg', 525, 0),
('laminat-quick-step-desire-dub-naturalniy-zolotistiy-uc3465-1.jpeg', 565, 1),
('laminat-quick-step-desire-dub-naturalniy-zolotistiy-uc3465-2.jpeg', 565, 2),
('laminat-quick-step-desire-dub-naturalniy-zolotistiy-uc3465.jpeg', 565, 0),
('laminat-quick-step-desire-dub-seriy-serebristiy-uc3464-1.jpeg', 561, 1),
('laminat-quick-step-desire-dub-seriy-serebristiy-uc3464-2.jpeg', 561, 2),
('laminat-quick-step-desire-dub-seriy-serebristiy-uc3464.jpeg', 561, 0),
('laminat-quick-step-desire-dub-svetlo-seriy-serebristiy-uc3462-1.jpeg', 559, 1),
('laminat-quick-step-desire-dub-svetlo-seriy-serebristiy-uc3462-2.jpeg', 559, 2),
('laminat-quick-step-desire-dub-svetlo-seriy-serebristiy-uc3462.jpeg', 559, 0),
('laminat-quick-step-desire-dub-svetlo-seriy-zolotistiy-uc3463-1.jpeg', 563, 1),
('laminat-quick-step-desire-dub-svetlo-seriy-zolotistiy-uc3463-2.jpeg', 563, 2),
('laminat-quick-step-desire-dub-svetlo-seriy-zolotistiy-uc3463.jpeg', 563, 0),
('laminat-quick-step-eligna-doska-belogo-duba-lakirovannaya-u915-1.jpeg', 571, 1),
('laminat-quick-step-eligna-doska-belogo-duba-lakirovannaya-u915-2.jpeg', 571, 2),
('laminat-quick-step-eligna-doska-belogo-duba-lakirovannaya-u915.jpeg', 571, 0),
('laminat-quick-step-eligna-doska-naturalnogo-duba-lakirovannaya-u896-1.jpeg', 583, 1),
('laminat-quick-step-eligna-doska-naturalnogo-duba-lakirovannaya-u896-2.jpeg', 583, 2),
('laminat-quick-step-eligna-doska-naturalnogo-duba-lakirovannaya-u896.jpeg', 583, 0),
('laminat-quick-step-eligna-doska-orekhovaya-promaslennaya-u1043-1.jpeg', 585, 1),
('laminat-quick-step-eligna-doska-orekhovaya-promaslennaya-u1043-2.jpeg', 585, 2),
('laminat-quick-step-eligna-doska-orekhovaya-promaslennaya-u1043.jpeg', 585, 0),
('laminat-quick-step-eligna-doska-venge-u1000-1.jpeg', 593, 1),
('laminat-quick-step-eligna-doska-venge-u1000-2.jpeg', 593, 2),
('laminat-quick-step-eligna-doska-venge-u1000.jpeg', 593, 0),
('laminat-quick-step-eligna-dub-italyanskiy-bezheviy-petchvork-u3832p-1.jpeg', 600, 1),
('laminat-quick-step-eligna-dub-italyanskiy-bezheviy-petchvork-u3832p.jpeg', 600, 0),
('laminat-quick-step-eligna-dub-italyanskiy-bezheviy-u3832-1.jpeg', 579, 1),
('laminat-quick-step-eligna-dub-italyanskiy-bezheviy-u3832-2.jpeg', 579, 2),
('laminat-quick-step-eligna-dub-italyanskiy-bezheviy-u3832.jpeg', 579, 0),
('laminat-quick-step-eligna-dub-italyanskiy-svetlo-seriy-petchvork-u3831p-1.jpeg', 599, 1),
('laminat-quick-step-eligna-dub-italyanskiy-svetlo-seriy-petchvork-u3831p.jpeg', 599, 0),
('laminat-quick-step-eligna-dub-italyanskiy-svetlo-seriy-u3831-1.jpeg', 567, 1),
('laminat-quick-step-eligna-dub-italyanskiy-svetlo-seriy-u3831-2.jpeg', 567, 2),
('laminat-quick-step-eligna-dub-italyanskiy-svetlo-seriy-u3831-3.jpeg', 567, 3),
('laminat-quick-step-eligna-dub-italyanskiy-svetlo-seriy-u3831.jpeg', 567, 0),
('laminat-quick-step-eligna-dub-izyskanniy-temniy-u3833-1.jpeg', 587, 1),
('laminat-quick-step-eligna-dub-izyskanniy-temniy-u3833-2.jpeg', 587, 2),
('laminat-quick-step-eligna-dub-izyskanniy-temniy-u3833.jpeg', 587, 0),
('laminat-quick-step-eligna-dub-prirodniy-naturalniy-u3578-1.jpeg', 595, 1),
('laminat-quick-step-eligna-dub-prirodniy-naturalniy-u3578-2.jpeg', 595, 2),
('laminat-quick-step-eligna-dub-prirodniy-naturalniy-u3578.jpeg', 595, 0),
('laminat-quick-step-eligna-dub-shokoladniy-promaslenniy-u3461-1.jpeg', 575, 1),
('laminat-quick-step-eligna-dub-shokoladniy-promaslenniy-u3461-2.jpeg', 575, 2),
('laminat-quick-step-eligna-dub-shokoladniy-promaslenniy-u3461.jpeg', 575, 0),
('laminat-quick-step-eligna-dub-starinniy-bezheviy-u3576-1.jpeg', 589, 1),
('laminat-quick-step-eligna-dub-starinniy-bezheviy-u3576-2.jpeg', 589, 2),
('laminat-quick-step-eligna-dub-starinniy-bezheviy-u3576-3.jpeg', 589, 3),
('laminat-quick-step-eligna-dub-starinniy-bezheviy-u3576.jpeg', 589, 0),
('laminat-quick-step-eligna-dub-svetliy-naturalniy-promaslenniy-u3457-1.jpeg', 573, 1),
('laminat-quick-step-eligna-dub-svetliy-naturalniy-promaslenniy-u3457-2.jpeg', 573, 2),
('laminat-quick-step-eligna-dub-svetliy-naturalniy-promaslenniy-u3457.jpeg', 573, 0),
('laminat-quick-step-eligna-dub-temno-korichneviy-promaslenniy-u3460-1.jpeg', 591, 1),
('laminat-quick-step-eligna-dub-temno-korichneviy-promaslenniy-u3460-2.jpeg', 591, 2),
('laminat-quick-step-eligna-dub-temno-korichneviy-promaslenniy-u3460.jpeg', 591, 0),
('laminat-quick-step-eligna-dub-tepliy-naturalniy-promaslenniy-u3458-1.jpeg', 577, 1),
('laminat-quick-step-eligna-dub-tepliy-naturalniy-promaslenniy-u3458-2.jpeg', 577, 2),
('laminat-quick-step-eligna-dub-tepliy-naturalniy-promaslenniy-u3458.jpeg', 577, 0),
('laminat-quick-step-eligna-dub-tepliy-seriy-promaslenniy-u3459-1.jpeg', 569, 1),
('laminat-quick-step-eligna-dub-tepliy-seriy-promaslenniy-u3459-2.jpeg', 569, 2),
('laminat-quick-step-eligna-dub-tepliy-seriy-promaslenniy-u3459.jpeg', 569, 0),
('laminat-quick-step-eligna-sosna-belaya-zatertaya-u1235-1.jpeg', 597, 1),
('laminat-quick-step-eligna-sosna-belaya-zatertaya-u1235-2.jpeg', 597, 2),
('laminat-quick-step-eligna-sosna-belaya-zatertaya-u1235.jpeg', 597, 0),
('laminat-quick-step-eligna-venge-intensivniy-u1300-1.jpeg', 581, 1),
('laminat-quick-step-eligna-venge-intensivniy-u1300-2.jpeg', 581, 2),
('laminat-quick-step-eligna-venge-intensivniy-u1300.jpeg', 581, 0),
('laminat-quick-step-impressive-doska-belaya-im1859-1.jpeg', 633, 1),
('laminat-quick-step-impressive-doska-belaya-im1859-2.jpeg', 633, 2),
('laminat-quick-step-impressive-doska-belaya-im1859-3.jpeg', 633, 3),
('laminat-quick-step-impressive-doska-belaya-im1859-4.jpeg', 633, 4),
('laminat-quick-step-impressive-doska-belaya-im1859-5.jpeg', 633, 5),
('laminat-quick-step-impressive-doska-belaya-im1859.jpeg', 633, 0),
('laminat-quick-step-impressive-doska-belogo-duba-lakirovannaya-im3105-1.jpeg', 613, 1),
('laminat-quick-step-impressive-doska-belogo-duba-lakirovannaya-im3105-2.jpeg', 613, 2),
('laminat-quick-step-impressive-doska-belogo-duba-lakirovannaya-im3105-3.jpeg', 613, 3),
('laminat-quick-step-impressive-doska-belogo-duba-lakirovannaya-im3105.jpeg', 613, 0),
('laminat-quick-step-impressive-doska-naturalnogo-duba-lakirovannaya-im3106-1.jpeg', 631, 1),
('laminat-quick-step-impressive-doska-naturalnogo-duba-lakirovannaya-im3106-2.jpeg', 631, 2),
('laminat-quick-step-impressive-doska-naturalnogo-duba-lakirovannaya-im3106-3.jpeg', 631, 3),
('laminat-quick-step-impressive-doska-naturalnogo-duba-lakirovannaya-im3106.jpeg', 631, 0),
('laminat-quick-step-impressive-dub-bordo-im1995-1.jpeg', 614, 1),
('laminat-quick-step-impressive-dub-bordo-im1995-2.jpeg', 614, 2),
('laminat-quick-step-impressive-dub-bordo-im1995.jpeg', 614, 0),
('laminat-quick-step-impressive-dub-chernaya-noch-im1862-1.jpeg', 636, 1),
('laminat-quick-step-impressive-dub-chernaya-noch-im1862-2.jpeg', 636, 2),
('laminat-quick-step-impressive-dub-chernaya-noch-im1862-3.jpeg', 636, 3),
('laminat-quick-step-impressive-dub-chernaya-noch-im1862-4.jpeg', 636, 4),
('laminat-quick-step-impressive-dub-chernaya-noch-im1862-5.jpeg', 636, 5),
('laminat-quick-step-impressive-dub-chernaya-noch-im1862-6.jpeg', 636, 6),
('laminat-quick-step-impressive-dub-chernaya-noch-im1862-7.jpeg', 636, 7),
('laminat-quick-step-impressive-dub-chernaya-noch-im1862.jpeg', 636, 0),
('laminat-quick-step-impressive-dub-derevenskiy-im1851-1.jpeg', 611, 1),
('laminat-quick-step-impressive-dub-derevenskiy-im1851-2.jpeg', 611, 2),
('laminat-quick-step-impressive-dub-derevenskiy-im1851.jpeg', 611, 0),
('laminat-quick-step-impressive-dub-dymchatiy-im1993-1.jpeg', 601, 1),
('laminat-quick-step-impressive-dub-dymchatiy-im1993-2.jpeg', 601, 2),
('laminat-quick-step-impressive-dub-dymchatiy-im1993.jpeg', 601, 0),
('laminat-quick-step-impressive-dub-etnicheskiy-korichneviy-im3557-1.jpeg', 607, 1),
('laminat-quick-step-impressive-dub-etnicheskiy-korichneviy-im3557-2.jpeg', 607, 2),
('laminat-quick-step-impressive-dub-etnicheskiy-korichneviy-im3557.jpeg', 607, 0),
('laminat-quick-step-impressive-dub-etnicheskiy-seriy-im3558-1.jpeg', 634, 1),
('laminat-quick-step-impressive-dub-etnicheskiy-seriy-im3558-2.jpeg', 634, 2),
('laminat-quick-step-impressive-dub-etnicheskiy-seriy-im3558.jpeg', 634, 0),
('laminat-quick-step-impressive-dub-fantaziyniy-beliy-im3559-1.jpeg', 629, 1),
('laminat-quick-step-impressive-dub-fantaziyniy-beliy-im3559-2.jpeg', 629, 2),
('laminat-quick-step-impressive-dub-fantaziyniy-beliy-im3559.jpeg', 629, 0),
('laminat-quick-step-impressive-dub-fantaziyniy-svetlo-seriy-im3560-1.jpeg', 627, 1),
('laminat-quick-step-impressive-dub-fantaziyniy-svetlo-seriy-im3560-2.jpeg', 627, 2),
('laminat-quick-step-impressive-dub-fantaziyniy-svetlo-seriy-im3560-3.jpeg', 627, 3),
('laminat-quick-step-impressive-dub-fantaziyniy-svetlo-seriy-im3560-4.jpeg', 627, 4),
('laminat-quick-step-impressive-dub-fantaziyniy-svetlo-seriy-im3560.jpeg', 627, 0),
('laminat-quick-step-impressive-dub-korichneviy-im1849-1.jpeg', 609, 1),
('laminat-quick-step-impressive-dub-korichneviy-im1849-2.jpeg', 609, 2),
('laminat-quick-step-impressive-dub-korichneviy-im1849.jpeg', 609, 0),
('laminat-quick-step-impressive-dub-naturalniy-im1848-1.jpeg', 603, 1),
('laminat-quick-step-impressive-dub-naturalniy-im1848-2.jpeg', 603, 2),
('laminat-quick-step-impressive-dub-naturalniy-im1848-3.jpeg', 603, 3),
('laminat-quick-step-impressive-dub-naturalniy-im1848.jpeg', 603, 0),
('laminat-quick-step-impressive-dub-pepelniy-im1992-1.jpeg', 616, 1),
('laminat-quick-step-impressive-dub-pepelniy-im1992-2.jpeg', 616, 2),
('laminat-quick-step-impressive-dub-pepelniy-im1992.jpeg', 616, 0),
('laminat-quick-step-impressive-dub-pesochniy-im1853-1.jpeg', 625, 1),
('laminat-quick-step-impressive-dub-pesochniy-im1853-2.jpeg', 625, 2),
('laminat-quick-step-impressive-dub-pesochniy-im1853.jpeg', 625, 0),
('laminat-quick-step-impressive-dub-seriy-lakirovanniy-im4665-1.jpeg', 621, 1),
('laminat-quick-step-impressive-dub-seriy-lakirovanniy-im4665-2.jpeg', 621, 2),
('laminat-quick-step-impressive-dub-seriy-lakirovanniy-im4665.jpeg', 621, 0),
('laminat-quick-step-impressive-dub-sero-bezheviy-im4663-1.jpeg', 618, 1),
('laminat-quick-step-impressive-dub-sero-bezheviy-im4663-2.jpeg', 618, 2),
('laminat-quick-step-impressive-dub-sero-bezheviy-im4663.jpeg', 618, 0),
('laminat-quick-step-impressive-dub-svetliy-im1847-1.jpeg', 623, 1),
('laminat-quick-step-impressive-dub-svetliy-im1847-2.jpeg', 623, 2),
('laminat-quick-step-impressive-dub-svetliy-im1847-3.jpeg', 623, 3),
('laminat-quick-step-impressive-dub-svetliy-im1847-4.jpeg', 623, 4),
('laminat-quick-step-impressive-dub-svetliy-im1847-5.jpeg', 623, 5),
('laminat-quick-step-impressive-dub-svetliy-im1847-6.jpeg', 623, 6),
('laminat-quick-step-impressive-dub-svetliy-im1847-7.jpeg', 623, 7),
('laminat-quick-step-impressive-dub-svetliy-im1847.jpeg', 623, 0),
('laminat-quick-step-impressive-dub-svetliy-naturalniy-im4664-1.jpeg', 619, 1),
('laminat-quick-step-impressive-dub-svetliy-naturalniy-im4664-2.jpeg', 619, 2),
('laminat-quick-step-impressive-dub-svetliy-naturalniy-im4664-3.jpeg', 619, 3),
('laminat-quick-step-impressive-dub-svetliy-naturalniy-im4664.jpeg', 619, 0),
('laminat-quick-step-impressive-dub-yuzhniy-im1994-1.jpeg', 605, 1),
('laminat-quick-step-impressive-dub-yuzhniy-im1994-2.jpeg', 605, 2),
('laminat-quick-step-impressive-dub-yuzhniy-im1994.jpeg', 605, 0),
('laminat-quick-step-impressive-patterns-beton-loft-ipe4508-1.jpeg', 648, 1),
('laminat-quick-step-impressive-patterns-beton-loft-ipe4508-2.jpeg', 648, 2),
('laminat-quick-step-impressive-patterns-beton-loft-ipe4508.jpeg', 648, 0),
('laminat-quick-step-impressive-patterns-dub-kofeyniy-brashirovanniy-ipa4145-1.jpeg', 663, 1),
('laminat-quick-step-impressive-patterns-dub-kofeyniy-brashirovanniy-ipa4145-2.jpeg', 663, 2),
('laminat-quick-step-impressive-patterns-dub-kofeyniy-brashirovanniy-ipa4145-3.jpeg', 663, 3),
('laminat-quick-step-impressive-patterns-dub-kofeyniy-brashirovanniy-ipa4145.jpeg', 663, 0),
('laminat-quick-step-impressive-patterns-dub-medniy-brashirovanniy-ipa4144-1.jpeg', 653, 1),
('laminat-quick-step-impressive-patterns-dub-medniy-brashirovanniy-ipa4144-2.jpeg', 653, 2),
('laminat-quick-step-impressive-patterns-dub-medniy-brashirovanniy-ipa4144.jpeg', 653, 0),
('laminat-quick-step-impressive-patterns-dub-palatstso-beliy-ipe4501-1.jpeg', 644, 1),
('laminat-quick-step-impressive-patterns-dub-palatstso-beliy-ipe4501-2.jpeg', 644, 2),
('laminat-quick-step-impressive-patterns-dub-palatstso-beliy-ipe4501.jpeg', 644, 0),
('laminat-quick-step-impressive-patterns-dub-palatstso-bezheviy-ipe4672-1.jpeg', 650, 1),
('laminat-quick-step-impressive-patterns-dub-palatstso-bezheviy-ipe4672-2.jpeg', 650, 2),
('laminat-quick-step-impressive-patterns-dub-palatstso-bezheviy-ipe4672-3.jpeg', 650, 3),
('laminat-quick-step-impressive-patterns-dub-palatstso-bezheviy-ipe4672.jpeg', 650, 0),
('laminat-quick-step-impressive-patterns-dub-palatstso-korichneviy-ipe4504-1.jpeg', 657, 1),
('laminat-quick-step-impressive-patterns-dub-palatstso-korichneviy-ipe4504-2.jpeg', 657, 2),
('laminat-quick-step-impressive-patterns-dub-palatstso-korichneviy-ipe4504.jpeg', 657, 0),
('laminat-quick-step-impressive-patterns-dub-pesochniy-brashirovanniy-ipa4142-1.jpeg', 646, 1),
('laminat-quick-step-impressive-patterns-dub-pesochniy-brashirovanniy-ipa4142-2.jpeg', 646, 2),
('laminat-quick-step-impressive-patterns-dub-pesochniy-brashirovanniy-ipa4142-3.jpeg', 646, 3),
('laminat-quick-step-impressive-patterns-dub-pesochniy-brashirovanniy-ipa4142.jpeg', 646, 0),
('laminat-quick-step-impressive-patterns-dub-prirodniy-bezheviy-brashirovanniy-ipa4143-1.jpeg', 659, 1),
('laminat-quick-step-impressive-patterns-dub-prirodniy-bezheviy-brashirovanniy-ipa4143-2.jpeg', 659, 2),
('laminat-quick-step-impressive-patterns-dub-prirodniy-bezheviy-brashirovanniy-ipa4143.jpeg', 659, 0),
('laminat-quick-step-impressive-patterns-dub-seriy-tepliy-brashirovanniy-ipa4141-1.jpeg', 652, 1),
('laminat-quick-step-impressive-patterns-dub-seriy-tepliy-brashirovanniy-ipa4141-2.jpeg', 652, 2),
('laminat-quick-step-impressive-patterns-dub-seriy-tepliy-brashirovanniy-ipa4141.jpeg', 652, 0),
('laminat-quick-step-impressive-patterns-mramor-bezheviy-ipe4506-1.jpeg', 642, 1),
('laminat-quick-step-impressive-patterns-mramor-bezheviy-ipe4506-2.jpeg', 642, 2),
('laminat-quick-step-impressive-patterns-mramor-bezheviy-ipe4506.jpeg', 642, 0),
('laminat-quick-step-impressive-patterns-tekstil-naturalniy-ipe4511-1.jpeg', 661, 1),
('laminat-quick-step-impressive-patterns-tekstil-naturalniy-ipe4511-2.jpeg', 661, 2),
('laminat-quick-step-impressive-patterns-tekstil-naturalniy-ipe4511.jpeg', 661, 0),
('laminat-quick-step-impressive-patterns-travertin-bezheviy-ipe4510-1.jpeg', 655, 1),
('laminat-quick-step-impressive-patterns-travertin-bezheviy-ipe4510-2.jpeg', 655, 2),
('laminat-quick-step-impressive-patterns-travertin-bezheviy-ipe4510.jpeg', 655, 0),
('laminat-quick-step-impressive-sosna-im1860-1.jpeg', 638, 1),
('laminat-quick-step-impressive-sosna-im1860-2.jpeg', 638, 2),
('laminat-quick-step-impressive-sosna-im1860-3.jpeg', 638, 3),
('laminat-quick-step-impressive-sosna-im1860.jpeg', 638, 0),
('laminat-quick-step-impressive-svetlo-seriy-beton-im1861-1.jpeg', 640, 1),
('laminat-quick-step-impressive-svetlo-seriy-beton-im1861-2.jpeg', 640, 2),
('laminat-quick-step-impressive-svetlo-seriy-beton-im1861-3.jpeg', 640, 3),
('laminat-quick-step-impressive-svetlo-seriy-beton-im1861.jpeg', 640, 0),
('laminat-quick-step-impressive-ultra-doska-belogo-duba-lakirovannaya-imu3105-1.jpeg', 673, 1),
('laminat-quick-step-impressive-ultra-doska-belogo-duba-lakirovannaya-imu3105-2.jpeg', 673, 2),
('laminat-quick-step-impressive-ultra-doska-belogo-duba-lakirovannaya-imu3105-3.jpeg', 673, 3),
('laminat-quick-step-impressive-ultra-doska-belogo-duba-lakirovannaya-imu3105.jpeg', 673, 0),
('laminat-quick-step-impressive-ultra-doska-naturalnogo-duba-lakirovannaya-imu3106-1.jpeg', 672, 1),
('laminat-quick-step-impressive-ultra-doska-naturalnogo-duba-lakirovannaya-imu3106-2.jpeg', 672, 2),
('laminat-quick-step-impressive-ultra-doska-naturalnogo-duba-lakirovannaya-imu3106-3.jpeg', 672, 3),
('laminat-quick-step-impressive-ultra-doska-naturalnogo-duba-lakirovannaya-imu3106.jpeg', 672, 0),
('laminat-quick-step-impressive-ultra-dub-bordo-imu1995-1.jpeg', 675, 1),
('laminat-quick-step-impressive-ultra-dub-bordo-imu1995-2.jpeg', 675, 2),
('laminat-quick-step-impressive-ultra-dub-bordo-imu1995.jpeg', 675, 0),
('laminat-quick-step-impressive-ultra-dub-derevenskiy-imu1851-1.jpeg', 671, 1),
('laminat-quick-step-impressive-ultra-dub-derevenskiy-imu1851-2.jpeg', 671, 2),
('laminat-quick-step-impressive-ultra-dub-derevenskiy-imu1851.jpeg', 671, 0),
('laminat-quick-step-impressive-ultra-dub-dymchatiy-imu1993-1.jpeg', 668, 1),
('laminat-quick-step-impressive-ultra-dub-dymchatiy-imu1993-2.jpeg', 668, 2),
('laminat-quick-step-impressive-ultra-dub-dymchatiy-imu1993.jpeg', 668, 0),
('laminat-quick-step-impressive-ultra-dub-etnicheskiy-seriy-imu3558-1.jpeg', 681, 1),
('laminat-quick-step-impressive-ultra-dub-etnicheskiy-seriy-imu3558-2.jpeg', 681, 2),
('laminat-quick-step-impressive-ultra-dub-etnicheskiy-seriy-imu3558.jpeg', 681, 0),
('laminat-quick-step-impressive-ultra-dub-fantaziyniy-beliy-imu3559-1.jpeg', 670, 1),
('laminat-quick-step-impressive-ultra-dub-fantaziyniy-beliy-imu3559-2.jpeg', 670, 2),
('laminat-quick-step-impressive-ultra-dub-fantaziyniy-beliy-imu3559.jpeg', 670, 0),
('laminat-quick-step-impressive-ultra-dub-fantaziyniy-svetlo-seriy-imu3560-1.jpeg', 679, 1),
('laminat-quick-step-impressive-ultra-dub-fantaziyniy-svetlo-seriy-imu3560-2.jpeg', 679, 2),
('laminat-quick-step-impressive-ultra-dub-fantaziyniy-svetlo-seriy-imu3560-3.jpeg', 679, 3),
('laminat-quick-step-impressive-ultra-dub-fantaziyniy-svetlo-seriy-imu3560-4.jpeg', 679, 4),
('laminat-quick-step-impressive-ultra-dub-fantaziyniy-svetlo-seriy-imu3560.jpeg', 679, 0),
('laminat-quick-step-impressive-ultra-dub-korichneviy-imu1849-1.jpeg', 667, 1),
('laminat-quick-step-impressive-ultra-dub-korichneviy-imu1849-2.jpeg', 667, 2),
('laminat-quick-step-impressive-ultra-dub-korichneviy-imu1849.jpeg', 667, 0),
('laminat-quick-step-impressive-ultra-dub-naturalniy-imu1848-1.jpeg', 666, 1),
('laminat-quick-step-impressive-ultra-dub-naturalniy-imu1848-2.jpeg', 666, 2),
('laminat-quick-step-impressive-ultra-dub-naturalniy-imu1848-3.jpeg', 666, 3),
('laminat-quick-step-impressive-ultra-dub-naturalniy-imu1848.jpeg', 666, 0),
('laminat-quick-step-impressive-ultra-dub-pepelniy-imu1992-1.jpeg', 674, 1),
('laminat-quick-step-impressive-ultra-dub-pepelniy-imu1992-2.jpeg', 674, 2),
('laminat-quick-step-impressive-ultra-dub-pepelniy-imu1992.jpeg', 674, 0),
('laminat-quick-step-impressive-ultra-dub-pesochniy-imu1853-1.jpeg', 680, 1),
('laminat-quick-step-impressive-ultra-dub-pesochniy-imu1853-2.jpeg', 680, 2),
('laminat-quick-step-impressive-ultra-dub-pesochniy-imu1853.jpeg', 680, 0),
('laminat-quick-step-impressive-ultra-dub-seriy-lakirovanniy-imu4665-1.jpeg', 678, 1),
('laminat-quick-step-impressive-ultra-dub-seriy-lakirovanniy-imu4665.jpeg', 678, 0),
('laminat-quick-step-impressive-ultra-dub-sero-bezheviy-imu4663-1.jpeg', 677, 1),
('laminat-quick-step-impressive-ultra-dub-sero-bezheviy-imu4663.jpeg', 677, 0),
('laminat-quick-step-impressive-ultra-dub-svetliy-imu1847-1.jpeg', 665, 1),
('laminat-quick-step-impressive-ultra-dub-svetliy-imu1847-2.jpeg', 665, 2),
('laminat-quick-step-impressive-ultra-dub-svetliy-imu1847-3.jpeg', 665, 3),
('laminat-quick-step-impressive-ultra-dub-svetliy-imu1847-4.jpeg', 665, 4),
('laminat-quick-step-impressive-ultra-dub-svetliy-imu1847-5.jpeg', 665, 5),
('laminat-quick-step-impressive-ultra-dub-svetliy-imu1847-6.jpeg', 665, 6),
('laminat-quick-step-impressive-ultra-dub-svetliy-imu1847-7.jpeg', 665, 7),
('laminat-quick-step-impressive-ultra-dub-svetliy-imu1847.jpeg', 665, 0),
('laminat-quick-step-impressive-ultra-dub-svetliy-naturalniy-imu4664-1.jpeg', 676, 1),
('laminat-quick-step-impressive-ultra-dub-svetliy-naturalniy-imu4664-2.jpeg', 676, 2),
('laminat-quick-step-impressive-ultra-dub-svetliy-naturalniy-imu4664.jpeg', 676, 0),
('laminat-quick-step-impressive-ultra-dub-yuzhniy-imu1994-1.jpeg', 669, 1),
('laminat-quick-step-impressive-ultra-dub-yuzhniy-imu1994-2.jpeg', 669, 2),
('laminat-quick-step-impressive-ultra-dub-yuzhniy-imu1994.jpeg', 669, 0),
('laminat-quick-step-impressive-ultra-svetlo-seriy-beton-imu1861-1.jpeg', 682, 1),
('laminat-quick-step-impressive-ultra-svetlo-seriy-beton-imu1861-2.jpeg', 682, 2),
('laminat-quick-step-impressive-ultra-svetlo-seriy-beton-imu1861-3.jpeg', 682, 3),
('laminat-quick-step-impressive-ultra-svetlo-seriy-beton-imu1861.jpeg', 682, 0),
('laminat-quick-step-majestic-dub-dolinniy-svetlo-bezheviy-mj3554-1.jpeg', 685, 1),
('laminat-quick-step-majestic-dub-dolinniy-svetlo-bezheviy-mj3554-2.jpeg', 685, 2),
('laminat-quick-step-majestic-dub-dolinniy-svetlo-bezheviy-mj3554-3.jpeg', 685, 3),
('laminat-quick-step-majestic-dub-dolinniy-svetlo-bezheviy-mj3554-4.jpeg', 685, 4),
('laminat-quick-step-majestic-dub-dolinniy-svetlo-bezheviy-mj3554-5.jpeg', 685, 5),
('laminat-quick-step-majestic-dub-dolinniy-svetlo-bezheviy-mj3554-6.jpeg', 685, 6),
('laminat-quick-step-majestic-dub-dolinniy-svetlo-bezheviy-mj3554-7.jpeg', 685, 7),
('laminat-quick-step-majestic-dub-dolinniy-svetlo-bezheviy-mj3554.jpeg', 685, 0),
('laminat-quick-step-majestic-dub-dolinniy-svetlo-korichneviy-mj3555-1.jpeg', 697, 1),
('laminat-quick-step-majestic-dub-dolinniy-svetlo-korichneviy-mj3555-2.jpeg', 697, 2),
('laminat-quick-step-majestic-dub-dolinniy-svetlo-korichneviy-mj3555.jpeg', 697, 0),
('laminat-quick-step-majestic-dub-lesnoy-massiv-bezheviy-mj3545-1.jpeg', 699, 1),
('laminat-quick-step-majestic-dub-lesnoy-massiv-bezheviy-mj3545-2.jpeg', 699, 2),
('laminat-quick-step-majestic-dub-lesnoy-massiv-bezheviy-mj3545.jpeg', 699, 0),
('laminat-quick-step-majestic-dub-lesnoy-massiv-korichneviy-mj3548-1.jpeg', 687, 1),
('laminat-quick-step-majestic-dub-lesnoy-massiv-korichneviy-mj3548-2.jpeg', 687, 2),
('laminat-quick-step-majestic-dub-lesnoy-massiv-korichneviy-mj3548-3.jpeg', 687, 3),
('laminat-quick-step-majestic-dub-lesnoy-massiv-korichneviy-mj3548.jpeg', 687, 0),
('laminat-quick-step-majestic-dub-lesnoy-massiv-naturalniy-mj3546-1.jpeg', 701, 1),
('laminat-quick-step-majestic-dub-lesnoy-massiv-naturalniy-mj3546-2.jpeg', 701, 2),
('laminat-quick-step-majestic-dub-lesnoy-massiv-naturalniy-mj3546-3.jpeg', 701, 3),
('laminat-quick-step-majestic-dub-lesnoy-massiv-naturalniy-mj3546-4.jpeg', 701, 4),
('laminat-quick-step-majestic-dub-lesnoy-massiv-naturalniy-mj3546-5.jpeg', 701, 5),
('laminat-quick-step-majestic-dub-lesnoy-massiv-naturalniy-mj3546-6.jpeg', 701, 6),
('laminat-quick-step-majestic-dub-lesnoy-massiv-naturalniy-mj3546.jpeg', 701, 0),
('laminat-quick-step-majestic-dub-lesnoy-massiv-svetlo-seriy-mj3547-1.jpeg', 691, 1),
('laminat-quick-step-majestic-dub-lesnoy-massiv-svetlo-seriy-mj3547-2.jpeg', 691, 2),
('laminat-quick-step-majestic-dub-lesnoy-massiv-svetlo-seriy-mj3547.jpeg', 691, 0),
('laminat-quick-step-majestic-dub-pustynniy-shlifovanniy-seriy-mj3552-1.jpeg', 695, 1),
('laminat-quick-step-majestic-dub-pustynniy-shlifovanniy-seriy-mj3552-2.jpeg', 695, 2),
('laminat-quick-step-majestic-dub-pustynniy-shlifovanniy-seriy-mj3552.jpeg', 695, 0),
('laminat-quick-step-majestic-dub-pustynniy-shlifovanniy-temno-korichneviy-mj3553-1.jpeg', 693, 1),
('laminat-quick-step-majestic-dub-pustynniy-shlifovanniy-temno-korichneviy-mj3553-2.jpeg', 693, 2),
('laminat-quick-step-majestic-dub-pustynniy-shlifovanniy-temno-korichneviy-mj3553-3.jpeg', 693, 3),
('laminat-quick-step-majestic-dub-pustynniy-shlifovanniy-temno-korichneviy-mj3553.jpeg', 693, 0),
('laminat-quick-step-majestic-dub-pustynniy-svetliy-naturalniy-mj3550-1.jpeg', 689, 1),
('laminat-quick-step-majestic-dub-pustynniy-svetliy-naturalniy-mj3550.jpeg', 689, 0),
('laminat-quick-step-majestic-dub-pustynniy-tepliy-naturalniy-mj3551-1.jpeg', 683, 1),
('laminat-quick-step-majestic-dub-pustynniy-tepliy-naturalniy-mj3551-2.jpeg', 683, 2),
('laminat-quick-step-majestic-dub-pustynniy-tepliy-naturalniy-mj3551-3.jpeg', 683, 3),
('laminat-quick-step-majestic-dub-pustynniy-tepliy-naturalniy-mj3551-4.jpeg', 683, 4),
('laminat-quick-step-majestic-dub-pustynniy-tepliy-naturalniy-mj3551.jpeg', 683, 0),
('laminat-quick-step-perspective-doska-belogo-duba-lakirovannaya-uf915-2-1.jpeg', 722, 1),
('laminat-quick-step-perspective-doska-belogo-duba-lakirovannaya-uf915-2-2.jpeg', 722, 2),
('laminat-quick-step-perspective-doska-belogo-duba-lakirovannaya-uf915-2.jpeg', 722, 0),
('laminat-quick-step-perspective-doska-duba-belogo-medium-uf1492-1.jpeg', 712, 1),
('laminat-quick-step-perspective-doska-duba-belogo-medium-uf1492-2.jpeg', 712, 2),
('laminat-quick-step-perspective-doska-duba-belogo-medium-uf1492-3.jpeg', 712, 3),
('laminat-quick-step-perspective-doska-duba-belogo-medium-uf1492-4.jpeg', 712, 4),
('laminat-quick-step-perspective-doska-duba-belogo-medium-uf1492.jpeg', 712, 0),
('laminat-quick-step-perspective-doska-duba-belogo-svetlaya-uf1491-1.jpeg', 710, 1),
('laminat-quick-step-perspective-doska-duba-belogo-svetlaya-uf1491-2.jpeg', 710, 2),
('laminat-quick-step-perspective-doska-duba-belogo-svetlaya-uf1491.jpeg', 710, 0),
('laminat-quick-step-perspective-doska-duba-belogo-zatemnennaya-uf1496-1.jpeg', 716, 1),
('laminat-quick-step-perspective-doska-duba-belogo-zatemnennaya-uf1496-2.jpeg', 716, 2),
('laminat-quick-step-perspective-doska-duba-belogo-zatemnennaya-uf1496-3.jpeg', 716, 3),
('laminat-quick-step-perspective-doska-duba-belogo-zatemnennaya-uf1496-4.jpeg', 716, 4),
('laminat-quick-step-perspective-doska-duba-belogo-zatemnennaya-uf1496.jpeg', 716, 0),
('laminat-quick-step-perspective-doska-duba-matovaya-promaslennaya-uf312-2-1.jpeg', 720, 1),
('laminat-quick-step-perspective-doska-duba-matovaya-promaslennaya-uf312-2-2.jpeg', 720, 2),
('laminat-quick-step-perspective-doska-duba-matovaya-promaslennaya-uf312-2.jpeg', 720, 0),
('laminat-quick-step-perspective-doska-duba-serogo-starinnogo-uf1388-1.jpeg', 708, 1),
('laminat-quick-step-perspective-doska-duba-serogo-starinnogo-uf1388-2.jpeg', 708, 2),
('laminat-quick-step-perspective-doska-duba-serogo-starinnogo-uf1388.jpeg', 708, 0),
('laminat-quick-step-perspective-doska-duba-svetlo-serogo-starinnogo-uf1406-1.jpeg', 707, 1),
('laminat-quick-step-perspective-doska-duba-svetlo-serogo-starinnogo-uf1406-2.jpeg', 707, 2),
('laminat-quick-step-perspective-doska-duba-svetlo-serogo-starinnogo-uf1406.jpeg', 707, 0),
('laminat-quick-step-perspective-doska-dubovaya-svetlaya-potertaya-uf1303-1.jpeg', 714, 1),
('laminat-quick-step-perspective-doska-dubovaya-svetlaya-potertaya-uf1303-2.jpeg', 714, 2),
('laminat-quick-step-perspective-doska-dubovaya-svetlaya-potertaya-uf1303.jpeg', 714, 0),
('laminat-quick-step-perspective-doska-dubovaya-svetlo-seraya-lakirovannaya-uf1304-2-1.jpeg', 724, 1),
('laminat-quick-step-perspective-doska-dubovaya-svetlo-seraya-lakirovannaya-uf1304-2-2.jpeg', 724, 2),
('laminat-quick-step-perspective-doska-dubovaya-svetlo-seraya-lakirovannaya-uf1304-2.jpeg', 724, 0),
('laminat-quick-step-perspective-doska-merbau-uf996-2-1.jpeg', 730, 1),
('laminat-quick-step-perspective-doska-merbau-uf996-2-2.jpeg', 730, 2),
('laminat-quick-step-perspective-doska-merbau-uf996-2.jpeg', 730, 0),
('laminat-quick-step-perspective-doska-orekhovaya-promaslennaya-uf1043-2-1.jpeg', 732, 1),
('laminat-quick-step-perspective-doska-orekhovaya-promaslennaya-uf1043-2-2.jpeg', 732, 2),
('laminat-quick-step-perspective-doska-orekhovaya-promaslennaya-uf1043-2.jpeg', 732, 0),
('laminat-quick-step-perspective-doska-venge-uf1000-2-1.jpeg', 734, 1),
('laminat-quick-step-perspective-doska-venge-uf1000-2-2.jpeg', 734, 2),
('laminat-quick-step-perspective-doska-venge-uf1000-2.jpeg', 734, 0),
('laminat-quick-step-perspective-dub-italyanskiy-bezheviy-petchvork-uf3832p-1.jpeg', 733, 1),
('laminat-quick-step-perspective-dub-italyanskiy-bezheviy-petchvork-uf3832p-2.jpeg', 733, 2),
('laminat-quick-step-perspective-dub-italyanskiy-bezheviy-petchvork-uf3832p.jpeg', 733, 0),
('laminat-quick-step-perspective-dub-italyanskiy-bezheviy-uf3832.jpeg', 703, 0),
('laminat-quick-step-perspective-dub-italyanskiy-svetlo-seriy-petchvork-uf3831p-1.jpeg', 729, 1),
('laminat-quick-step-perspective-dub-italyanskiy-svetlo-seriy-petchvork-uf3831p-2.jpeg', 729, 2),
('laminat-quick-step-perspective-dub-italyanskiy-svetlo-seriy-petchvork-uf3831p.jpeg', 729, 0),
('laminat-quick-step-perspective-dub-italyanskiy-svetlo-seriy-uf3831.jpeg', 704, 0),
('laminat-quick-step-perspective-dub-pochtenniy-naturalniy-promaslenniy-uf1157-2-1.jpeg', 727, 1),
('laminat-quick-step-perspective-dub-pochtenniy-naturalniy-promaslenniy-uf1157-2-2.jpeg', 727, 2),
('laminat-quick-step-perspective-dub-pochtenniy-naturalniy-promaslenniy-uf1157-2.jpeg', 727, 0),
('laminat-quick-step-perspective-dub-prirodniy-korichneviy-uf3579-1.jpeg', 705, 1),
('laminat-quick-step-perspective-dub-prirodniy-korichneviy-uf3579-2.jpeg', 705, 2),
('laminat-quick-step-perspective-dub-prirodniy-korichneviy-uf3579-3.jpeg', 705, 3),
('laminat-quick-step-perspective-dub-prirodniy-korichneviy-uf3579.jpeg', 705, 0),
('laminat-quick-step-perspective-dub-prirodniy-naturalniy-uf3578.jpeg', 709, 0),
('laminat-quick-step-perspective-dub-starinniy-seriy-uf3575-1.jpeg', 718, 1),
('laminat-quick-step-perspective-dub-starinniy-seriy-uf3575-2.jpeg', 718, 2),
('laminat-quick-step-perspective-dub-starinniy-seriy-uf3575.jpeg', 718, 0),
('laminat-quick-step-perspective-sosna-belaya-zatertaya-uf1235-2-1.jpeg', 726, 1),
('laminat-quick-step-perspective-sosna-belaya-zatertaya-uf1235-2-2.jpeg', 726, 2),
('laminat-quick-step-perspective-sosna-belaya-zatertaya-uf1235-2.jpeg', 726, 0),
('laminat-quick-step-perspective-venge-intensivniy-uf1300-2-1.jpeg', 723, 1),
('laminat-quick-step-perspective-venge-intensivniy-uf1300-2-2.jpeg', 723, 2),
('laminat-quick-step-perspective-venge-intensivniy-uf1300-2.jpeg', 723, 0),
('laminat-quick-step-signature-dub-beliy-krasheniy-sig4753-1.jpeg', 505, 1),
('laminat-quick-step-signature-dub-beliy-krasheniy-sig4753-10.jpeg', 505, 10),
('laminat-quick-step-signature-dub-beliy-krasheniy-sig4753-11.jpeg', 505, 11),
('laminat-quick-step-signature-dub-beliy-krasheniy-sig4753-2.jpeg', 505, 2),
('laminat-quick-step-signature-dub-beliy-krasheniy-sig4753-3.jpeg', 505, 3),
('laminat-quick-step-signature-dub-beliy-krasheniy-sig4753-4.jpeg', 505, 4),
('laminat-quick-step-signature-dub-beliy-krasheniy-sig4753-5.jpeg', 505, 5),
('laminat-quick-step-signature-dub-beliy-krasheniy-sig4753-6.jpeg', 505, 6),
('laminat-quick-step-signature-dub-beliy-krasheniy-sig4753-7.jpeg', 505, 7),
('laminat-quick-step-signature-dub-beliy-krasheniy-sig4753-8.jpeg', 505, 8),
('laminat-quick-step-signature-dub-beliy-krasheniy-sig4753-9.jpeg', 505, 9),
('laminat-quick-step-signature-dub-beliy-krasheniy-sig4753.jpeg', 505, 0),
('laminat-quick-step-signature-dub-beliy-premium-sig4757-1.jpeg', 485, 1),
('laminat-quick-step-signature-dub-beliy-premium-sig4757-2.jpeg', 485, 2),
('laminat-quick-step-signature-dub-beliy-premium-sig4757-3.jpeg', 485, 3),
('laminat-quick-step-signature-dub-beliy-premium-sig4757.jpeg', 485, 0),
('laminat-quick-step-signature-dub-bezheviy-brashirovanniy-sig4764-1.jpeg', 487, 1),
('laminat-quick-step-signature-dub-bezheviy-brashirovanniy-sig4764-2.jpeg', 487, 2),
('laminat-quick-step-signature-dub-bezheviy-brashirovanniy-sig4764-3.jpeg', 487, 3),
('laminat-quick-step-signature-dub-bezheviy-brashirovanniy-sig4764-4.jpeg', 487, 4),
('laminat-quick-step-signature-dub-bezheviy-brashirovanniy-sig4764.jpeg', 487, 0),
('laminat-quick-step-signature-dub-bezheviy-lakirovanniy-sig4750-1.jpeg', 489, 1),
('laminat-quick-step-signature-dub-bezheviy-lakirovanniy-sig4750-2.jpeg', 489, 2),
('laminat-quick-step-signature-dub-bezheviy-lakirovanniy-sig4750.jpeg', 489, 0),
('laminat-quick-step-signature-dub-korichneviy-brashirovanniy-sig4766-1.jpeg', 507, 1),
('laminat-quick-step-signature-dub-korichneviy-brashirovanniy-sig4766-2.jpeg', 507, 2),
('laminat-quick-step-signature-dub-korichneviy-brashirovanniy-sig4766-3.jpeg', 507, 3),
('laminat-quick-step-signature-dub-korichneviy-brashirovanniy-sig4766-4.jpeg', 507, 4),
('laminat-quick-step-signature-dub-korichneviy-brashirovanniy-sig4766-5.jpeg', 507, 5),
('laminat-quick-step-signature-dub-korichneviy-brashirovanniy-sig4766-6.jpeg', 507, 6),
('laminat-quick-step-signature-dub-korichneviy-brashirovanniy-sig4766.jpeg', 507, 0),
('laminat-quick-step-signature-dub-korichneviy-patina-sig4751-1.jpeg', 501, 1),
('laminat-quick-step-signature-dub-korichneviy-patina-sig4751-2.jpeg', 501, 2),
('laminat-quick-step-signature-dub-korichneviy-patina-sig4751-3.jpeg', 501, 3),
('laminat-quick-step-signature-dub-korichneviy-patina-sig4751-4.jpeg', 501, 4),
('laminat-quick-step-signature-dub-korichneviy-patina-sig4751-5.jpeg', 501, 5),
('laminat-quick-step-signature-dub-korichneviy-patina-sig4751-6.jpeg', 501, 6),
('laminat-quick-step-signature-dub-korichneviy-patina-sig4751.jpeg', 501, 0),
('laminat-quick-step-signature-dub-korichneviy-voscheniy-sig4756-1.jpeg', 509, 1),
('laminat-quick-step-signature-dub-korichneviy-voscheniy-sig4756-2.jpeg', 509, 2),
('laminat-quick-step-signature-dub-korichneviy-voscheniy-sig4756-3.jpeg', 509, 3),
('laminat-quick-step-signature-dub-korichneviy-voscheniy-sig4756-4.jpeg', 509, 4),
('laminat-quick-step-signature-dub-korichneviy-voscheniy-sig4756-5.jpeg', 509, 5),
('laminat-quick-step-signature-dub-korichneviy-voscheniy-sig4756-6.jpeg', 509, 6),
('laminat-quick-step-signature-dub-korichneviy-voscheniy-sig4756.jpeg', 509, 0),
('laminat-quick-step-signature-dub-naturalniy-brashirovanniy-sig4763-1.jpeg', 491, 1),
('laminat-quick-step-signature-dub-naturalniy-brashirovanniy-sig4763-2.jpeg', 491, 2),
('laminat-quick-step-signature-dub-naturalniy-brashirovanniy-sig4763-3.jpeg', 491, 3),
('laminat-quick-step-signature-dub-naturalniy-brashirovanniy-sig4763-4.jpeg', 491, 4),
('laminat-quick-step-signature-dub-naturalniy-brashirovanniy-sig4763-5.jpeg', 491, 5),
('laminat-quick-step-signature-dub-naturalniy-brashirovanniy-sig4763-6.jpeg', 491, 6),
('laminat-quick-step-signature-dub-naturalniy-brashirovanniy-sig4763-7.jpeg', 491, 7),
('laminat-quick-step-signature-dub-naturalniy-brashirovanniy-sig4763.jpeg', 491, 0),
('laminat-quick-step-signature-dub-potertiy-naturalniy-sig4767-1.jpeg', 503, 1),
('laminat-quick-step-signature-dub-potertiy-naturalniy-sig4767-2.jpeg', 503, 2),
('laminat-quick-step-signature-dub-potertiy-naturalniy-sig4767-3.jpeg', 503, 3),
('laminat-quick-step-signature-dub-potertiy-naturalniy-sig4767-4.jpeg', 503, 4),
('laminat-quick-step-signature-dub-potertiy-naturalniy-sig4767.jpeg', 503, 0),
('laminat-quick-step-signature-dub-rozoviy-krasheniy-sig4754-1.jpeg', 511, 1),
('laminat-quick-step-signature-dub-rozoviy-krasheniy-sig4754-10.jpeg', 511, 10),
('laminat-quick-step-signature-dub-rozoviy-krasheniy-sig4754-11.jpeg', 511, 11),
('laminat-quick-step-signature-dub-rozoviy-krasheniy-sig4754-12.jpeg', 511, 12),
('laminat-quick-step-signature-dub-rozoviy-krasheniy-sig4754-13.jpeg', 511, 13),
('laminat-quick-step-signature-dub-rozoviy-krasheniy-sig4754-2.jpeg', 511, 2),
('laminat-quick-step-signature-dub-rozoviy-krasheniy-sig4754-3.jpeg', 511, 3),
('laminat-quick-step-signature-dub-rozoviy-krasheniy-sig4754-4.jpeg', 511, 4),
('laminat-quick-step-signature-dub-rozoviy-krasheniy-sig4754-5.jpeg', 511, 5),
('laminat-quick-step-signature-dub-rozoviy-krasheniy-sig4754-6.jpeg', 511, 6),
('laminat-quick-step-signature-dub-rozoviy-krasheniy-sig4754-7.jpeg', 511, 7),
('laminat-quick-step-signature-dub-rozoviy-krasheniy-sig4754-8.jpeg', 511, 8),
('laminat-quick-step-signature-dub-rozoviy-krasheniy-sig4754-9.jpeg', 511, 9),
('laminat-quick-step-signature-dub-rozoviy-krasheniy-sig4754.jpeg', 511, 0),
('laminat-quick-step-signature-dub-seriy-brashirovanniy-sig4765-1.jpeg', 499, 1),
('laminat-quick-step-signature-dub-seriy-brashirovanniy-sig4765-2.jpeg', 499, 2),
('laminat-quick-step-signature-dub-seriy-brashirovanniy-sig4765.jpeg', 499, 0),
('laminat-quick-step-signature-dub-seriy-patina-sig4752-1.jpeg', 497, 1),
('laminat-quick-step-signature-dub-seriy-patina-sig4752-2.jpeg', 497, 2),
('laminat-quick-step-signature-dub-seriy-patina-sig4752-3.jpeg', 497, 3),
('laminat-quick-step-signature-dub-seriy-patina-sig4752.jpeg', 497, 0),
('laminat-quick-step-signature-dub-svetliy-lakirovanniy-sig4759-1.jpeg', 484, 1),
('laminat-quick-step-signature-dub-svetliy-lakirovanniy-sig4759-2.jpeg', 484, 2),
('laminat-quick-step-signature-dub-svetliy-lakirovanniy-sig4759.jpeg', 484, 0),
('laminat-quick-step-signature-dub-svetliy-patina-sig4748-1.jpeg', 493, 1),
('laminat-quick-step-signature-dub-svetliy-patina-sig4748-2.jpeg', 493, 2),
('laminat-quick-step-signature-dub-svetliy-patina-sig4748-3.jpeg', 493, 3),
('laminat-quick-step-signature-dub-svetliy-patina-sig4748-4.jpeg', 493, 4),
('laminat-quick-step-signature-dub-svetliy-patina-sig4748-5.jpeg', 493, 5),
('laminat-quick-step-signature-dub-svetliy-patina-sig4748-6.jpeg', 493, 6),
('laminat-quick-step-signature-dub-svetliy-patina-sig4748.jpeg', 493, 0),
('laminat-quick-step-signature-dub-tepliy-naturalniy-brashirovanniy-sig4762-1.jpeg', 482, 1),
('laminat-quick-step-signature-dub-tepliy-naturalniy-brashirovanniy-sig4762-2.jpeg', 482, 2),
('laminat-quick-step-signature-dub-tepliy-naturalniy-brashirovanniy-sig4762-3.jpeg', 482, 3),
('laminat-quick-step-signature-dub-tepliy-naturalniy-brashirovanniy-sig4762.jpeg', 482, 0),
('laminat-quick-step-signature-orekh-korichneviy-sig4761-1.jpeg', 495, 1),
('laminat-quick-step-signature-orekh-korichneviy-sig4761-2.jpeg', 495, 2),
('laminat-quick-step-signature-orekh-korichneviy-sig4761.jpeg', 495, 0),
('podlozhka-probkovaya.jpg', 23, 0),
('profitex.jpg', 12, 0),
('quickstep.jpg', 13, 0),
('standartniy-plintus-quick-step-beton-loft-qssk04508.jpeg', 649, 0),
('standartniy-plintus-quick-step-doska-belaya-qssk01859.jpeg', 617, 0),
('standartniy-plintus-quick-step-doska-belogo-duba-lakirovannaya-qssk00915.jpeg', 572, 0),
('standartniy-plintus-quick-step-doska-duba-belogo-medium-qssk01492.jpeg', 713, 0),
('standartniy-plintus-quick-step-doska-duba-belogo-svetlaya-qssk01491.jpeg', 711, 0),
('standartniy-plintus-quick-step-doska-duba-belogo-zatemnennaya-qssk01496.jpeg', 717, 0),
('standartniy-plintus-quick-step-doska-duba-matovaya-promaslennaya-qssk00312.jpeg', 721, 0),
('standartniy-plintus-quick-step-doska-duba-serogo-starinnogo-qssk01382.jpeg', 528, 0),
('standartniy-plintus-quick-step-doska-duba-svetlo-serogo-starinnogo-qssk01405.jpeg', 530, 0),
('standartniy-plintus-quick-step-doska-dubovaya-svetlaya-potertaya-qssk01303.jpeg', 715, 0),
('standartniy-plintus-quick-step-doska-dubovaya-svetlo-seraya-lakirovannaya-qssk01304.jpeg', 725, 0),
('standartniy-plintus-quick-step-doska-merbau-qssk00996.jpeg', 731, 0),
('standartniy-plintus-quick-step-doska-naturalnogo-duba-lakirovannaya-qssk00896.jpeg', 584, 0),
('standartniy-plintus-quick-step-doska-orekhovaya-promaslennaya-qssk01043.jpeg', 586, 0),
('standartniy-plintus-quick-step-doska-venge-qssk01000.jpeg', 594, 0),
('standartniy-plintus-quick-step-dub-angliyskiy-naturalniy-qssk04161.jpeg', 520, 0),
('standartniy-plintus-quick-step-dub-beliy-krasheniy-qssk04753.jpeg', 506, 0),
('standartniy-plintus-quick-step-dub-beliy-otbelenniy-qssk04087.jpeg', 481, 0),
('standartniy-plintus-quick-step-dub-beliy-otbelenniy-qssk04087.jpeg', 542, 0),
('standartniy-plintus-quick-step-dub-beliy-premium-qssk04757.jpeg', 486, 0),
('standartniy-plintus-quick-step-dub-beliy-promaslenniy-qssk01538.jpeg', 544, 0),
('standartniy-plintus-quick-step-dub-bezheviy-brashirovanniy-qssk04764.jpeg', 488, 0),
('standartniy-plintus-quick-step-dub-bezheviy-lakirovanniy-qssk04750.jpeg', 490, 0),
('standartniy-plintus-quick-step-dub-bezheviy-otbelenniy-qssk04088.jpeg', 546, 0),
('standartniy-plintus-quick-step-dub-bezheviy-premium-qssk04093.jpeg', 536, 0),
('standartniy-plintus-quick-step-dub-bezheviy-rustikalniy-qssk04084.jpeg', 548, 0),
('standartniy-plintus-quick-step-dub-bordo-qssk01995.jpeg', 615, 0),
('standartniy-plintus-quick-step-dub-chernaya-noch-qssk01862.jpeg', 637, 0),
('standartniy-plintus-quick-step-dub-derevenskiy-qssk01851.jpeg', 612, 0),
('standartniy-plintus-quick-step-dub-dolinniy-svetlo-bezheviy-qssk03554.jpeg', 686, 0),
('standartniy-plintus-quick-step-dub-dolinniy-svetlo-korichneviy-qssk03555.jpeg', 698, 0),
('standartniy-plintus-quick-step-dub-dymchatiy-qssk01993.jpeg', 602, 0),
('standartniy-plintus-quick-step-dub-etnicheskiy-korichneviy-qssk03557.jpeg', 608, 0),
('standartniy-plintus-quick-step-dub-etnicheskiy-seriy-qssk03558.jpeg', 635, 0),
('standartniy-plintus-quick-step-dub-fantaziyniy-beliy-qssk03559.jpeg', 630, 0),
('standartniy-plintus-quick-step-dub-fantaziyniy-svetlo-seriy-qssk03560.jpeg', 628, 0),
('standartniy-plintus-quick-step-dub-gorchichniy-qssk04162.jpeg', 518, 0),
('standartniy-plintus-quick-step-dub-gorniy-korichneviy-qssk04091.jpeg', 556, 0),
('standartniy-plintus-quick-step-dub-gorniy-krasniy-qssk04090.jpeg', 558, 0),
('standartniy-plintus-quick-step-dub-gorniy-temno-korichneviy-qssk04092.jpeg', 554, 0),
('standartniy-plintus-quick-step-dub-italyanskiy-bezheviy-qssk03574.jpeg', 580, 0),
('standartniy-plintus-quick-step-dub-italyanskiy-svetlo-seriy-qssk03573.jpeg', 568, 0),
('standartniy-plintus-quick-step-dub-izyskanniy-temniy-qssk03581.jpeg', 588, 0),
('standartniy-plintus-quick-step-dub-kapuchino-qssk04160.jpeg', 514, 0),
('standartniy-plintus-quick-step-dub-kofeyniy-brashirovanniy-qssk04145.jpeg', 664, 0),
('standartniy-plintus-quick-step-dub-korichneviy-brashirovanniy-qssk04766.jpeg', 508, 0),
('standartniy-plintus-quick-step-dub-korichneviy-patina-qssk04751.jpeg', 502, 0),
('standartniy-plintus-quick-step-dub-korichneviy-qssk01849.jpeg', 610, 0),
('standartniy-plintus-quick-step-dub-korichneviy-voscheniy-qssk04756.jpeg', 510, 0),
('standartniy-plintus-quick-step-dub-lesnoy-massiv-bezheviy-qssk03545.jpeg', 700, 0),
('standartniy-plintus-quick-step-dub-lesnoy-massiv-korichneviy-qssk03548.jpeg', 688, 0),
('standartniy-plintus-quick-step-dub-lesnoy-massiv-naturalniy-qssk03546.jpeg', 702, 0),
('standartniy-plintus-quick-step-dub-lesnoy-massiv-svetlo-seriy-qssk03547.jpeg', 692, 0),
('standartniy-plintus-quick-step-dub-medniy-brashirovanniy-qssk04144.jpeg', 654, 0),
('standartniy-plintus-quick-step-dub-naturalniy-brashirovanniy-qssk04763.jpeg', 492, 0),
('standartniy-plintus-quick-step-dub-naturalniy-otbelenniy-qssk04089.jpeg', 550, 0),
('standartniy-plintus-quick-step-dub-naturalniy-qssk01848.jpeg', 604, 0),
('standartniy-plintus-quick-step-dub-naturalniy-rustikalniy-qssk04085.jpeg', 540, 0),
('standartniy-plintus-quick-step-dub-naturalniy-zolotistiy-qssk03465.jpeg', 566, 0),
('standartniy-plintus-quick-step-dub-neshvill-naturalniy-qssk03180.jpeg', 620, 0),
('standartniy-plintus-quick-step-dub-palatstso-bezheviy-qssk04672.jpeg', 651, 0),
('standartniy-plintus-quick-step-dub-palatstso-korichneviy-qssk04504.jpeg', 658, 0),
('standartniy-plintus-quick-step-dub-pepelniy-qssk04159.jpeg', 516, 0),
('standartniy-plintus-quick-step-dub-pesochniy-brashirovanniy-qssk04142.jpeg', 647, 0),
('standartniy-plintus-quick-step-dub-pesochniy-qssk01853.jpeg', 626, 0),
('standartniy-plintus-quick-step-dub-pochtenniy-naturalniy-promaslenniy-qssk01157.jpeg', 728, 0),
('standartniy-plintus-quick-step-dub-potertiy-naturalniy-qssk04767.jpeg', 504, 0),
('standartniy-plintus-quick-step-dub-prirodniy-bezheviy-brashirovanniy-qssk04143.jpeg', 660, 0),
('standartniy-plintus-quick-step-dub-prirodniy-korichneviy-qssk03579.jpeg', 706, 0),
('standartniy-plintus-quick-step-dub-prirodniy-naturalniy-qssk03578.jpeg', 596, 0),
('standartniy-plintus-quick-step-dub-pustynniy-shlifovanniy-seriy-qssk03552.jpeg', 696, 0),
('standartniy-plintus-quick-step-dub-pustynniy-shlifovanniy-temno-korichneviy-qssk03553.jpeg', 694, 0),
('standartniy-plintus-quick-step-dub-pustynniy-svetliy-naturalniy-qssk03550.jpeg', 690, 0),
('standartniy-plintus-quick-step-dub-pustynniy-tepliy-naturalniy-qssk03551.jpeg', 684, 0),
('standartniy-plintus-quick-step-dub-rozoviy-krasheniy-qssk04754.jpeg', 512, 0),
('standartniy-plintus-quick-step-dub-seriy-brashirovanniy-qssk04765.jpeg', 500, 0),
('standartniy-plintus-quick-step-dub-seriy-patina-qssk04752.jpeg', 498, 0),
('standartniy-plintus-quick-step-dub-seriy-serebristiy-qssk03464.jpeg', 562, 0),
('standartniy-plintus-quick-step-dub-shokoladniy-promaslenniy-qssk03461.jpeg', 576, 0),
('standartniy-plintus-quick-step-dub-shokoladniy-rustikalniy-qssk04086.jpeg', 552, 0),
('standartniy-plintus-quick-step-dub-starinniy-bezheviy-qssk03576.jpeg', 590, 0),
('standartniy-plintus-quick-step-dub-starinniy-naturalniy-qssk01381.jpeg', 534, 0),
('standartniy-plintus-quick-step-dub-starinniy-seriy-qssk03575.jpeg', 719, 0),
('standartniy-plintus-quick-step-dub-starinniy-temniy-qssk01383.jpeg', 532, 0),
('standartniy-plintus-quick-step-dub-svetliy-naturalniy-promaslenniy-qssk03457.jpeg', 574, 0);
INSERT INTO `product_images` (`name`, `product_id`, `level`) VALUES
('standartniy-plintus-quick-step-dub-svetliy-patina-qssk04748.jpeg', 494, 0),
('standartniy-plintus-quick-step-dub-svetliy-qssk01847.jpeg', 624, 0),
('standartniy-plintus-quick-step-dub-svetlo-seriy-patina-qssk04158.jpeg', 522, 0),
('standartniy-plintus-quick-step-dub-svetlo-seriy-serebristiy-qssk03462.jpeg', 560, 0),
('standartniy-plintus-quick-step-dub-svetlo-seriy-zolotistiy-qssk03463.jpeg', 564, 0),
('standartniy-plintus-quick-step-dub-temno-korichneviy-promaslenniy-qssk03460.jpeg', 592, 0),
('standartniy-plintus-quick-step-dub-tepliy-naturalniy-brashirovanniy-qssk04762.jpeg', 483, 0),
('standartniy-plintus-quick-step-dub-tepliy-naturalniy-premium-qssk04095.jpeg', 538, 0),
('standartniy-plintus-quick-step-dub-tepliy-naturalniy-promaslenniy-qssk03458.jpeg', 578, 0),
('standartniy-plintus-quick-step-dub-tepliy-seriy-promaslenniy-qssk03459.jpeg', 570, 0),
('standartniy-plintus-quick-step-dub-vindzor-qssk03106.jpeg', 632, 0),
('standartniy-plintus-quick-step-dub-yuzhniy-qssk01994.jpeg', 606, 0),
('standartniy-plintus-quick-step-kholst-qssk01557.jpeg', 662, 0),
('standartniy-plintus-quick-step-kubinskiy-dub-qssk01655.jpeg', 524, 0),
('standartniy-plintus-quick-step-lunniy-dub-qssk01658.jpeg', 526, 0),
('standartniy-plintus-quick-step-mramor-bezheviy-qssk04506.jpeg', 643, 0),
('standartniy-plintus-quick-step-orekh-korichneviy-qssk04761.jpeg', 496, 0),
('standartniy-plintus-quick-step-plitka-belaya-qssk01553.jpeg', 656, 0),
('standartniy-plintus-quick-step-sosna-belaya-zatertaya-qssk01235.jpeg', 598, 0),
('standartniy-plintus-quick-step-sosna-qssk01860.jpeg', 639, 0),
('standartniy-plintus-quick-step-standard-skirting-board-(matching-colour)-qssk03364.jpeg', 622, 0),
('standartniy-plintus-quick-step-standartniy-plintus-(v-tsvet)-qssk04157.jpeg', 645, 0),
('standartniy-plintus-quick-step-svetlo-seriy-beton-qssk01861.jpeg', 641, 0),
('standartniy-plintus-quick-step-venge-intensivniy-qssk01300.jpeg', 582, 0),
('tuplex.jpg', 14, 0);

-- --------------------------------------------------------

--
-- Структура таблицы `product_stocks`
--

CREATE TABLE `product_stocks` (
  `product_id` int(10) UNSIGNED NOT NULL,
  `quantity` smallint(6) NOT NULL
) ENGINE=InnoDB DEFAULT CHARSET=utf8mb4 COLLATE=utf8mb4_unicode_ci;

--
-- Дамп данных таблицы `product_stocks`
--

INSERT INTO `product_stocks` (`product_id`, `quantity`) VALUES
(12, 993),
(13, 999),
(14, 999),
(15, 992),
(23, 9999),
(481, 9999),
(482, 9999),
(483, 9999),
(484, 9999),
(485, 9999),
(486, 9999),
(487, 9999),
(488, 9999),
(489, 9999),
(490, 9999),
(491, 9999),
(492, 9999),
(493, 9999),
(494, 9999),
(495, 9999),
(496, 9999),
(497, 9999),
(498, 9999),
(499, 9999),
(500, 9999),
(501, 9999),
(502, 9999),
(503, 9999),
(504, 9999),
(505, 9999),
(506, 9999),
(507, 9999),
(508, 9999),
(509, 9999),
(510, 9999),
(511, 9999),
(512, 9999),
(513, 9999),
(514, 9999),
(515, 9999),
(516, 9999),
(517, 9999),
(518, 9999),
(519, 9999),
(520, 9999),
(521, 9999),
(522, 9999),
(523, 9999),
(524, 9999),
(525, 9999),
(526, 9999),
(527, 9999),
(528, 9999),
(529, 9999),
(530, 9999),
(531, 9999),
(532, 9999),
(533, 9999),
(534, 9999),
(535, 9999),
(536, 9999),
(537, 9999),
(538, 9999),
(539, 9999),
(540, 9999),
(541, 9999),
(542, 9999),
(543, 9999),
(544, 9999),
(545, 9999),
(546, 9999),
(547, 9999),
(548, 9999),
(549, 9999),
(550, 9999),
(551, 9999),
(552, 9999),
(553, 9999),
(554, 9999),
(555, 9999),
(556, 9999),
(557, 9999),
(558, 9999),
(559, 9999),
(560, 9999),
(561, 9999),
(562, 9999),
(563, 9999),
(564, 9999),
(565, 9999),
(566, 9999),
(567, 9999),
(568, 9999),
(569, 9999),
(570, 9999),
(571, 9999),
(572, 9999),
(573, 9999),
(574, 9999),
(575, 9999),
(576, 9999),
(577, 9999),
(578, 9999),
(579, 9999),
(580, 9999),
(581, 9999),
(582, 9999),
(583, 9999),
(584, 9999),
(585, 9999),
(586, 9999),
(587, 9999),
(588, 9999),
(589, 9999),
(590, 9999),
(591, 9999),
(592, 9999),
(593, 9999),
(594, 9999),
(595, 9999),
(596, 9999),
(597, 9999),
(598, 9999),
(599, 9999),
(600, 9999),
(601, 9999),
(602, 9999),
(603, 9999),
(604, 9999),
(605, 9999),
(606, 9999),
(607, 9999),
(608, 9999),
(609, 9999),
(610, 9999),
(611, 9999),
(612, 9999),
(613, 9999),
(614, 9999),
(615, 9999),
(616, 9999),
(617, 9999),
(618, 9999),
(619, 9999),
(620, 9999),
(621, 9999),
(622, 9999),
(623, 9999),
(624, 9999),
(625, 9999),
(626, 9999),
(627, 9999),
(628, 9999),
(629, 9999),
(630, 9999),
(631, 9999),
(632, 9999),
(633, 9999),
(634, 9999),
(635, 9999),
(636, 9999),
(637, 9999),
(638, 9999),
(639, 9999),
(640, 9999),
(641, 9999),
(642, 9999),
(643, 9999),
(644, 9999),
(645, 9999),
(646, 9999),
(647, 9999),
(648, 9999),
(649, 9999),
(650, 9999),
(651, 9999),
(652, 9999),
(653, 9999),
(654, 9999),
(655, 9999),
(656, 9999),
(657, 9999),
(658, 9999),
(659, 9999),
(660, 9999),
(661, 9999),
(662, 9999),
(663, 9999),
(664, 9999),
(665, 9999),
(666, 9999),
(667, 9999),
(668, 9999),
(669, 9999),
(670, 9999),
(671, 9999),
(672, 9999),
(673, 9999),
(674, 9999),
(675, 9999),
(676, 9999),
(677, 9999),
(678, 9999),
(679, 9999),
(680, 9999),
(681, 9999),
(682, 9999),
(683, 9999),
(684, 9999),
(685, 9999),
(686, 9999),
(687, 9999),
(688, 9999),
(689, 9999),
(690, 9999),
(691, 9999),
(692, 9999),
(693, 9999),
(694, 9999),
(695, 9999),
(696, 9999),
(697, 9999),
(698, 9999),
(699, 9999),
(700, 9999),
(701, 9999),
(702, 9999),
(703, 9999),
(704, 9999),
(705, 9999),
(706, 9999),
(707, 9999),
(708, 9999),
(709, 9999),
(710, 9999),
(711, 9999),
(712, 9999),
(713, 9999),
(714, 9999),
(715, 9999),
(716, 9999),
(717, 9999),
(718, 9999),
(719, 9999),
(720, 9999),
(721, 9999),
(722, 9999),
(723, 9999),
(724, 9999),
(725, 9999),
(726, 9999),
(727, 9999),
(728, 9999),
(729, 9999),
(730, 9999),
(731, 9999),
(732, 9999),
(733, 9999),
(734, 9999);

-- --------------------------------------------------------

--
-- Структура таблицы `product_views`
--

CREATE TABLE `product_views` (
  `product_id` int(10) UNSIGNED NOT NULL,
  `page_id` int(10) UNSIGNED NOT NULL
) ENGINE=InnoDB DEFAULT CHARSET=utf8mb4 COLLATE=utf8mb4_unicode_ci;

--
-- Дамп данных таблицы `product_views`
--

INSERT INTO `product_views` (`product_id`, `page_id`) VALUES
(12, 33),
(13, 34),
(14, 35),
(15, 37),
(23, 44);

-- --------------------------------------------------------

--
-- Структура таблицы `purchased_bundles`
--

CREATE TABLE `purchased_bundles` (
  `id` int(10) UNSIGNED NOT NULL,
  `created_at` timestamp NULL DEFAULT NULL,
  `updated_at` timestamp NULL DEFAULT NULL
) ENGINE=InnoDB DEFAULT CHARSET=utf8mb4 COLLATE=utf8mb4_unicode_ci;

-- --------------------------------------------------------

--
-- Структура таблицы `purchased_products`
--

CREATE TABLE `purchased_products` (
  `purchased_bundle_id` int(10) UNSIGNED NOT NULL,
  `product_id` int(10) UNSIGNED NOT NULL
) ENGINE=InnoDB DEFAULT CHARSET=utf8mb4 COLLATE=utf8mb4_unicode_ci;

-- --------------------------------------------------------

--
-- Структура таблицы `roles`
--

CREATE TABLE `roles` (
  `id` int(10) UNSIGNED NOT NULL,
  `name` varchar(255) COLLATE utf8mb4_unicode_ci NOT NULL
) ENGINE=InnoDB DEFAULT CHARSET=utf8mb4 COLLATE=utf8mb4_unicode_ci;

--
-- Дамп данных таблицы `roles`
--

INSERT INTO `roles` (`id`, `name`) VALUES
(1, 'admin');

-- --------------------------------------------------------

--
-- Структура таблицы `routes`
--

CREATE TABLE `routes` (
  `id` int(10) UNSIGNED NOT NULL,
  `name` varchar(50) COLLATE utf8mb4_unicode_ci NOT NULL
) ENGINE=InnoDB DEFAULT CHARSET=utf8mb4 COLLATE=utf8mb4_unicode_ci;

--
-- Дамп данных таблицы `routes`
--

INSERT INTO `routes` (`id`, `name`) VALUES
(3, 'categories'),
(6, 'contactsPage'),
(9, 'laminateProduct'),
(5, 'mainPage'),
(4, 'page'),
(8, 'plinth'),
(1, 'product'),
(7, 'productGroup'),
(2, 'products');

-- --------------------------------------------------------

--
-- Структура таблицы `sales`
--

CREATE TABLE `sales` (
  `id` int(10) UNSIGNED NOT NULL,
  `customer_id` int(10) UNSIGNED NOT NULL,
  `added_on` timestamp NOT NULL DEFAULT current_timestamp() ON UPDATE current_timestamp()
) ENGINE=InnoDB DEFAULT CHARSET=utf8mb4 COLLATE=utf8mb4_unicode_ci;

--
-- Дамп данных таблицы `sales`
--

INSERT INTO `sales` (`id`, `customer_id`, `added_on`) VALUES
(7, 7, '2020-10-12 02:10:42'),
(8, 8, '2020-10-12 02:15:02'),
(9, 9, '2020-10-12 02:29:23'),
(10, 10, '2020-10-12 02:48:29'),
(11, 11, '2020-10-12 02:50:22'),
(12, 12, '2020-10-26 02:48:54'),
(13, 13, '2020-10-26 02:49:55');

-- --------------------------------------------------------

--
-- Структура таблицы `sale_statuses`
--

CREATE TABLE `sale_statuses` (
  `sale_id` int(10) UNSIGNED NOT NULL,
  `status_id` int(10) UNSIGNED NOT NULL
) ENGINE=InnoDB DEFAULT CHARSET=utf8;

--
-- Дамп данных таблицы `sale_statuses`
--

INSERT INTO `sale_statuses` (`sale_id`, `status_id`) VALUES
(7, 1),
(8, 1),
(9, 1),
(10, 1),
(11, 1),
(12, 1),
(13, 1);

-- --------------------------------------------------------

--
-- Структура таблицы `services`
--

CREATE TABLE `services` (
  `id` int(10) UNSIGNED NOT NULL,
  `name` varchar(255) COLLATE utf8mb4_unicode_ci NOT NULL,
  `created_at` timestamp NULL DEFAULT NULL,
  `updated_at` timestamp NULL DEFAULT NULL
) ENGINE=InnoDB DEFAULT CHARSET=utf8mb4 COLLATE=utf8mb4_unicode_ci;

--
-- Дамп данных таблицы `services`
--

INSERT INTO `services` (`id`, `name`, `created_at`, `updated_at`) VALUES
(1, 'Доставка', '2020-08-26 21:00:00', '2020-08-26 21:00:00'),
(2, 'Укладка ламината по прямой', '2020-09-18 19:17:11', '2020-09-18 19:21:09'),
(3, 'Укладка ламината по диагонали', '2020-09-18 19:23:24', '2020-09-18 19:23:24'),
(4, 'Укладка ламината одним полотном', '2020-09-18 19:29:06', '2020-09-18 19:29:06'),
(5, 'Установка ПВХ плинтуса', '2020-09-29 12:28:57', '2020-09-29 12:28:57'),
(6, 'Установка МДФ плинтуса Kronotex', '2020-10-09 16:33:51', '2020-10-09 16:33:51');

-- --------------------------------------------------------

--
-- Структура таблицы `service_characteristics`
--

CREATE TABLE `service_characteristics` (
  `service_id` int(10) UNSIGNED NOT NULL,
  `characteristic_id` int(10) UNSIGNED NOT NULL,
  `value` varchar(100) COLLATE utf8mb4_unicode_ci NOT NULL
) ENGINE=InnoDB DEFAULT CHARSET=utf8mb4 COLLATE=utf8mb4_unicode_ci;

-- --------------------------------------------------------

--
-- Структура таблицы `service_magazine_sales`
--

CREATE TABLE `service_magazine_sales` (
  `sale_id` int(10) UNSIGNED NOT NULL,
  `service_id` int(10) UNSIGNED NOT NULL,
  `service_price_history_id` int(10) UNSIGNED NOT NULL,
  `quantity` smallint(6) NOT NULL
) ENGINE=InnoDB DEFAULT CHARSET=utf8mb4 COLLATE=utf8mb4_unicode_ci;

--
-- Дамп данных таблицы `service_magazine_sales`
--

INSERT INTO `service_magazine_sales` (`sale_id`, `service_id`, `service_price_history_id`, `quantity`) VALUES
(7, 3, 10, 50),
(7, 5, 8, 50),
(8, 2, 9, 50),
(8, 6, 7, 50),
(9, 2, 9, 50),
(9, 6, 7, 50),
(10, 2, 9, 50),
(10, 5, 8, 50),
(11, 2, 9, 110),
(11, 5, 8, 110),
(12, 2, 9, 50),
(12, 6, 7, 50),
(13, 2, 9, 50),
(13, 6, 7, 50);

-- --------------------------------------------------------

--
-- Структура таблицы `service_prices`
--

CREATE TABLE `service_prices` (
  `service_id` int(10) UNSIGNED NOT NULL,
  `service_price_history_id` int(10) UNSIGNED NOT NULL
) ENGINE=InnoDB DEFAULT CHARSET=utf8mb4 COLLATE=utf8mb4_unicode_ci;

--
-- Дамп данных таблицы `service_prices`
--

INSERT INTO `service_prices` (`service_id`, `service_price_history_id`) VALUES
(1, 1),
(4, 5),
(6, 7),
(5, 8),
(2, 9),
(3, 10);

-- --------------------------------------------------------

--
-- Структура таблицы `service_price_histories`
--

CREATE TABLE `service_price_histories` (
  `id` int(10) UNSIGNED NOT NULL,
  `service_id` int(10) UNSIGNED NOT NULL,
  `price` int(11) NOT NULL,
  `actual_on` timestamp NOT NULL DEFAULT current_timestamp() ON UPDATE current_timestamp()
) ENGINE=InnoDB DEFAULT CHARSET=utf8mb4 COLLATE=utf8mb4_unicode_ci;

--
-- Дамп данных таблицы `service_price_histories`
--

INSERT INTO `service_price_histories` (`id`, `service_id`, `price`, `actual_on`) VALUES
(1, 1, 0, '2020-08-27 15:12:15'),
(2, 2, 10000, '2020-09-18 19:17:12'),
(3, 3, 28000, '2020-09-18 19:23:24'),
(4, 2, 22000, '2020-09-18 19:23:51'),
(5, 4, 30000, '2020-09-18 19:29:06'),
(6, 5, 9000, '2020-09-29 12:28:57'),
(7, 6, 20000, '2020-10-09 16:33:51'),
(8, 5, 10000, '2020-10-09 16:52:58'),
(9, 2, 25000, '2020-10-09 17:01:23'),
(10, 3, 32000, '2020-10-09 17:02:12');

-- --------------------------------------------------------

--
-- Структура таблицы `service_units`
--

CREATE TABLE `service_units` (
  `service_id` int(10) UNSIGNED NOT NULL,
  `unit_id` int(10) UNSIGNED NOT NULL
) ENGINE=InnoDB DEFAULT CHARSET=utf8mb4 COLLATE=utf8mb4_unicode_ci;

--
-- Дамп данных таблицы `service_units`
--

INSERT INTO `service_units` (`service_id`, `unit_id`) VALUES
(2, 3),
(3, 3),
(4, 3),
(5, 6),
(6, 6);

-- --------------------------------------------------------

--
-- Структура таблицы `statuses`
--

CREATE TABLE `statuses` (
  `id` int(10) UNSIGNED NOT NULL,
  `name` varchar(255) NOT NULL
) ENGINE=InnoDB DEFAULT CHARSET=utf8;

--
-- Дамп данных таблицы `statuses`
--

INSERT INTO `statuses` (`id`, `name`) VALUES
(1, 'Обрабатывается'),
(2, 'Оплачен');

-- --------------------------------------------------------

--
-- Структура таблицы `top_menu_categories`
--

CREATE TABLE `top_menu_categories` (
  `id` int(10) UNSIGNED NOT NULL,
  `title` varchar(100) COLLATE utf8mb4_unicode_ci NOT NULL,
  `link` varchar(255) COLLATE utf8mb4_unicode_ci NOT NULL,
  `parent_id` int(11) NOT NULL,
  `sort` int(11) DEFAULT NULL
) ENGINE=InnoDB DEFAULT CHARSET=utf8mb4 COLLATE=utf8mb4_unicode_ci;

-- --------------------------------------------------------

--
-- Структура таблицы `units`
--

CREATE TABLE `units` (
  `id` int(10) UNSIGNED NOT NULL,
  `code` int(10) UNSIGNED NOT NULL,
  `name` varchar(255) COLLATE utf8mb4_unicode_ci NOT NULL,
  `reduction` varchar(20) COLLATE utf8mb4_unicode_ci NOT NULL
) ENGINE=InnoDB DEFAULT CHARSET=utf8mb4 COLLATE=utf8mb4_unicode_ci;

--
-- Дамп данных таблицы `units`
--

INSERT INTO `units` (`id`, `code`, `name`, `reduction`) VALUES
(1, 778, 'Упаковка', 'упак'),
(2, 3, 'Миллиметр', 'мм'),
(3, 55, 'Квадратный метр', 'м<sup>2</sup>'),
(4, 166, 'Килограмм', 'кг'),
(5, 796, 'Штука', 'шт'),
(6, 6, 'Метр', 'м'),
(7, 18, 'Погонный метр', 'пог. м');

-- --------------------------------------------------------

--
-- Структура таблицы `users`
--

CREATE TABLE `users` (
  `id` int(10) UNSIGNED NOT NULL,
  `name` varchar(255) COLLATE utf8mb4_unicode_ci NOT NULL,
  `email` varchar(255) CHARACTER SET cp1251 NOT NULL,
  `password` varchar(255) COLLATE utf8mb4_unicode_ci NOT NULL,
  `remember_token` varchar(100) COLLATE utf8mb4_unicode_ci DEFAULT NULL,
  `created_at` timestamp NULL DEFAULT NULL,
  `updated_at` timestamp NULL DEFAULT NULL
) ENGINE=InnoDB DEFAULT CHARSET=utf8mb4 COLLATE=utf8mb4_unicode_ci;

--
-- Дамп данных таблицы `users`
--

INSERT INTO `users` (`id`, `name`, `email`, `password`, `remember_token`, `created_at`, `updated_at`) VALUES
(1, 'admin', 'protopopov-alexey@bk.ru', '$2y$10$fQ/Xl.KKi1hViMFRw8wjtudJ81hnRE5F.vRvBuwCcS1L92Jtv2W9W', 'nTQ3dkDEwmEEY7prkfQSjaBY3cpEeU2yB6b25JgddsW8BQRQ56JSzWsdFKeH', '2020-08-16 18:51:31', '2020-08-16 18:51:31');

-- --------------------------------------------------------

--
-- Структура таблицы `user_roles`
--

CREATE TABLE `user_roles` (
  `user_id` int(10) UNSIGNED NOT NULL,
  `role_id` int(10) UNSIGNED NOT NULL
) ENGINE=InnoDB DEFAULT CHARSET=utf8mb4 COLLATE=utf8mb4_unicode_ci;

--
-- Дамп данных таблицы `user_roles`
--

INSERT INTO `user_roles` (`user_id`, `role_id`) VALUES
(1, 1);

--
-- Индексы сохранённых таблиц
--

--
-- Индексы таблицы `categories`
--
ALTER TABLE `categories`
  ADD PRIMARY KEY (`id`);

--
-- Индексы таблицы `categories_views`
--
ALTER TABLE `categories_views`
  ADD PRIMARY KEY (`category_id`,`page_id`),
  ADD KEY `categories_views_page_id_foreign` (`page_id`);

--
-- Индексы таблицы `category_characteristics`
--
ALTER TABLE `category_characteristics`
  ADD PRIMARY KEY (`category_id`,`characteristic_id`),
  ADD KEY `category_characteristics_characteristic_id_foreign` (`characteristic_id`);

--
-- Индексы таблицы `category_images`
--
ALTER TABLE `category_images`
  ADD PRIMARY KEY (`name`,`category_id`),
  ADD KEY `category_images_category_id_foreign` (`category_id`);

--
-- Индексы таблицы `category_prices`
--
ALTER TABLE `category_prices`
  ADD PRIMARY KEY (`category_id`);

--
-- Индексы таблицы `category_services`
--
ALTER TABLE `category_services`
  ADD PRIMARY KEY (`category_id`,`service_id`),
  ADD KEY `category_services_service_id_foreign` (`service_id`);

--
-- Индексы таблицы `characteristics`
--
ALTER TABLE `characteristics`
  ADD PRIMARY KEY (`id`),
  ADD KEY `unit_id` (`unit_id`);

--
-- Индексы таблицы `customers`
--
ALTER TABLE `customers`
  ADD PRIMARY KEY (`id`);

--
-- Индексы таблицы `drafts`
--
ALTER TABLE `drafts`
  ADD PRIMARY KEY (`id`),
  ADD UNIQUE KEY `drafts_uri_unique` (`uri`),
  ADD KEY `drafts_page_id_foreign` (`page_id`);

--
-- Индексы таблицы `group_products`
--
ALTER TABLE `group_products`
  ADD PRIMARY KEY (`product_group_id`,`product_id`),
  ADD KEY `group_products_product_id_foreign` (`product_id`);

--
-- Индексы таблицы `laminate_product_views`
--
ALTER TABLE `laminate_product_views`
  ADD PRIMARY KEY (`page_id`,`product_id`),
  ADD KEY `laminate_views_product_id_foreign` (`product_id`),
  ADD KEY `category_id` (`category_id`);

--
-- Индексы таблицы `magazine_sales`
--
ALTER TABLE `magazine_sales`
  ADD PRIMARY KEY (`sale_id`,`product_id`),
  ADD KEY `magazine_sales_product_id_foreign` (`product_id`),
  ADD KEY `magazine_sales_price_history_id_foreign` (`price_history_id`);

--
-- Индексы таблицы `menu_categories`
--
ALTER TABLE `menu_categories`
  ADD PRIMARY KEY (`id`);

--
-- Индексы таблицы `menu_images`
--
ALTER TABLE `menu_images`
  ADD PRIMARY KEY (`name`,`menu_category_id`),
  ADD KEY `menu_images_menu_category_id_foreign` (`menu_category_id`);

--
-- Индексы таблицы `menu_items`
--
ALTER TABLE `menu_items`
  ADD PRIMARY KEY (`id`),
  ADD KEY `menu_items_page_id_foreign` (`page_id`),
  ADD KEY `menu_items_parent_id_index` (`parent_id`);

--
-- Индексы таблицы `migrations`
--
ALTER TABLE `migrations`
  ADD PRIMARY KEY (`id`);

--
-- Индексы таблицы `pages`
--
ALTER TABLE `pages`
  ADD PRIMARY KEY (`id`),
  ADD UNIQUE KEY `pages_uri_unique` (`uri`) USING BTREE;

--
-- Индексы таблицы `page_parameters`
--
ALTER TABLE `page_parameters`
  ADD KEY `page_parameters_page_id_foreign` (`page_id`);

--
-- Индексы таблицы `page_routes`
--
ALTER TABLE `page_routes`
  ADD PRIMARY KEY (`route_id`,`page_id`),
  ADD KEY `page_routes_page_id_foreign` (`page_id`);

--
-- Индексы таблицы `page_routes_old`
--
ALTER TABLE `page_routes_old`
  ADD PRIMARY KEY (`route_id`,`page_id`),
  ADD KEY `page_routes_page_id_foreign` (`page_id`);

--
-- Индексы таблицы `page_views`
--
ALTER TABLE `page_views`
  ADD KEY `page_views_page_id_foreign` (`page_id`);

--
-- Индексы таблицы `password_resets`
--
ALTER TABLE `password_resets`
  ADD KEY `password_resets_email_index` (`email`);

--
-- Индексы таблицы `plinth_views`
--
ALTER TABLE `plinth_views`
  ADD PRIMARY KEY (`product_id`,`page_id`),
  ADD KEY `plinth_views_page_id_foreign` (`page_id`);

--
-- Индексы таблицы `prices`
--
ALTER TABLE `prices`
  ADD PRIMARY KEY (`product_id`),
  ADD KEY `prices_price_history_id_foreign` (`price_history_id`);

--
-- Индексы таблицы `price_histories`
--
ALTER TABLE `price_histories`
  ADD PRIMARY KEY (`id`),
  ADD KEY `price_histories_product_id_foreign` (`product_id`);

--
-- Индексы таблицы `products`
--
ALTER TABLE `products`
  ADD PRIMARY KEY (`id`),
  ADD KEY `products_unit_id_foreign` (`unit_id`),
  ADD KEY `products_category_id_foreign` (`category_id`);

--
-- Индексы таблицы `products_views`
--
ALTER TABLE `products_views`
  ADD PRIMARY KEY (`category_id`,`page_id`),
  ADD KEY `products_views_page_id_foreign` (`page_id`);

--
-- Индексы таблицы `product_characteristics`
--
ALTER TABLE `product_characteristics`
  ADD PRIMARY KEY (`product_id`,`characteristic_id`),
  ADD KEY `product_characteristics_characteristic_id_foreign` (`characteristic_id`);

--
-- Индексы таблицы `product_groups`
--
ALTER TABLE `product_groups`
  ADD PRIMARY KEY (`id`),
  ADD KEY `product_groups_category_id_foreign` (`category_id`);

--
-- Индексы таблицы `product_group_images`
--
ALTER TABLE `product_group_images`
  ADD PRIMARY KEY (`name`,`product_group_id`),
  ADD KEY `product_group_images_product_group_id_foreign` (`product_group_id`);

--
-- Индексы таблицы `product_group_views`
--
ALTER TABLE `product_group_views`
  ADD PRIMARY KEY (`product_group_id`,`page_id`),
  ADD KEY `product_group_views_page_id_foreign` (`page_id`);

--
-- Индексы таблицы `product_images`
--
ALTER TABLE `product_images`
  ADD PRIMARY KEY (`name`,`product_id`),
  ADD KEY `product_images_product_id_foreign` (`product_id`);

--
-- Индексы таблицы `product_stocks`
--
ALTER TABLE `product_stocks`
  ADD PRIMARY KEY (`product_id`);

--
-- Индексы таблицы `product_views`
--
ALTER TABLE `product_views`
  ADD PRIMARY KEY (`product_id`,`page_id`),
  ADD KEY `product_views_page_id_foreign` (`page_id`);

--
-- Индексы таблицы `purchased_bundles`
--
ALTER TABLE `purchased_bundles`
  ADD PRIMARY KEY (`id`);

--
-- Индексы таблицы `purchased_products`
--
ALTER TABLE `purchased_products`
  ADD PRIMARY KEY (`purchased_bundle_id`,`product_id`),
  ADD KEY `purchased_products_product_id_foreign` (`product_id`);

--
-- Индексы таблицы `roles`
--
ALTER TABLE `roles`
  ADD PRIMARY KEY (`id`);

--
-- Индексы таблицы `routes`
--
ALTER TABLE `routes`
  ADD PRIMARY KEY (`id`),
  ADD UNIQUE KEY `routes_name_unique` (`name`);

--
-- Индексы таблицы `sales`
--
ALTER TABLE `sales`
  ADD PRIMARY KEY (`id`),
  ADD KEY `sales_customer_id_foreign` (`customer_id`);

--
-- Индексы таблицы `sale_statuses`
--
ALTER TABLE `sale_statuses`
  ADD PRIMARY KEY (`sale_id`),
  ADD KEY `sale_statuses_status_id_foreign` (`status_id`);

--
-- Индексы таблицы `services`
--
ALTER TABLE `services`
  ADD PRIMARY KEY (`id`);

--
-- Индексы таблицы `service_characteristics`
--
ALTER TABLE `service_characteristics`
  ADD PRIMARY KEY (`service_id`,`characteristic_id`),
  ADD KEY `service_characteristics_characteristic_id_foreign` (`characteristic_id`);

--
-- Индексы таблицы `service_magazine_sales`
--
ALTER TABLE `service_magazine_sales`
  ADD PRIMARY KEY (`sale_id`,`service_id`),
  ADD KEY `service_magazine_sales_service_id_foreign` (`service_id`) USING BTREE,
  ADD KEY `service_magazine_sales_price_history_id_foreign` (`service_price_history_id`) USING BTREE;

--
-- Индексы таблицы `service_prices`
--
ALTER TABLE `service_prices`
  ADD PRIMARY KEY (`service_id`),
  ADD KEY `service_prices_service_price_history_id_foreign` (`service_price_history_id`);

--
-- Индексы таблицы `service_price_histories`
--
ALTER TABLE `service_price_histories`
  ADD PRIMARY KEY (`id`),
  ADD KEY `service_price_histories_service_id_foreign` (`service_id`);

--
-- Индексы таблицы `service_units`
--
ALTER TABLE `service_units`
  ADD PRIMARY KEY (`service_id`,`unit_id`),
  ADD KEY `service_units_unit_id_foreign` (`unit_id`);

--
-- Индексы таблицы `statuses`
--
ALTER TABLE `statuses`
  ADD PRIMARY KEY (`id`);

--
-- Индексы таблицы `top_menu_categories`
--
ALTER TABLE `top_menu_categories`
  ADD PRIMARY KEY (`id`);

--
-- Индексы таблицы `units`
--
ALTER TABLE `units`
  ADD PRIMARY KEY (`id`);

--
-- Индексы таблицы `users`
--
ALTER TABLE `users`
  ADD PRIMARY KEY (`id`),
  ADD UNIQUE KEY `users_email_unique` (`email`);

--
-- Индексы таблицы `user_roles`
--
ALTER TABLE `user_roles`
  ADD KEY `user_roles_user_id_foreign` (`user_id`),
  ADD KEY `user_roles_role_id_foreign` (`role_id`);

--
-- AUTO_INCREMENT для сохранённых таблиц
--

--
-- AUTO_INCREMENT для таблицы `categories`
--
ALTER TABLE `categories`
  MODIFY `id` int(10) UNSIGNED NOT NULL AUTO_INCREMENT, AUTO_INCREMENT=40;

--
-- AUTO_INCREMENT для таблицы `characteristics`
--
ALTER TABLE `characteristics`
  MODIFY `id` int(10) UNSIGNED NOT NULL AUTO_INCREMENT, AUTO_INCREMENT=75;

--
-- AUTO_INCREMENT для таблицы `customers`
--
ALTER TABLE `customers`
  MODIFY `id` int(10) UNSIGNED NOT NULL AUTO_INCREMENT, AUTO_INCREMENT=14;

--
-- AUTO_INCREMENT для таблицы `drafts`
--
ALTER TABLE `drafts`
  MODIFY `id` int(10) UNSIGNED NOT NULL AUTO_INCREMENT;

--
-- AUTO_INCREMENT для таблицы `menu_categories`
--
ALTER TABLE `menu_categories`
  MODIFY `id` int(10) UNSIGNED NOT NULL AUTO_INCREMENT;

--
-- AUTO_INCREMENT для таблицы `menu_items`
--
ALTER TABLE `menu_items`
  MODIFY `id` int(10) UNSIGNED NOT NULL AUTO_INCREMENT, AUTO_INCREMENT=9;

--
-- AUTO_INCREMENT для таблицы `migrations`
--
ALTER TABLE `migrations`
  MODIFY `id` int(10) UNSIGNED NOT NULL AUTO_INCREMENT, AUTO_INCREMENT=48;

--
-- AUTO_INCREMENT для таблицы `pages`
--
ALTER TABLE `pages`
  MODIFY `id` int(10) UNSIGNED NOT NULL AUTO_INCREMENT, AUTO_INCREMENT=879;

--
-- AUTO_INCREMENT для таблицы `price_histories`
--
ALTER TABLE `price_histories`
  MODIFY `id` int(10) UNSIGNED NOT NULL AUTO_INCREMENT, AUTO_INCREMENT=902;

--
-- AUTO_INCREMENT для таблицы `products`
--
ALTER TABLE `products`
  MODIFY `id` int(10) UNSIGNED NOT NULL AUTO_INCREMENT, AUTO_INCREMENT=735;

--
-- AUTO_INCREMENT для таблицы `product_groups`
--
ALTER TABLE `product_groups`
  MODIFY `id` int(10) UNSIGNED NOT NULL AUTO_INCREMENT;

--
-- AUTO_INCREMENT для таблицы `purchased_bundles`
--
ALTER TABLE `purchased_bundles`
  MODIFY `id` int(10) UNSIGNED NOT NULL AUTO_INCREMENT;

--
-- AUTO_INCREMENT для таблицы `roles`
--
ALTER TABLE `roles`
  MODIFY `id` int(10) UNSIGNED NOT NULL AUTO_INCREMENT, AUTO_INCREMENT=2;

--
-- AUTO_INCREMENT для таблицы `routes`
--
ALTER TABLE `routes`
  MODIFY `id` int(10) UNSIGNED NOT NULL AUTO_INCREMENT, AUTO_INCREMENT=10;

--
-- AUTO_INCREMENT для таблицы `sales`
--
ALTER TABLE `sales`
  MODIFY `id` int(10) UNSIGNED NOT NULL AUTO_INCREMENT, AUTO_INCREMENT=14;

--
-- AUTO_INCREMENT для таблицы `services`
--
ALTER TABLE `services`
  MODIFY `id` int(10) UNSIGNED NOT NULL AUTO_INCREMENT, AUTO_INCREMENT=7;

--
-- AUTO_INCREMENT для таблицы `service_price_histories`
--
ALTER TABLE `service_price_histories`
  MODIFY `id` int(10) UNSIGNED NOT NULL AUTO_INCREMENT, AUTO_INCREMENT=11;

--
-- AUTO_INCREMENT для таблицы `statuses`
--
ALTER TABLE `statuses`
  MODIFY `id` int(10) UNSIGNED NOT NULL AUTO_INCREMENT, AUTO_INCREMENT=3;

--
-- AUTO_INCREMENT для таблицы `top_menu_categories`
--
ALTER TABLE `top_menu_categories`
  MODIFY `id` int(10) UNSIGNED NOT NULL AUTO_INCREMENT;

--
-- AUTO_INCREMENT для таблицы `units`
--
ALTER TABLE `units`
  MODIFY `id` int(10) UNSIGNED NOT NULL AUTO_INCREMENT, AUTO_INCREMENT=8;

--
-- AUTO_INCREMENT для таблицы `users`
--
ALTER TABLE `users`
  MODIFY `id` int(10) UNSIGNED NOT NULL AUTO_INCREMENT, AUTO_INCREMENT=2;

--
-- Ограничения внешнего ключа сохраненных таблиц
--

--
-- Ограничения внешнего ключа таблицы `categories_views`
--
ALTER TABLE `categories_views`
  ADD CONSTRAINT `categories_views_category_id_foreign` FOREIGN KEY (`category_id`) REFERENCES `categories` (`id`) ON DELETE CASCADE,
  ADD CONSTRAINT `categories_views_page_id_foreign` FOREIGN KEY (`page_id`) REFERENCES `pages` (`id`) ON DELETE CASCADE;

--
-- Ограничения внешнего ключа таблицы `category_characteristics`
--
ALTER TABLE `category_characteristics`
  ADD CONSTRAINT `category_characteristics_category_id_foreign` FOREIGN KEY (`category_id`) REFERENCES `categories` (`id`) ON DELETE CASCADE,
  ADD CONSTRAINT `category_characteristics_characteristic_id_foreign` FOREIGN KEY (`characteristic_id`) REFERENCES `characteristics` (`id`) ON DELETE CASCADE;

--
-- Ограничения внешнего ключа таблицы `category_images`
--
ALTER TABLE `category_images`
  ADD CONSTRAINT `category_images_category_id_foreign` FOREIGN KEY (`category_id`) REFERENCES `categories` (`id`) ON DELETE CASCADE;

--
-- Ограничения внешнего ключа таблицы `category_prices`
--
ALTER TABLE `category_prices`
  ADD CONSTRAINT `category_prices_ibfk_1` FOREIGN KEY (`category_id`) REFERENCES `categories` (`id`) ON DELETE CASCADE;

--
-- Ограничения внешнего ключа таблицы `category_services`
--
ALTER TABLE `category_services`
  ADD CONSTRAINT `category_services_category_id_foreign` FOREIGN KEY (`category_id`) REFERENCES `categories` (`id`) ON DELETE CASCADE,
  ADD CONSTRAINT `category_services_service_id_foreign` FOREIGN KEY (`service_id`) REFERENCES `services` (`id`) ON DELETE CASCADE;

--
-- Ограничения внешнего ключа таблицы `characteristics`
--
ALTER TABLE `characteristics`
  ADD CONSTRAINT `characteristics_ibfk_1` FOREIGN KEY (`unit_id`) REFERENCES `units` (`id`) ON DELETE CASCADE;

--
-- Ограничения внешнего ключа таблицы `drafts`
--
ALTER TABLE `drafts`
  ADD CONSTRAINT `drafts_page_id_foreign` FOREIGN KEY (`page_id`) REFERENCES `pages` (`id`) ON DELETE CASCADE;

--
-- Ограничения внешнего ключа таблицы `group_products`
--
ALTER TABLE `group_products`
  ADD CONSTRAINT `group_products_product_group_id_foreign` FOREIGN KEY (`product_group_id`) REFERENCES `product_groups` (`id`) ON DELETE CASCADE,
  ADD CONSTRAINT `group_products_product_id_foreign` FOREIGN KEY (`product_id`) REFERENCES `products` (`id`) ON DELETE CASCADE;

--
-- Ограничения внешнего ключа таблицы `laminate_product_views`
--
ALTER TABLE `laminate_product_views`
  ADD CONSTRAINT `laminate_product_views_ibfk_1` FOREIGN KEY (`category_id`) REFERENCES `categories` (`id`) ON DELETE CASCADE,
  ADD CONSTRAINT `laminate_views_page_id_foreign` FOREIGN KEY (`page_id`) REFERENCES `pages` (`id`) ON DELETE CASCADE,
  ADD CONSTRAINT `laminate_views_product_id_foreign` FOREIGN KEY (`product_id`) REFERENCES `products` (`id`) ON DELETE CASCADE;

--
-- Ограничения внешнего ключа таблицы `magazine_sales`
--
ALTER TABLE `magazine_sales`
  ADD CONSTRAINT `magazine_sales_price_history_id_foreign` FOREIGN KEY (`price_history_id`) REFERENCES `price_histories` (`id`) ON DELETE CASCADE,
  ADD CONSTRAINT `magazine_sales_product_id_foreign` FOREIGN KEY (`product_id`) REFERENCES `products` (`id`) ON DELETE CASCADE,
  ADD CONSTRAINT `magazine_sales_sale_id_foreign` FOREIGN KEY (`sale_id`) REFERENCES `sales` (`id`) ON DELETE CASCADE;

--
-- Ограничения внешнего ключа таблицы `menu_images`
--
ALTER TABLE `menu_images`
  ADD CONSTRAINT `menu_images_menu_category_id_foreign` FOREIGN KEY (`menu_category_id`) REFERENCES `menu_categories` (`id`) ON DELETE CASCADE;

--
-- Ограничения внешнего ключа таблицы `menu_items`
--
ALTER TABLE `menu_items`
  ADD CONSTRAINT `menu_items_page_id_foreign` FOREIGN KEY (`page_id`) REFERENCES `pages` (`id`) ON DELETE CASCADE;

--
-- Ограничения внешнего ключа таблицы `page_parameters`
--
ALTER TABLE `page_parameters`
  ADD CONSTRAINT `page_parameters_page_id_foreign` FOREIGN KEY (`page_id`) REFERENCES `pages` (`id`) ON DELETE CASCADE;

--
-- Ограничения внешнего ключа таблицы `page_routes`
--
ALTER TABLE `page_routes`
  ADD CONSTRAINT `page_routes_page_id_foreign` FOREIGN KEY (`page_id`) REFERENCES `pages` (`id`) ON DELETE CASCADE,
  ADD CONSTRAINT `page_routes_route_id_foreign` FOREIGN KEY (`route_id`) REFERENCES `routes` (`id`) ON DELETE CASCADE;

--
-- Ограничения внешнего ключа таблицы `page_views`
--
ALTER TABLE `page_views`
  ADD CONSTRAINT `page_views_page_id_foreign` FOREIGN KEY (`page_id`) REFERENCES `pages` (`id`) ON DELETE CASCADE;

--
-- Ограничения внешнего ключа таблицы `plinth_views`
--
ALTER TABLE `plinth_views`
  ADD CONSTRAINT `plinth_views_page_id_foreign` FOREIGN KEY (`page_id`) REFERENCES `pages` (`id`) ON DELETE CASCADE,
  ADD CONSTRAINT `plinth_views_product_id_foreign` FOREIGN KEY (`product_id`) REFERENCES `products` (`id`) ON DELETE CASCADE;

--
-- Ограничения внешнего ключа таблицы `prices`
--
ALTER TABLE `prices`
  ADD CONSTRAINT `prices_ibfk_1` FOREIGN KEY (`product_id`) REFERENCES `products` (`id`) ON DELETE CASCADE,
  ADD CONSTRAINT `prices_price_history_id_foreign` FOREIGN KEY (`price_history_id`) REFERENCES `price_histories` (`id`) ON DELETE CASCADE;

--
-- Ограничения внешнего ключа таблицы `price_histories`
--
ALTER TABLE `price_histories`
  ADD CONSTRAINT `price_histories_product_id_foreign` FOREIGN KEY (`product_id`) REFERENCES `products` (`id`) ON DELETE CASCADE;

--
-- Ограничения внешнего ключа таблицы `products`
--
ALTER TABLE `products`
  ADD CONSTRAINT `products_category_id_foreign` FOREIGN KEY (`category_id`) REFERENCES `categories` (`id`) ON DELETE CASCADE,
  ADD CONSTRAINT `products_unit_id_foreign` FOREIGN KEY (`unit_id`) REFERENCES `units` (`id`) ON DELETE CASCADE;

--
-- Ограничения внешнего ключа таблицы `products_views`
--
ALTER TABLE `products_views`
  ADD CONSTRAINT `products_views_category_id_foreign` FOREIGN KEY (`category_id`) REFERENCES `categories` (`id`) ON DELETE CASCADE,
  ADD CONSTRAINT `products_views_page_id_foreign` FOREIGN KEY (`page_id`) REFERENCES `pages` (`id`) ON DELETE CASCADE;

--
-- Ограничения внешнего ключа таблицы `product_characteristics`
--
ALTER TABLE `product_characteristics`
  ADD CONSTRAINT `product_characteristics_characteristic_id_foreign` FOREIGN KEY (`characteristic_id`) REFERENCES `characteristics` (`id`) ON DELETE CASCADE,
  ADD CONSTRAINT `product_characteristics_product_id_foreign` FOREIGN KEY (`product_id`) REFERENCES `products` (`id`) ON DELETE CASCADE;

--
-- Ограничения внешнего ключа таблицы `product_groups`
--
ALTER TABLE `product_groups`
  ADD CONSTRAINT `product_groups_category_id_foreign` FOREIGN KEY (`category_id`) REFERENCES `categories` (`id`) ON DELETE CASCADE;

--
-- Ограничения внешнего ключа таблицы `product_group_images`
--
ALTER TABLE `product_group_images`
  ADD CONSTRAINT `product_group_images_product_group_id_foreign` FOREIGN KEY (`product_group_id`) REFERENCES `product_groups` (`id`) ON DELETE CASCADE;

--
-- Ограничения внешнего ключа таблицы `product_group_views`
--
ALTER TABLE `product_group_views`
  ADD CONSTRAINT `product_group_views_page_id_foreign` FOREIGN KEY (`page_id`) REFERENCES `pages` (`id`) ON DELETE CASCADE,
  ADD CONSTRAINT `product_group_views_product_group_id_foreign` FOREIGN KEY (`product_group_id`) REFERENCES `product_groups` (`id`) ON DELETE CASCADE;

--
-- Ограничения внешнего ключа таблицы `product_images`
--
ALTER TABLE `product_images`
  ADD CONSTRAINT `product_images_product_id_foreign` FOREIGN KEY (`product_id`) REFERENCES `products` (`id`) ON DELETE CASCADE;

--
-- Ограничения внешнего ключа таблицы `product_stocks`
--
ALTER TABLE `product_stocks`
  ADD CONSTRAINT `product_stocks_product_id_foreign` FOREIGN KEY (`product_id`) REFERENCES `products` (`id`) ON DELETE CASCADE;

--
-- Ограничения внешнего ключа таблицы `product_views`
--
ALTER TABLE `product_views`
  ADD CONSTRAINT `product_views_page_id_foreign` FOREIGN KEY (`page_id`) REFERENCES `pages` (`id`) ON DELETE CASCADE,
  ADD CONSTRAINT `product_views_product_id_foreign` FOREIGN KEY (`product_id`) REFERENCES `products` (`id`) ON DELETE CASCADE;

--
-- Ограничения внешнего ключа таблицы `purchased_products`
--
ALTER TABLE `purchased_products`
  ADD CONSTRAINT `purchased_products_product_id_foreign` FOREIGN KEY (`product_id`) REFERENCES `products` (`id`) ON DELETE CASCADE,
  ADD CONSTRAINT `purchased_products_purchased_bundle_id_foreign` FOREIGN KEY (`purchased_bundle_id`) REFERENCES `purchased_bundles` (`id`) ON DELETE CASCADE;

--
-- Ограничения внешнего ключа таблицы `sales`
--
ALTER TABLE `sales`
  ADD CONSTRAINT `sales_customer_id_foreign` FOREIGN KEY (`customer_id`) REFERENCES `customers` (`id`) ON DELETE CASCADE;

--
-- Ограничения внешнего ключа таблицы `service_characteristics`
--
ALTER TABLE `service_characteristics`
  ADD CONSTRAINT `service_characteristics_characteristic_id_foreign` FOREIGN KEY (`characteristic_id`) REFERENCES `characteristics` (`id`) ON DELETE CASCADE,
  ADD CONSTRAINT `service_characteristics_service_id_foreign` FOREIGN KEY (`service_id`) REFERENCES `services` (`id`) ON DELETE CASCADE;

--
-- Ограничения внешнего ключа таблицы `service_magazine_sales`
--
ALTER TABLE `service_magazine_sales`
  ADD CONSTRAINT `service_magazine_sales_sale_id_foreign` FOREIGN KEY (`sale_id`) REFERENCES `sales` (`id`) ON DELETE CASCADE,
  ADD CONSTRAINT `service_magazine_sales_service_id_foreign` FOREIGN KEY (`service_id`) REFERENCES `services` (`id`) ON DELETE CASCADE,
  ADD CONSTRAINT `service_magazine_sales_service_price_history_id_foreign` FOREIGN KEY (`service_price_history_id`) REFERENCES `service_price_histories` (`id`) ON DELETE CASCADE;

--
-- Ограничения внешнего ключа таблицы `service_prices`
--
ALTER TABLE `service_prices`
  ADD CONSTRAINT `service_prices_ibfk_1` FOREIGN KEY (`service_id`) REFERENCES `services` (`id`) ON DELETE CASCADE,
  ADD CONSTRAINT `service_prices_service_price_history_id_foreign` FOREIGN KEY (`service_price_history_id`) REFERENCES `service_price_histories` (`id`) ON DELETE CASCADE;

--
-- Ограничения внешнего ключа таблицы `service_price_histories`
--
ALTER TABLE `service_price_histories`
  ADD CONSTRAINT `service_price_histories_service_id_foreign` FOREIGN KEY (`service_id`) REFERENCES `services` (`id`) ON DELETE CASCADE;

--
-- Ограничения внешнего ключа таблицы `service_units`
--
ALTER TABLE `service_units`
  ADD CONSTRAINT `service_units_service_id_foreign` FOREIGN KEY (`service_id`) REFERENCES `services` (`id`) ON DELETE CASCADE,
  ADD CONSTRAINT `service_units_unit_id_foreign` FOREIGN KEY (`unit_id`) REFERENCES `units` (`id`) ON DELETE CASCADE;

--
-- Ограничения внешнего ключа таблицы `user_roles`
--
ALTER TABLE `user_roles`
  ADD CONSTRAINT `user_roles_role_id_foreign` FOREIGN KEY (`role_id`) REFERENCES `roles` (`id`) ON DELETE CASCADE,
  ADD CONSTRAINT `user_roles_user_id_foreign` FOREIGN KEY (`user_id`) REFERENCES `users` (`id`) ON DELETE CASCADE;
COMMIT;

/*!40101 SET CHARACTER_SET_CLIENT=@OLD_CHARACTER_SET_CLIENT */;
/*!40101 SET CHARACTER_SET_RESULTS=@OLD_CHARACTER_SET_RESULTS */;
/*!40101 SET COLLATION_CONNECTION=@OLD_COLLATION_CONNECTION */;
