-- phpMyAdmin SQL Dump
-- version 4.9.2
-- https://www.phpmyadmin.net/
--
-- Хост: 127.0.0.1
-- Время создания: Май 16 2021 г., 23:53
-- Версия сервера: 10.4.11-MariaDB
-- Версия PHP: 7.4.1

SET SQL_MODE = "NO_AUTO_VALUE_ON_ZERO";
SET AUTOCOMMIT = 0;
START TRANSACTION;
SET time_zone = "+00:00";


/*!40101 SET @OLD_CHARACTER_SET_CLIENT=@@CHARACTER_SET_CLIENT */;
/*!40101 SET @OLD_CHARACTER_SET_RESULTS=@@CHARACTER_SET_RESULTS */;
/*!40101 SET @OLD_COLLATION_CONNECTION=@@COLLATION_CONNECTION */;
/*!40101 SET NAMES utf8mb4 */;

--
-- База данных: `quick_step`
--

-- --------------------------------------------------------

--
-- Структура таблицы `categories`
--

CREATE TABLE `categories` (
  `id` int(10) UNSIGNED NOT NULL,
  `name` varchar(255) COLLATE utf8mb4_unicode_ci NOT NULL,
  `parent_id` int(11) DEFAULT NULL,
  `published` tinyint(1) NOT NULL,
  `sort` int(11) DEFAULT NULL,
  `created_at` timestamp NULL DEFAULT NULL,
  `updated_at` timestamp NULL DEFAULT NULL
) ENGINE=InnoDB DEFAULT CHARSET=utf8mb4 COLLATE=utf8mb4_unicode_ci;

--
-- Дамп данных таблицы `categories`
--

INSERT INTO `categories` (`id`, `name`, `parent_id`, `published`, `sort`, `created_at`, `updated_at`) VALUES
(4, 'Ламинат', 39, 1, 2, NULL, NULL),
(16, 'Плинтус', NULL, 1, 33, NULL, NULL),
(17, 'Подложка', NULL, 1, 34, NULL, NULL),
(18, 'Герметик', NULL, 0, 35, NULL, NULL),
(19, 'Signature', 4, 1, 3, NULL, NULL),
(20, 'Castle', 4, 1, 4, NULL, NULL),
(21, 'Classic', 4, 1, 5, NULL, NULL),
(22, 'Desire', 4, 1, 6, NULL, NULL),
(23, 'Eligna', 4, 1, 7, NULL, NULL),
(24, 'Impressive', 4, 1, 8, NULL, NULL),
(25, 'Impressive Patterns', 4, 1, 9, NULL, NULL),
(26, 'Impressive Ultra', 4, 1, 10, NULL, NULL),
(27, 'Majestic', 4, 1, 11, NULL, NULL),
(28, 'Perspective', 4, 1, 12, NULL, NULL),
(29, 'Винил', 39, 1, 18, NULL, NULL),
(30, 'Ambient Click', 29, 1, 19, NULL, NULL),
(31, 'Ambient Glue Plus', 29, 1, 20, NULL, NULL),
(32, 'Ambient Rigid Click', 29, 1, 21, NULL, NULL),
(33, 'Balance Click', 29, 1, 22, NULL, NULL),
(34, 'Balance Click Plus', 29, 1, 23, NULL, NULL),
(35, 'Balance Glue Plus', 29, 1, 24, NULL, NULL),
(36, 'Balance Rigid Click', 29, 1, 25, NULL, NULL),
(37, 'Pulse Click', 29, 1, 26, NULL, NULL),
(38, 'Pulse Rigid Click', 29, 1, 27, NULL, NULL),
(39, 'Пол', NULL, 1, 1, NULL, NULL),
(40, 'Паркетная доска', 39, 1, 28, NULL, NULL),
(41, 'Castello', 40, 1, 29, NULL, NULL),
(42, 'Imperio', 40, 1, 30, NULL, NULL),
(43, 'Massimo', 40, 1, 31, NULL, NULL),
(44, 'Palazzo', 40, 1, 32, NULL, NULL),
(45, 'Клей', NULL, 1, 36, NULL, NULL),
(46, 'Clix Floor Charm', 4, 1, 13, NULL, NULL),
(47, 'Clix Floor Excellent', 4, 1, 14, NULL, NULL),
(48, 'Clix Floor Intense', 4, 1, 15, NULL, NULL),
(49, 'Clix Floor Plus', 4, 1, 16, NULL, NULL),
(50, 'Clix Floor Extra', 4, 1, 17, NULL, NULL);

-- --------------------------------------------------------

--
-- Структура таблицы `categories_views`
--

CREATE TABLE `categories_views` (
  `category_id` int(10) UNSIGNED NOT NULL,
  `page_id` int(10) UNSIGNED NOT NULL
) ENGINE=InnoDB DEFAULT CHARSET=utf8mb4 COLLATE=utf8mb4_unicode_ci;

--
-- Дамп данных таблицы `categories_views`
--

INSERT INTO `categories_views` (`category_id`, `page_id`) VALUES
(4, 1),
(29, 868),
(39, 878),
(40, 1025);

-- --------------------------------------------------------

--
-- Структура таблицы `category_characteristics`
--

CREATE TABLE `category_characteristics` (
  `category_id` int(10) UNSIGNED NOT NULL,
  `characteristic_id` int(10) UNSIGNED NOT NULL,
  `value` varchar(100) COLLATE utf8mb4_unicode_ci NOT NULL
) ENGINE=InnoDB DEFAULT CHARSET=utf8mb4 COLLATE=utf8mb4_unicode_ci;

--
-- Дамп данных таблицы `category_characteristics`
--

INSERT INTO `category_characteristics` (`category_id`, `characteristic_id`, `value`) VALUES
(19, 59, '9'),
(19, 60, '32'),
(19, 69, '2.048'),
(19, 71, 'Да'),
(20, 59, '8'),
(20, 60, '33'),
(20, 69, '1.901'),
(20, 71, 'Да'),
(21, 59, '8'),
(21, 60, '32'),
(21, 69, '1.596'),
(22, 59, '8'),
(22, 60, '32'),
(22, 69, '1.722'),
(23, 59, '8'),
(23, 60, '32'),
(23, 69, '1.722'),
(23, 71, 'Да'),
(24, 59, '8'),
(24, 60, '32'),
(24, 69, '1.835'),
(24, 71, 'Да'),
(25, 59, '8'),
(25, 60, '33'),
(25, 69, '1.901'),
(25, 71, 'Да'),
(26, 59, '12'),
(26, 60, '33'),
(26, 69, '1.311'),
(26, 71, 'Да'),
(27, 59, '9.5'),
(27, 60, '32'),
(27, 69, '2.952'),
(27, 71, 'Да'),
(28, 59, '9.5'),
(28, 60, '32'),
(28, 69, '1.507'),
(30, 59, '4.5'),
(30, 60, '32'),
(30, 69, '2.08'),
(30, 71, 'Да'),
(31, 59, '2.5'),
(31, 60, '33'),
(31, 69, '3.841'),
(31, 71, 'Да'),
(32, 59, '5'),
(32, 60, '32'),
(32, 69, '1.847'),
(32, 71, 'Да'),
(33, 59, '4.5'),
(33, 60, '32'),
(33, 69, '2.105'),
(33, 71, 'Да'),
(34, 59, '4.5'),
(34, 60, '33'),
(34, 69, '2.105'),
(34, 71, 'Да'),
(35, 59, '2.5'),
(35, 60, '33'),
(35, 69, '3.655'),
(35, 71, 'Да'),
(36, 59, '5'),
(36, 60, '32'),
(36, 69, '2.128'),
(36, 71, 'Да'),
(37, 59, '4.5'),
(37, 60, '32'),
(37, 69, '2.22'),
(37, 71, 'Да'),
(38, 59, '5'),
(38, 60, '32'),
(38, 69, '1.873'),
(38, 71, 'Да'),
(41, 59, '14'),
(41, 69, '1.583'),
(42, 59, '14'),
(42, 69, '1.936'),
(43, 59, '14'),
(43, 69, '2.496'),
(44, 59, '14'),
(44, 69, '2.075'),
(46, 59, '12'),
(46, 60, '33'),
(46, 69, '1.342'),
(46, 74, 'Ультра узкая'),
(47, 59, '12'),
(47, 60, '33'),
(47, 69, '1.311'),
(47, 74, 'Стандартная'),
(48, 59, '8'),
(48, 60, '33'),
(48, 69, '2.156'),
(48, 74, 'Стандартная'),
(49, 59, '8'),
(49, 60, '32'),
(49, 69, '1.596'),
(49, 74, 'Стандартная'),
(50, 59, '8'),
(50, 60, '33'),
(50, 69, '1.596'),
(50, 74, 'Стандартная');

-- --------------------------------------------------------

--
-- Структура таблицы `category_images`
--

CREATE TABLE `category_images` (
  `name` varchar(100) COLLATE utf8mb4_unicode_ci NOT NULL,
  `category_id` int(10) UNSIGNED NOT NULL
) ENGINE=InnoDB DEFAULT CHARSET=utf8mb4 COLLATE=utf8mb4_unicode_ci;

--
-- Дамп данных таблицы `category_images`
--

INSERT INTO `category_images` (`name`, `category_id`) VALUES
('ambient-click.jpeg', 30),
('ambient-glue-plus.jpeg', 31),
('ambient-rigid-click.jpeg', 32),
('balance-click-plus.jpeg', 34),
('balance-click.jpeg', 33),
('balance-glue-plus.jpeg', 35),
('balance-rigid-click.jpeg', 36),
('castello.jpeg', 41),
('castle.jpeg', 20),
('charm.jpg', 46),
('classic.jpeg', 21),
('click-guard.jpg', 18),
('clix-floor-excellent.jpg', 47),
('clix-floor-extra.jpg', 50),
('clix-floor-intense.jpg', 48),
('clix-floor-plus.jpg', 49),
('desire.jpeg', 22),
('eligna.jpeg', 23),
('imperio.jpeg', 42),
('impressive-patterns.jpeg', 25),
('impressive-ultra.jpeg', 26),
('impressive.jpeg', 24),
('kley.jpg', 45),
('laminat.jpg', 4),
('majestic.jpeg', 27),
('massimo.jpeg', 43),
('palazzo.jpeg', 44),
('parketnaya-doska.jpeg', 40),
('perspective.jpeg', 28),
('plintus.jpg', 16),
('podlozhka.jpg', 17),
('pol.jpeg', 39),
('pulse-click.jpeg', 37),
('pulse-rigid-click.jpeg', 38),
('signature.jpg', 19),
('vinil.jpeg', 29);

-- --------------------------------------------------------

--
-- Структура таблицы `category_prices`
--

CREATE TABLE `category_prices` (
  `category_id` int(10) UNSIGNED NOT NULL,
  `price` int(11) NOT NULL,
  `actual_on` timestamp NOT NULL DEFAULT current_timestamp() ON UPDATE current_timestamp()
) ENGINE=InnoDB DEFAULT CHARSET=utf8mb4 COLLATE=utf8mb4_unicode_ci;

--
-- Дамп данных таблицы `category_prices`
--

INSERT INTO `category_prices` (`category_id`, `price`, `actual_on`) VALUES
(19, 405504, '2021-01-19 14:30:59'),
(20, 284200, '2021-01-19 14:35:17'),
(21, 159600, '2020-11-11 16:15:21'),
(22, 216111, '2020-11-12 11:22:06'),
(23, 198030, '2021-01-19 14:38:35'),
(24, 266075, '2021-01-19 14:42:57'),
(25, 284200, '2020-11-21 21:14:14'),
(26, 222215, '2020-11-21 23:03:58'),
(27, 677484, '2020-11-21 23:44:33'),
(28, 194403, '2020-11-22 12:49:35'),
(30, 484640, '2020-11-22 22:59:01'),
(31, 710585, '2021-01-06 21:20:39'),
(32, 522701, '2020-11-24 12:08:22'),
(33, 490465, '2020-11-24 19:34:09'),
(34, 538880, '2021-01-06 21:23:43'),
(35, 676175, '2021-01-06 21:18:33'),
(36, 602224, '2020-11-24 22:41:05'),
(37, 574980, '2020-11-24 22:55:11'),
(38, 573138, '2020-11-24 23:10:32'),
(41, 854820, '2021-01-09 13:11:06'),
(42, 1092872, '2021-01-09 13:09:33'),
(43, 2054208, '2021-01-09 13:08:46'),
(44, 1122575, '2021-01-09 13:07:43'),
(46, 179560, '2021-04-02 10:49:48'),
(47, 163613, '2021-04-02 12:57:35'),
(48, 221637, '2021-04-02 15:27:32'),
(49, 136937, '2021-04-02 16:15:30'),
(50, 149705, '2021-04-02 16:51:14');

-- --------------------------------------------------------

--
-- Структура таблицы `category_services`
--

CREATE TABLE `category_services` (
  `category_id` int(10) UNSIGNED NOT NULL,
  `service_id` int(10) UNSIGNED NOT NULL
) ENGINE=InnoDB DEFAULT CHARSET=utf8mb4 COLLATE=utf8mb4_unicode_ci;

--
-- Дамп данных таблицы `category_services`
--

INSERT INTO `category_services` (`category_id`, `service_id`) VALUES
(16, 5),
(16, 6),
(29, 7),
(39, 2),
(39, 3),
(39, 4);

-- --------------------------------------------------------

--
-- Структура таблицы `characteristics`
--

CREATE TABLE `characteristics` (
  `id` int(10) UNSIGNED NOT NULL,
  `name` varchar(100) COLLATE utf8mb4_unicode_ci NOT NULL,
  `unit_id` int(10) UNSIGNED DEFAULT NULL
) ENGINE=InnoDB DEFAULT CHARSET=utf8mb4 COLLATE=utf8mb4_unicode_ci;

--
-- Дамп данных таблицы `characteristics`
--

INSERT INTO `characteristics` (`id`, `name`, `unit_id`) VALUES
(57, 'Длина', 2),
(58, 'Ширина', 2),
(59, 'Толщина', 2),
(60, 'Класс', NULL),
(61, 'Количество фасок', NULL),
(62, 'Количество полос', NULL),
(63, 'Производитель', NULL),
(64, 'Страна', NULL),
(65, 'Стилизация', NULL),
(66, 'Тип помещения', NULL),
(67, 'Тип соединения', NULL),
(68, 'В упаковке, шт.', NULL),
(69, 'Площадь упаковки', 3),
(70, 'Вес упаковки', 4),
(71, 'Влагостойкость', NULL),
(72, 'Высота', 2),
(73, 'Теплоизоляция и звукоизоляция', NULL),
(74, 'Планка', NULL),
(75, 'Селекция', NULL),
(76, 'Покрытие', NULL),
(77, 'Назначение', NULL),
(78, 'Вид материала', NULL),
(79, 'Для приклеивания', NULL),
(80, 'Подходит для полов с подогревом', NULL),
(81, 'Цвет', NULL),
(82, 'Основания', NULL),
(83, 'Основа', NULL),
(84, 'Плотность', 8),
(85, 'Время подсушки', 9),
(86, 'Время для укладки', 9),
(87, 'Расход', NULL),
(88, 'Условия хранения', NULL),
(89, 'Срок хранения', NULL),
(90, 'Морозостойкость при хранении, транспортировке', NULL),
(91, 'Температура применения', NULL),
(92, 'Относительная влажность воздуха', NULL),
(93, 'Консистенция', NULL),
(94, 'Клей', NULL),
(95, 'Инструмент', NULL),
(96, 'Открытое время', NULL),
(97, 'Вид клея', NULL),
(98, 'Способ нанесения', NULL),
(99, 'Очиститель', NULL),
(100, 'Соотношение для смешивания', NULL),
(101, 'Жизнеспособность смеси', NULL),
(102, 'Время затвердения', NULL),
(103, 'Метод монтажа', NULL),
(104, 'Время высыхания', NULL),
(105, 'Тиснение', NULL),
(106, 'Фаска', NULL);

-- --------------------------------------------------------

--
-- Структура таблицы `customers`
--

CREATE TABLE `customers` (
  `id` int(10) UNSIGNED NOT NULL,
  `name` varchar(100) COLLATE utf8mb4_unicode_ci NOT NULL,
  `phone` decimal(11,0) NOT NULL,
  `email` varchar(100) COLLATE utf8mb4_unicode_ci NOT NULL,
  `adres` varchar(255) COLLATE utf8mb4_unicode_ci NOT NULL,
  `created_at` timestamp NULL DEFAULT NULL,
  `updated_at` timestamp NULL DEFAULT NULL
) ENGINE=InnoDB DEFAULT CHARSET=utf8mb4 COLLATE=utf8mb4_unicode_ci;

--
-- Дамп данных таблицы `customers`
--

INSERT INTO `customers` (`id`, `name`, `phone`, `email`, `adres`, `created_at`, `updated_at`) VALUES
(7, 'Тест', '71111111111', 'protopopov-alexey@bk.ru', 'Test', '2020-10-12 02:10:42', '2020-10-12 02:10:42'),
(8, 'Имя', '78888888888', 'protopopov-alexey@bk.ru', 'adrse', '2020-10-12 02:15:01', '2020-10-12 02:15:01'),
(9, 'Тест 2', '72222222222', 'protopopov-alexey@bk.ru', 'adres', '2020-10-12 02:29:23', '2020-10-12 02:29:23'),
(10, 'Имя', '71111111111', 'protopopov-alexey@bk.ru', 'adres', '2020-10-12 02:48:29', '2020-10-12 02:48:29'),
(11, 'Name', '74444444444', 'prdsd', 'aaf', '2020-10-12 02:50:22', '2020-10-12 02:50:22'),
(12, '44444', '74444444444', '4444444', 'gfg', '2020-10-26 02:48:53', '2020-10-26 02:48:53'),
(13, '44444', '74444444444', '4444444', 'gfg', '2020-10-26 02:49:55', '2020-10-26 02:49:55'),
(14, 'Тест 123', '71234567891', 'protopopov-alexey@bk.ru', 'Адрес тест', '2020-12-15 12:54:49', '2020-12-15 12:54:49'),
(15, 'Тест', '71234567891', 'protopopov-alexey@bk.ru', 'Адрес тест', '2020-12-15 12:56:57', '2020-12-15 12:56:57'),
(16, 'Тест 123', '71234567891', 'protopopov-alexey@bk.ru', 'Адрес тест', '2020-12-15 13:02:55', '2020-12-15 13:02:55'),
(17, 'Игорь Белоус', '79119240590', '9240590@mail.ru', 'Купчинская', '2020-12-17 13:35:17', '2020-12-17 13:35:17'),
(18, 'Игорь Белоус', '79119240590', '9240590@mail.ru', 'Купчинская', '2020-12-18 14:56:24', '2020-12-18 14:56:24'),
(19, 'Тест 19', '71234567891', 'protopopov-alexey@bk.ru', 'Адрес тест', '2020-12-19 14:14:27', '2020-12-19 14:14:27'),
(20, 'Тест 191', '71234567891', 'protopopov-alexey@bk.ru', 'Адрес тест', '2020-12-19 14:31:20', '2020-12-19 14:31:20'),
(21, 'Тест 11', '71234567891', 'alexey.prot@yandex.ru', 'Адрес тест', '2020-12-19 14:37:35', '2020-12-19 14:37:35'),
(22, 'игорь', '79119240590', '9240590@mail.ru', 'Купчинская 34', '2021-01-06 08:50:02', '2021-01-06 08:50:02'),
(23, 'игорь', '79119240590', '9240590@mail.ru', 'Купчинская 34', '2021-01-08 10:28:08', '2021-01-08 10:28:08'),
(24, 'игорь', '79119240590', '9240590@mail.ru', 'regxbycrfz', '2021-01-14 14:36:42', '2021-01-14 14:36:42'),
(25, 'игорь', '79119240590', '9240590@mail.ru', 'купчинская', '2021-01-17 12:49:54', '2021-01-17 12:49:54'),
(26, 'игорь', '79119240590', '9240590@mail.ru', 'купчинская', '2021-01-21 07:17:00', '2021-01-21 07:17:00'),
(27, 'Игорь', '79119240590', '9240590@mail.ru', 'Купчинская', '2021-01-24 19:18:05', '2021-01-24 19:18:05'),
(28, 'Тест', '71234567891', 'protopopov-alexey@bk.ru', 'Адрес тест', '2021-01-26 14:40:43', '2021-01-26 14:40:43'),
(29, 'Тест', '71234567891', 'protopopov-alexey@bk.ru', 'Адрес тест', '2021-01-26 14:46:22', '2021-01-26 14:46:22'),
(30, 'Тест', '71234567891', 'protopopov-alexey@bk.ru', 'Адрес тест', '2021-01-26 14:48:25', '2021-01-26 14:48:25'),
(31, 'Тест', '71111111111', 'protopopov-alexey@bk.ru', 'Адрес тест', '2021-01-26 14:59:29', '2021-01-26 14:59:29'),
(32, 'Тест', '79999999999', 'protopopov-alexey@bk.ru', 'Адрес тест', '2021-01-26 15:01:56', '2021-01-26 15:01:56'),
(33, 'Игорь', '79119240590', '9240590@mail.ru', 'Купчино', '2021-01-27 12:56:50', '2021-01-27 12:56:50'),
(34, 'Тест', '78888888888', 'protopopov-alexey@bk.ru', 'Адрес тест', '2021-01-31 22:10:43', '2021-01-31 22:10:43'),
(35, 'Игорь Белоус', '79119240590', '9240590@mail.ru', 'Купчино', '2021-03-01 11:07:40', '2021-03-01 11:07:40'),
(36, 'Игорь Белоус', '77911924059', '9240590@mail.ru', 'Купчинская', '2021-03-01 14:47:42', '2021-03-01 14:47:42'),
(37, 'Тест', '71111111111', 'protopopov-alexey@bk.ru', 'Адрес тест', '2021-03-01 21:43:05', '2021-03-01 21:43:05'),
(38, 'Игорь Белоус', '79119240590', '9240590@mail.ru', 'Купчино', '2021-03-02 05:35:16', '2021-03-02 05:35:16'),
(39, 'Тест', '71111111111', 'protopopov-alexey@bk.ru', 'Адрес тест', '2021-03-20 00:10:23', '2021-03-20 00:10:23'),
(40, 'Тест', '71111111111', 'protopopov-alexey@bk.ru', 'Адрес тест', '2021-03-20 00:22:33', '2021-03-20 00:22:33'),
(41, 'Тест', '78888888888', 'protopopov-alexey@bk.ru', 'Адрес тест', '2021-03-20 00:25:25', '2021-03-20 00:25:25'),
(42, 'Тест 19', '77777777777', 'protopopov-alexey@bk.ru', 'Адрес тест', '2021-03-20 01:04:00', '2021-03-20 01:04:00'),
(43, 'игорь', '79119240590', 'fleerspb@mail.ru', 'бабушкина 2', '2021-04-01 10:44:59', '2021-04-01 10:44:59');

-- --------------------------------------------------------

--
-- Структура таблицы `floors_views`
--

CREATE TABLE `floors_views` (
  `category_id` int(10) UNSIGNED NOT NULL,
  `page_id` int(10) UNSIGNED NOT NULL
) ENGINE=InnoDB DEFAULT CHARSET=utf8mb4 COLLATE=utf8mb4_unicode_ci;

-- --------------------------------------------------------

--
-- Структура таблицы `group_products`
--

CREATE TABLE `group_products` (
  `product_group_id` int(10) UNSIGNED NOT NULL,
  `product_id` int(10) UNSIGNED NOT NULL
) ENGINE=InnoDB DEFAULT CHARSET=utf8mb4 COLLATE=utf8mb4_unicode_ci;

-- --------------------------------------------------------

--
-- Структура таблицы `laminate_product_views`
--

CREATE TABLE `laminate_product_views` (
  `page_id` int(10) UNSIGNED NOT NULL,
  `product_id` int(10) UNSIGNED NOT NULL,
  `category_id` int(10) UNSIGNED NOT NULL
) ENGINE=InnoDB DEFAULT CHARSET=utf8mb4 COLLATE=utf8mb4_unicode_ci;

--
-- Дамп данных таблицы `laminate_product_views`
--

INSERT INTO `laminate_product_views` (`page_id`, `product_id`, `category_id`) VALUES
(611, 483, 16),
(613, 481, 16),
(614, 486, 16),
(616, 488, 16),
(618, 490, 16),
(620, 492, 16),
(622, 494, 16),
(624, 496, 16),
(626, 498, 16),
(628, 500, 16),
(630, 502, 16),
(632, 504, 16),
(634, 506, 16),
(636, 508, 16),
(638, 510, 16),
(640, 512, 16),
(642, 514, 16),
(644, 516, 16),
(646, 518, 16),
(648, 520, 16),
(650, 522, 16),
(652, 524, 16),
(654, 526, 16),
(656, 528, 16),
(658, 530, 16),
(660, 532, 16),
(662, 534, 16),
(664, 536, 16),
(666, 538, 16),
(668, 540, 16),
(670, 542, 16),
(672, 544, 16),
(674, 546, 16),
(676, 548, 16),
(678, 550, 16),
(680, 552, 16),
(682, 554, 16),
(684, 556, 16),
(686, 558, 16),
(688, 560, 16),
(690, 562, 16),
(692, 564, 16),
(694, 566, 16),
(696, 568, 16),
(698, 570, 16),
(700, 572, 16),
(702, 574, 16),
(704, 576, 16),
(706, 578, 16),
(708, 580, 16),
(710, 582, 16),
(712, 584, 16),
(714, 586, 16),
(716, 588, 16),
(718, 590, 16),
(720, 592, 16),
(722, 594, 16),
(724, 596, 16),
(726, 598, 16),
(728, 568, 16),
(729, 580, 16),
(730, 602, 16),
(732, 604, 16),
(734, 606, 16),
(736, 608, 16),
(738, 610, 16),
(740, 612, 16),
(742, 544, 16),
(743, 615, 16),
(745, 617, 16),
(747, 526, 16),
(748, 620, 16),
(750, 622, 16),
(752, 624, 16),
(754, 626, 16),
(756, 628, 16),
(758, 630, 16),
(760, 632, 16),
(762, 617, 16),
(763, 635, 16),
(765, 637, 16),
(767, 639, 16),
(769, 641, 16),
(772, 643, 16),
(774, 645, 16),
(776, 647, 16),
(778, 649, 16),
(780, 651, 16),
(782, 481, 16),
(783, 654, 16),
(785, 656, 16),
(787, 658, 16),
(789, 660, 16),
(791, 662, 16),
(793, 664, 16),
(796, 624, 16),
(797, 604, 16),
(798, 610, 16),
(799, 602, 16),
(800, 606, 16),
(801, 630, 16),
(802, 612, 16),
(803, 632, 16),
(804, 544, 16),
(805, 481, 16),
(806, 615, 16),
(807, 620, 16),
(808, 526, 16),
(809, 622, 16),
(810, 628, 16),
(811, 626, 16),
(812, 635, 16),
(813, 641, 16),
(815, 684, 16),
(817, 686, 16),
(819, 688, 16),
(821, 690, 16),
(823, 692, 16),
(825, 694, 16),
(827, 696, 16),
(829, 698, 16),
(831, 700, 16),
(833, 702, 16),
(836, 580, 16),
(837, 568, 16),
(838, 706, 16),
(840, 530, 16),
(841, 528, 16),
(842, 596, 16),
(843, 711, 16),
(845, 713, 16),
(847, 715, 16),
(849, 717, 16),
(851, 719, 16),
(853, 721, 16),
(855, 572, 16),
(856, 582, 16),
(857, 725, 16),
(859, 598, 16),
(860, 728, 16),
(862, 568, 16),
(863, 731, 16),
(865, 586, 16),
(866, 580, 16),
(867, 594, 16),
(881, 738, 16),
(883, 740, 16),
(885, 742, 16),
(887, 744, 16),
(889, 746, 16),
(891, 748, 16),
(893, 750, 16),
(895, 742, 16),
(896, 744, 16),
(897, 740, 16),
(898, 738, 16),
(899, 748, 16),
(900, 746, 16),
(901, 750, 16),
(902, 740, 16),
(903, 930, 16),
(904, 930, 16),
(905, 930, 16),
(906, 763, 16),
(908, 765, 16),
(910, 767, 16),
(912, 769, 16),
(914, 772, 16),
(916, 774, 16),
(918, 776, 16),
(920, 778, 16),
(922, 780, 16),
(924, 782, 16),
(926, 784, 16),
(928, 786, 16),
(930, 788, 16),
(932, 790, 16),
(934, 801, 16),
(936, 769, 16),
(937, 784, 16),
(938, 763, 16),
(939, 801, 16),
(940, 782, 16),
(941, 767, 16),
(942, 765, 16),
(943, 774, 16),
(944, 767, 16),
(945, 812, 16),
(947, 814, 16),
(949, 816, 16),
(951, 818, 16),
(953, 820, 16),
(955, 822, 16),
(957, 824, 16),
(959, 826, 16),
(961, 767, 16),
(962, 814, 16),
(963, 822, 16),
(964, 816, 16),
(965, 930, 16),
(966, 930, 16),
(967, 820, 16),
(968, 812, 16),
(969, 818, 16),
(970, 930, 16),
(971, 826, 16),
(972, 824, 16),
(973, 840, 16),
(975, 842, 16),
(977, 844, 16),
(979, 846, 16),
(981, 848, 16),
(983, 850, 16),
(985, 852, 16),
(987, 854, 16),
(989, 856, 16),
(991, 858, 16),
(993, 860, 16),
(995, 862, 16),
(997, 864, 16),
(999, 866, 16),
(1001, 868, 16),
(1003, 870, 16),
(1005, 872, 16),
(1007, 874, 16),
(1009, 876, 16),
(1011, 878, 16),
(1013, 880, 16),
(1015, 882, 16),
(1017, 884, 16),
(1019, 886, 16),
(1021, 888, 16),
(1023, 890, 16),
(1042, 892, 16),
(1043, 481, 16),
(1044, 481, 16),
(1045, 481, 16),
(1046, 897, 16),
(1047, 899, 16),
(1048, 901, 16),
(1049, 481, 16),
(1050, 481, 16),
(1051, 481, 16),
(1052, 914, 16),
(1054, 914, 16),
(1055, 917, 16),
(1057, 919, 16),
(1059, 921, 16),
(1061, 481, 16),
(1062, 924, 16),
(1064, 926, 16),
(1066, 481, 16),
(1067, 481, 16),
(1068, 926, 16),
(1114, 481, 16),
(1115, 481, 16),
(1116, 481, 16),
(1117, 481, 16),
(1118, 481, 16),
(1119, 481, 16),
(1120, 481, 16),
(1121, 481, 16),
(1122, 481, 16),
(1123, 481, 16),
(1125, 481, 16),
(1126, 481, 16),
(1127, 481, 16),
(1128, 481, 16),
(1129, 481, 16),
(1130, 481, 16),
(1132, 481, 16),
(1133, 481, 16),
(1134, 481, 16),
(1135, 481, 16),
(1136, 481, 16),
(1137, 481, 16),
(1138, 481, 16),
(1139, 481, 16),
(1141, 481, 16),
(1142, 481, 16),
(1143, 481, 16),
(1144, 481, 16),
(1145, 481, 16),
(1146, 481, 16),
(1148, 481, 16),
(1149, 481, 16),
(1150, 481, 16),
(1151, 481, 16),
(1152, 481, 16),
(1153, 481, 16),
(611, 12, 17),
(611, 13, 17),
(611, 14, 17),
(611, 23, 17),
(613, 12, 17),
(613, 13, 17),
(613, 14, 17),
(613, 23, 17),
(614, 12, 17),
(614, 13, 17),
(614, 14, 17),
(614, 23, 17),
(616, 12, 17),
(616, 13, 17),
(616, 14, 17),
(616, 23, 17),
(618, 12, 17),
(618, 13, 17),
(618, 14, 17),
(618, 23, 17),
(620, 12, 17),
(620, 13, 17),
(620, 14, 17),
(620, 23, 17),
(622, 12, 17),
(622, 13, 17),
(622, 14, 17),
(622, 23, 17),
(624, 12, 17),
(624, 13, 17),
(624, 14, 17),
(624, 23, 17),
(626, 12, 17),
(626, 13, 17),
(626, 14, 17),
(626, 23, 17),
(628, 12, 17),
(628, 13, 17),
(628, 14, 17),
(628, 23, 17),
(630, 12, 17),
(630, 13, 17),
(630, 14, 17),
(630, 23, 17),
(632, 12, 17),
(632, 13, 17),
(632, 14, 17),
(632, 23, 17),
(634, 12, 17),
(634, 13, 17),
(634, 14, 17),
(634, 23, 17),
(636, 12, 17),
(636, 13, 17),
(636, 14, 17),
(636, 23, 17),
(638, 12, 17),
(638, 13, 17),
(638, 14, 17),
(638, 23, 17),
(640, 12, 17),
(640, 13, 17),
(640, 14, 17),
(640, 23, 17),
(642, 12, 17),
(642, 13, 17),
(642, 14, 17),
(642, 23, 17),
(644, 12, 17),
(644, 13, 17),
(644, 14, 17),
(644, 23, 17),
(646, 12, 17),
(646, 13, 17),
(646, 14, 17),
(646, 23, 17),
(648, 12, 17),
(648, 13, 17),
(648, 14, 17),
(648, 23, 17),
(650, 12, 17),
(650, 13, 17),
(650, 14, 17),
(650, 23, 17),
(652, 12, 17),
(652, 13, 17),
(652, 14, 17),
(652, 23, 17),
(654, 12, 17),
(654, 13, 17),
(654, 14, 17),
(654, 23, 17),
(656, 12, 17),
(656, 13, 17),
(656, 14, 17),
(656, 23, 17),
(658, 12, 17),
(658, 13, 17),
(658, 14, 17),
(658, 23, 17),
(660, 12, 17),
(660, 13, 17),
(660, 14, 17),
(660, 23, 17),
(662, 12, 17),
(662, 13, 17),
(662, 14, 17),
(662, 23, 17),
(664, 12, 17),
(664, 13, 17),
(664, 14, 17),
(664, 23, 17),
(666, 12, 17),
(666, 13, 17),
(666, 14, 17),
(666, 23, 17),
(668, 12, 17),
(668, 13, 17),
(668, 14, 17),
(668, 23, 17),
(670, 12, 17),
(670, 13, 17),
(670, 14, 17),
(670, 23, 17),
(672, 12, 17),
(672, 13, 17),
(672, 14, 17),
(672, 23, 17),
(674, 12, 17),
(674, 13, 17),
(674, 14, 17),
(674, 23, 17),
(676, 12, 17),
(676, 13, 17),
(676, 14, 17),
(676, 23, 17),
(678, 12, 17),
(678, 13, 17),
(678, 14, 17),
(678, 23, 17),
(680, 12, 17),
(680, 13, 17),
(680, 14, 17),
(680, 23, 17),
(682, 12, 17),
(682, 13, 17),
(682, 14, 17),
(682, 23, 17),
(684, 12, 17),
(684, 13, 17),
(684, 14, 17),
(684, 23, 17),
(686, 12, 17),
(686, 13, 17),
(686, 14, 17),
(686, 23, 17),
(688, 12, 17),
(688, 13, 17),
(688, 14, 17),
(688, 23, 17),
(690, 12, 17),
(690, 13, 17),
(690, 14, 17),
(690, 23, 17),
(692, 12, 17),
(692, 13, 17),
(692, 14, 17),
(692, 23, 17),
(694, 12, 17),
(694, 13, 17),
(694, 14, 17),
(694, 23, 17),
(696, 12, 17),
(696, 13, 17),
(696, 14, 17),
(696, 23, 17),
(698, 12, 17),
(698, 13, 17),
(698, 14, 17),
(698, 23, 17),
(700, 12, 17),
(700, 13, 17),
(700, 14, 17),
(700, 23, 17),
(702, 12, 17),
(702, 13, 17),
(702, 14, 17),
(702, 23, 17),
(704, 12, 17),
(704, 13, 17),
(704, 14, 17),
(704, 23, 17),
(706, 12, 17),
(706, 13, 17),
(706, 14, 17),
(706, 23, 17),
(708, 12, 17),
(708, 13, 17),
(708, 14, 17),
(708, 23, 17),
(710, 12, 17),
(710, 13, 17),
(710, 14, 17),
(710, 23, 17),
(712, 12, 17),
(712, 13, 17),
(712, 14, 17),
(712, 23, 17),
(714, 12, 17),
(714, 13, 17),
(714, 14, 17),
(714, 23, 17),
(716, 12, 17),
(716, 13, 17),
(716, 14, 17),
(716, 23, 17),
(718, 12, 17),
(718, 13, 17),
(718, 14, 17),
(718, 23, 17),
(720, 12, 17),
(720, 13, 17),
(720, 14, 17),
(720, 23, 17),
(722, 12, 17),
(722, 13, 17),
(722, 14, 17),
(722, 23, 17),
(724, 12, 17),
(724, 13, 17),
(724, 14, 17),
(724, 23, 17),
(726, 12, 17),
(726, 13, 17),
(726, 14, 17),
(726, 23, 17),
(728, 12, 17),
(728, 13, 17),
(728, 14, 17),
(728, 23, 17),
(729, 12, 17),
(729, 13, 17),
(729, 14, 17),
(729, 23, 17),
(730, 12, 17),
(730, 13, 17),
(730, 14, 17),
(730, 23, 17),
(732, 12, 17),
(732, 13, 17),
(732, 14, 17),
(732, 23, 17),
(734, 12, 17),
(734, 13, 17),
(734, 14, 17),
(734, 23, 17),
(736, 12, 17),
(736, 13, 17),
(736, 14, 17),
(736, 23, 17),
(738, 12, 17),
(738, 13, 17),
(738, 14, 17),
(738, 23, 17),
(740, 12, 17),
(740, 13, 17),
(740, 14, 17),
(740, 23, 17),
(742, 12, 17),
(742, 13, 17),
(742, 14, 17),
(742, 23, 17),
(743, 12, 17),
(743, 13, 17),
(743, 14, 17),
(743, 23, 17),
(745, 12, 17),
(745, 13, 17),
(745, 14, 17),
(745, 23, 17),
(747, 12, 17),
(747, 13, 17),
(747, 14, 17),
(747, 23, 17),
(748, 12, 17),
(748, 13, 17),
(748, 14, 17),
(748, 23, 17),
(750, 12, 17),
(750, 13, 17),
(750, 14, 17),
(750, 23, 17),
(752, 12, 17),
(752, 13, 17),
(752, 14, 17),
(752, 23, 17),
(754, 12, 17),
(754, 13, 17),
(754, 14, 17),
(754, 23, 17),
(756, 12, 17),
(756, 13, 17),
(756, 14, 17),
(756, 23, 17),
(758, 12, 17),
(758, 13, 17),
(758, 14, 17),
(758, 23, 17),
(760, 12, 17),
(760, 13, 17),
(760, 14, 17),
(760, 23, 17),
(762, 12, 17),
(762, 13, 17),
(762, 14, 17),
(762, 23, 17),
(763, 12, 17),
(763, 13, 17),
(763, 14, 17),
(763, 23, 17),
(765, 12, 17),
(765, 13, 17),
(765, 14, 17),
(765, 23, 17),
(767, 12, 17),
(767, 13, 17),
(767, 14, 17),
(767, 23, 17),
(769, 12, 17),
(769, 13, 17),
(769, 14, 17),
(769, 23, 17),
(772, 12, 17),
(772, 13, 17),
(772, 14, 17),
(772, 23, 17),
(774, 12, 17),
(774, 13, 17),
(774, 14, 17),
(774, 23, 17),
(776, 12, 17),
(776, 13, 17),
(776, 14, 17),
(776, 23, 17),
(778, 12, 17),
(778, 13, 17),
(778, 14, 17),
(778, 23, 17),
(780, 12, 17),
(780, 13, 17),
(780, 14, 17),
(780, 23, 17),
(782, 12, 17),
(782, 13, 17),
(782, 14, 17),
(782, 23, 17),
(783, 12, 17),
(783, 13, 17),
(783, 14, 17),
(783, 23, 17),
(785, 12, 17),
(785, 13, 17),
(785, 14, 17),
(785, 23, 17),
(787, 12, 17),
(787, 13, 17),
(787, 14, 17),
(787, 23, 17),
(789, 12, 17),
(789, 13, 17),
(789, 14, 17),
(789, 23, 17),
(791, 12, 17),
(791, 13, 17),
(791, 14, 17),
(791, 23, 17),
(793, 12, 17),
(793, 13, 17),
(793, 14, 17),
(793, 23, 17),
(796, 12, 17),
(796, 13, 17),
(796, 14, 17),
(796, 23, 17),
(797, 12, 17),
(797, 13, 17),
(797, 14, 17),
(797, 23, 17),
(798, 12, 17),
(798, 13, 17),
(798, 14, 17),
(798, 23, 17),
(799, 12, 17),
(799, 13, 17),
(799, 14, 17),
(799, 23, 17),
(800, 12, 17),
(800, 13, 17),
(800, 14, 17),
(800, 23, 17),
(801, 12, 17),
(801, 13, 17),
(801, 14, 17),
(801, 23, 17),
(802, 12, 17),
(802, 13, 17),
(802, 14, 17),
(802, 23, 17),
(803, 12, 17),
(803, 13, 17),
(803, 14, 17),
(803, 23, 17),
(804, 12, 17),
(804, 13, 17),
(804, 14, 17),
(804, 23, 17),
(805, 12, 17),
(805, 13, 17),
(805, 14, 17),
(805, 23, 17),
(806, 12, 17),
(806, 13, 17),
(806, 14, 17),
(806, 23, 17),
(807, 12, 17),
(807, 13, 17),
(807, 14, 17),
(807, 23, 17),
(808, 12, 17),
(808, 13, 17),
(808, 14, 17),
(808, 23, 17),
(809, 12, 17),
(809, 13, 17),
(809, 14, 17),
(809, 23, 17),
(810, 12, 17),
(810, 13, 17),
(810, 14, 17),
(810, 23, 17),
(811, 12, 17),
(811, 13, 17),
(811, 14, 17),
(811, 23, 17),
(812, 12, 17),
(812, 13, 17),
(812, 14, 17),
(812, 23, 17),
(813, 12, 17),
(813, 13, 17),
(813, 14, 17),
(813, 23, 17),
(815, 12, 17),
(815, 13, 17),
(815, 14, 17),
(815, 23, 17),
(817, 12, 17),
(817, 13, 17),
(817, 14, 17),
(817, 23, 17),
(819, 12, 17),
(819, 13, 17),
(819, 14, 17),
(819, 23, 17),
(821, 12, 17),
(821, 13, 17),
(821, 14, 17),
(821, 23, 17),
(823, 12, 17),
(823, 13, 17),
(823, 14, 17),
(823, 23, 17),
(825, 12, 17),
(825, 13, 17),
(825, 14, 17),
(825, 23, 17),
(827, 12, 17),
(827, 13, 17),
(827, 14, 17),
(827, 23, 17),
(829, 12, 17),
(829, 13, 17),
(829, 14, 17),
(829, 23, 17),
(831, 12, 17),
(831, 13, 17),
(831, 14, 17),
(831, 23, 17),
(833, 12, 17),
(833, 13, 17),
(833, 14, 17),
(833, 23, 17),
(836, 12, 17),
(836, 13, 17),
(836, 14, 17),
(836, 23, 17),
(837, 12, 17),
(837, 13, 17),
(837, 14, 17),
(837, 23, 17),
(838, 12, 17),
(838, 13, 17),
(838, 14, 17),
(838, 23, 17),
(840, 12, 17),
(840, 13, 17),
(840, 14, 17),
(840, 23, 17),
(841, 12, 17),
(841, 13, 17),
(841, 14, 17),
(841, 23, 17),
(842, 12, 17),
(842, 13, 17),
(842, 14, 17),
(842, 23, 17),
(843, 12, 17),
(843, 13, 17),
(843, 14, 17),
(843, 23, 17),
(845, 12, 17),
(845, 13, 17),
(845, 14, 17),
(845, 23, 17),
(847, 12, 17),
(847, 13, 17),
(847, 14, 17),
(847, 23, 17),
(849, 12, 17),
(849, 13, 17),
(849, 14, 17),
(849, 23, 17),
(851, 12, 17),
(851, 13, 17),
(851, 14, 17),
(851, 23, 17),
(853, 12, 17),
(853, 13, 17),
(853, 14, 17),
(853, 23, 17),
(855, 12, 17),
(855, 13, 17),
(855, 14, 17),
(855, 23, 17),
(856, 12, 17),
(856, 13, 17),
(856, 14, 17),
(856, 23, 17),
(857, 12, 17),
(857, 13, 17),
(857, 14, 17),
(857, 23, 17),
(859, 12, 17),
(859, 13, 17),
(859, 14, 17),
(859, 23, 17),
(860, 12, 17),
(860, 13, 17),
(860, 14, 17),
(860, 23, 17),
(862, 12, 17),
(862, 13, 17),
(862, 14, 17),
(862, 23, 17),
(863, 12, 17),
(863, 13, 17),
(863, 14, 17),
(863, 23, 17),
(865, 12, 17),
(865, 13, 17),
(865, 14, 17),
(865, 23, 17),
(866, 12, 17),
(866, 13, 17),
(866, 14, 17),
(866, 23, 17),
(867, 12, 17),
(867, 13, 17),
(867, 14, 17),
(867, 23, 17),
(881, 931, 17),
(883, 931, 17),
(885, 931, 17),
(887, 931, 17),
(889, 931, 17),
(891, 931, 17),
(893, 931, 17),
(902, 931, 17),
(903, 931, 17),
(904, 931, 17),
(905, 931, 17),
(906, 931, 17),
(908, 931, 17),
(910, 931, 17),
(912, 931, 17),
(914, 931, 17),
(916, 931, 17),
(918, 931, 17),
(920, 931, 17),
(922, 931, 17),
(924, 931, 17),
(926, 931, 17),
(928, 931, 17),
(930, 931, 17),
(932, 931, 17),
(934, 931, 17),
(936, 931, 17),
(937, 931, 17),
(938, 931, 17),
(939, 931, 17),
(940, 931, 17),
(941, 931, 17),
(942, 931, 17),
(943, 931, 17),
(961, 931, 17),
(962, 931, 17),
(963, 931, 17),
(964, 931, 17),
(965, 931, 17),
(966, 931, 17),
(967, 931, 17),
(968, 931, 17),
(969, 931, 17),
(970, 931, 17),
(971, 931, 17),
(972, 931, 17),
(973, 931, 17),
(975, 931, 17),
(977, 931, 17),
(979, 931, 17),
(981, 931, 17),
(983, 931, 17),
(985, 931, 17),
(987, 931, 17),
(989, 931, 17),
(991, 931, 17),
(993, 931, 17),
(995, 931, 17),
(997, 931, 17),
(999, 931, 17),
(1001, 931, 17),
(1003, 931, 17),
(1005, 931, 17),
(1007, 931, 17),
(1009, 931, 17),
(1011, 931, 17),
(1013, 931, 17),
(1015, 931, 17),
(1017, 931, 17),
(1019, 931, 17),
(1021, 931, 17),
(1023, 931, 17),
(1042, 12, 17),
(1042, 13, 17),
(1042, 14, 17),
(1042, 23, 17),
(1043, 12, 17),
(1043, 13, 17),
(1043, 14, 17),
(1043, 23, 17),
(1044, 12, 17),
(1044, 13, 17),
(1044, 14, 17),
(1044, 23, 17),
(1045, 12, 17),
(1045, 13, 17),
(1045, 14, 17),
(1045, 23, 17),
(1046, 12, 17),
(1046, 13, 17),
(1046, 14, 17),
(1046, 23, 17),
(1047, 12, 17),
(1047, 13, 17),
(1047, 14, 17),
(1047, 23, 17),
(1048, 12, 17),
(1048, 13, 17),
(1048, 14, 17),
(1048, 23, 17),
(1049, 12, 17),
(1049, 13, 17),
(1049, 14, 17),
(1049, 23, 17),
(1050, 12, 17),
(1050, 13, 17),
(1050, 14, 17),
(1050, 23, 17),
(1051, 12, 17),
(1051, 13, 17),
(1051, 14, 17),
(1051, 23, 17),
(1052, 12, 17),
(1052, 13, 17),
(1052, 14, 17),
(1052, 23, 17),
(1054, 12, 17),
(1054, 13, 17),
(1054, 14, 17),
(1054, 23, 17),
(1055, 12, 17),
(1055, 13, 17),
(1055, 14, 17),
(1055, 23, 17),
(1057, 12, 17),
(1057, 13, 17),
(1057, 14, 17),
(1057, 23, 17),
(1059, 12, 17),
(1059, 13, 17),
(1059, 14, 17),
(1059, 23, 17),
(1061, 12, 17),
(1061, 13, 17),
(1061, 14, 17),
(1061, 23, 17),
(1062, 12, 17),
(1062, 13, 17),
(1062, 14, 17),
(1062, 23, 17),
(1064, 12, 17),
(1064, 13, 17),
(1064, 14, 17),
(1064, 23, 17),
(1066, 12, 17),
(1066, 13, 17),
(1066, 14, 17),
(1066, 23, 17),
(1067, 12, 17),
(1067, 13, 17),
(1067, 14, 17),
(1067, 23, 17),
(1068, 12, 17),
(1068, 13, 17),
(1068, 14, 17),
(1068, 23, 17),
(1114, 12, 17),
(1114, 13, 17),
(1114, 14, 17),
(1114, 23, 17),
(1115, 12, 17),
(1115, 13, 17),
(1115, 14, 17),
(1115, 23, 17),
(1116, 12, 17),
(1116, 13, 17),
(1116, 14, 17),
(1116, 23, 17),
(1117, 12, 17),
(1117, 13, 17),
(1117, 14, 17),
(1117, 23, 17),
(1118, 12, 17),
(1118, 13, 17),
(1118, 14, 17),
(1118, 23, 17),
(1119, 12, 17),
(1119, 13, 17),
(1119, 14, 17),
(1119, 23, 17),
(1120, 12, 17),
(1120, 13, 17),
(1120, 14, 17),
(1120, 23, 17),
(1121, 12, 17),
(1121, 13, 17),
(1121, 14, 17),
(1121, 23, 17),
(1122, 12, 17),
(1122, 13, 17),
(1122, 14, 17),
(1122, 23, 17),
(1123, 12, 17),
(1123, 13, 17),
(1123, 14, 17),
(1123, 23, 17),
(1125, 12, 17),
(1125, 13, 17),
(1125, 14, 17),
(1125, 23, 17),
(1126, 12, 17),
(1126, 13, 17),
(1126, 14, 17),
(1126, 23, 17),
(1127, 12, 17),
(1127, 13, 17),
(1127, 14, 17),
(1127, 23, 17),
(1128, 12, 17),
(1128, 13, 17),
(1128, 14, 17),
(1128, 23, 17),
(1129, 12, 17),
(1129, 13, 17),
(1129, 14, 17),
(1129, 23, 17),
(1130, 12, 17),
(1130, 13, 17),
(1130, 14, 17),
(1130, 23, 17),
(1132, 12, 17),
(1132, 13, 17),
(1132, 14, 17),
(1132, 23, 17),
(1133, 12, 17),
(1133, 13, 17),
(1133, 14, 17),
(1133, 23, 17),
(1134, 12, 17),
(1134, 13, 17),
(1134, 14, 17),
(1134, 23, 17),
(1135, 12, 17),
(1135, 13, 17),
(1135, 14, 17),
(1135, 23, 17),
(1136, 12, 17),
(1136, 13, 17),
(1136, 14, 17),
(1136, 23, 17),
(1137, 12, 17),
(1137, 13, 17),
(1137, 14, 17),
(1137, 23, 17),
(1138, 12, 17),
(1138, 13, 17),
(1138, 14, 17),
(1138, 23, 17),
(1139, 12, 17),
(1139, 13, 17),
(1139, 14, 17),
(1139, 23, 17),
(1141, 12, 17),
(1141, 13, 17),
(1141, 14, 17),
(1141, 23, 17),
(1142, 12, 17),
(1142, 13, 17),
(1142, 14, 17),
(1142, 23, 17),
(1143, 12, 17),
(1143, 13, 17),
(1143, 14, 17),
(1143, 23, 17),
(1144, 12, 17),
(1144, 13, 17),
(1144, 14, 17),
(1144, 23, 17),
(1145, 12, 17),
(1145, 13, 17),
(1145, 14, 17),
(1145, 23, 17),
(1146, 12, 17),
(1146, 13, 17),
(1146, 14, 17),
(1146, 23, 17),
(1148, 12, 17),
(1148, 13, 17),
(1148, 14, 17),
(1148, 23, 17),
(1149, 12, 17),
(1149, 13, 17),
(1149, 14, 17),
(1149, 23, 17),
(1150, 12, 17),
(1150, 13, 17),
(1150, 14, 17),
(1150, 23, 17),
(1151, 12, 17),
(1151, 13, 17),
(1151, 14, 17),
(1151, 23, 17),
(1152, 12, 17),
(1152, 13, 17),
(1152, 14, 17),
(1152, 23, 17),
(1153, 12, 17),
(1153, 13, 17),
(1153, 14, 17),
(1153, 23, 17),
(611, 15, 18),
(613, 15, 18),
(614, 15, 18),
(616, 15, 18),
(618, 15, 18),
(620, 15, 18),
(622, 15, 18),
(624, 15, 18),
(626, 15, 18),
(628, 15, 18),
(630, 15, 18),
(632, 15, 18),
(634, 15, 18),
(636, 15, 18),
(638, 15, 18),
(640, 15, 18),
(642, 15, 18),
(644, 15, 18),
(646, 15, 18),
(648, 15, 18),
(650, 15, 18),
(652, 15, 18),
(654, 15, 18),
(656, 15, 18),
(658, 15, 18),
(660, 15, 18),
(662, 15, 18),
(664, 15, 18),
(666, 15, 18),
(668, 15, 18),
(670, 15, 18),
(672, 15, 18),
(674, 15, 18),
(676, 15, 18),
(678, 15, 18),
(680, 15, 18),
(682, 15, 18),
(684, 15, 18),
(686, 15, 18),
(688, 15, 18),
(690, 15, 18),
(692, 15, 18),
(694, 15, 18),
(696, 15, 18),
(698, 15, 18),
(700, 15, 18),
(702, 15, 18),
(704, 15, 18),
(706, 15, 18),
(708, 15, 18),
(710, 15, 18),
(712, 15, 18),
(714, 15, 18),
(716, 15, 18),
(718, 15, 18),
(720, 15, 18),
(722, 15, 18),
(724, 15, 18),
(726, 15, 18),
(728, 15, 18),
(729, 15, 18),
(730, 15, 18),
(732, 15, 18),
(734, 15, 18),
(736, 15, 18),
(738, 15, 18),
(740, 15, 18),
(742, 15, 18),
(743, 15, 18),
(745, 15, 18),
(747, 15, 18),
(748, 15, 18),
(750, 15, 18),
(752, 15, 18),
(754, 15, 18),
(756, 15, 18),
(758, 15, 18),
(760, 15, 18),
(762, 15, 18),
(763, 15, 18),
(765, 15, 18),
(767, 15, 18),
(769, 15, 18),
(772, 15, 18),
(774, 15, 18),
(776, 15, 18),
(778, 15, 18),
(780, 15, 18),
(782, 15, 18),
(783, 15, 18),
(785, 15, 18),
(787, 15, 18),
(789, 15, 18),
(791, 15, 18),
(793, 15, 18),
(796, 15, 18),
(797, 15, 18),
(798, 15, 18),
(799, 15, 18),
(800, 15, 18),
(801, 15, 18),
(802, 15, 18),
(803, 15, 18),
(804, 15, 18),
(805, 15, 18),
(806, 15, 18),
(807, 15, 18),
(808, 15, 18),
(809, 15, 18),
(810, 15, 18),
(811, 15, 18),
(812, 15, 18),
(813, 15, 18),
(815, 15, 18),
(817, 15, 18),
(819, 15, 18),
(821, 15, 18),
(823, 15, 18),
(825, 15, 18),
(827, 15, 18),
(829, 15, 18),
(831, 15, 18),
(833, 15, 18),
(836, 15, 18),
(837, 15, 18),
(838, 15, 18),
(840, 15, 18),
(841, 15, 18),
(842, 15, 18),
(843, 15, 18),
(845, 15, 18),
(847, 15, 18),
(849, 15, 18),
(851, 15, 18),
(853, 15, 18),
(855, 15, 18),
(856, 15, 18),
(857, 15, 18),
(859, 15, 18),
(860, 15, 18),
(862, 15, 18),
(863, 15, 18),
(865, 15, 18),
(866, 15, 18),
(867, 15, 18),
(1042, 15, 18),
(1043, 15, 18),
(1044, 15, 18),
(1045, 15, 18),
(1046, 15, 18),
(1047, 15, 18),
(1048, 15, 18),
(1049, 15, 18),
(1050, 15, 18),
(1051, 15, 18),
(1052, 15, 18),
(1054, 15, 18),
(1055, 15, 18),
(1057, 15, 18),
(1059, 15, 18),
(1061, 15, 18),
(1062, 15, 18),
(1064, 15, 18),
(1066, 15, 18),
(1067, 15, 18),
(1068, 15, 18),
(1114, 15, 18),
(1115, 15, 18),
(1116, 15, 18),
(1117, 15, 18),
(1118, 15, 18),
(1119, 15, 18),
(1120, 15, 18),
(1121, 15, 18),
(1122, 15, 18),
(1123, 15, 18),
(1125, 15, 18),
(1126, 15, 18),
(1127, 15, 18),
(1128, 15, 18),
(1129, 15, 18),
(1130, 15, 18),
(1132, 15, 18),
(1133, 15, 18),
(1134, 15, 18),
(1135, 15, 18),
(1136, 15, 18),
(1137, 15, 18),
(1138, 15, 18),
(1139, 15, 18),
(1141, 15, 18),
(1142, 15, 18),
(1143, 15, 18),
(1144, 15, 18),
(1145, 15, 18),
(1146, 15, 18),
(1148, 15, 18),
(1149, 15, 18),
(1150, 15, 18),
(1151, 15, 18),
(1152, 15, 18),
(1153, 15, 18),
(611, 482, 39),
(613, 484, 39),
(614, 485, 39),
(616, 487, 39),
(618, 489, 39),
(620, 491, 39),
(622, 493, 39),
(624, 495, 39),
(626, 497, 39),
(628, 499, 39),
(630, 501, 39),
(632, 503, 39),
(634, 505, 39),
(636, 507, 39),
(638, 509, 39),
(640, 511, 39),
(642, 513, 39),
(644, 515, 39),
(646, 517, 39),
(648, 519, 39),
(650, 521, 39),
(652, 523, 39),
(654, 525, 39),
(656, 527, 39),
(658, 529, 39),
(660, 531, 39),
(662, 533, 39),
(664, 535, 39),
(666, 537, 39),
(668, 539, 39),
(670, 541, 39),
(672, 543, 39),
(674, 545, 39),
(676, 547, 39),
(678, 549, 39),
(680, 551, 39),
(682, 553, 39),
(684, 555, 39),
(686, 557, 39),
(688, 559, 39),
(690, 561, 39),
(692, 563, 39),
(694, 565, 39),
(696, 567, 39),
(698, 569, 39),
(700, 571, 39),
(702, 573, 39),
(704, 575, 39),
(706, 577, 39),
(708, 579, 39),
(710, 581, 39),
(712, 583, 39),
(714, 585, 39),
(716, 587, 39),
(718, 589, 39),
(720, 591, 39),
(722, 593, 39),
(724, 595, 39),
(726, 597, 39),
(728, 599, 39),
(729, 600, 39),
(730, 601, 39),
(732, 603, 39),
(734, 605, 39),
(736, 607, 39),
(738, 609, 39),
(740, 611, 39),
(742, 613, 39),
(743, 614, 39),
(745, 616, 39),
(747, 618, 39),
(748, 619, 39),
(750, 621, 39),
(752, 623, 39),
(754, 625, 39),
(756, 627, 39),
(758, 629, 39),
(760, 631, 39),
(762, 633, 39),
(763, 634, 39),
(765, 636, 39),
(767, 638, 39),
(769, 640, 39),
(772, 642, 39),
(774, 644, 39),
(776, 646, 39),
(778, 648, 39),
(780, 650, 39),
(782, 652, 39),
(783, 653, 39),
(785, 655, 39),
(787, 657, 39),
(789, 659, 39),
(791, 661, 39),
(793, 663, 39),
(796, 665, 39),
(797, 666, 39),
(798, 667, 39),
(799, 668, 39),
(800, 669, 39),
(801, 670, 39),
(802, 671, 39),
(803, 672, 39),
(804, 673, 39),
(805, 674, 39),
(806, 675, 39),
(807, 676, 39),
(808, 677, 39),
(809, 678, 39),
(810, 679, 39),
(811, 680, 39),
(812, 681, 39),
(813, 682, 39),
(815, 683, 39),
(817, 685, 39),
(819, 687, 39),
(821, 689, 39),
(823, 691, 39),
(825, 693, 39),
(827, 695, 39),
(829, 697, 39),
(831, 699, 39),
(833, 701, 39),
(836, 703, 39),
(837, 704, 39),
(838, 705, 39),
(840, 707, 39),
(841, 708, 39),
(842, 709, 39),
(843, 710, 39),
(845, 712, 39),
(847, 714, 39),
(849, 716, 39),
(851, 718, 39),
(853, 720, 39),
(855, 722, 39),
(856, 723, 39),
(857, 724, 39),
(859, 726, 39),
(860, 727, 39),
(862, 729, 39),
(863, 730, 39),
(865, 732, 39),
(866, 733, 39),
(867, 734, 39),
(881, 737, 39),
(883, 739, 39),
(885, 741, 39),
(887, 743, 39),
(889, 745, 39),
(891, 747, 39),
(893, 749, 39),
(895, 751, 39),
(896, 752, 39),
(897, 753, 39),
(898, 754, 39),
(899, 755, 39),
(900, 756, 39),
(901, 757, 39),
(902, 758, 39),
(903, 759, 39),
(904, 760, 39),
(905, 761, 39),
(906, 762, 39),
(908, 764, 39),
(910, 766, 39),
(912, 768, 39),
(914, 771, 39),
(916, 773, 39),
(918, 775, 39),
(920, 777, 39),
(922, 779, 39),
(924, 781, 39),
(926, 783, 39),
(928, 785, 39),
(930, 787, 39),
(932, 789, 39),
(934, 800, 39),
(936, 802, 39),
(937, 803, 39),
(938, 804, 39),
(939, 805, 39),
(940, 806, 39),
(941, 807, 39),
(942, 808, 39),
(943, 809, 39),
(944, 810, 39),
(945, 811, 39),
(947, 813, 39),
(949, 815, 39),
(951, 817, 39),
(953, 819, 39),
(955, 821, 39),
(957, 823, 39),
(959, 825, 39),
(961, 827, 39),
(962, 828, 39),
(963, 829, 39),
(964, 830, 39),
(965, 831, 39),
(966, 832, 39),
(967, 833, 39),
(968, 834, 39),
(969, 835, 39),
(970, 836, 39),
(971, 837, 39),
(972, 838, 39),
(973, 839, 39),
(975, 841, 39),
(977, 843, 39),
(979, 845, 39),
(981, 847, 39),
(983, 849, 39),
(985, 851, 39),
(987, 853, 39),
(989, 855, 39),
(991, 857, 39),
(993, 859, 39),
(995, 861, 39),
(997, 863, 39),
(999, 865, 39),
(1001, 867, 39),
(1003, 869, 39),
(1005, 871, 39),
(1007, 873, 39),
(1009, 875, 39),
(1011, 877, 39),
(1013, 879, 39),
(1015, 881, 39),
(1017, 883, 39),
(1019, 885, 39),
(1021, 887, 39),
(1023, 889, 39),
(1042, 903, 39),
(1043, 904, 39),
(1044, 905, 39),
(1045, 906, 39),
(1046, 907, 39),
(1047, 908, 39),
(1048, 909, 39),
(1049, 910, 39),
(1050, 911, 39),
(1051, 912, 39),
(1052, 913, 39),
(1054, 915, 39),
(1055, 916, 39),
(1057, 918, 39),
(1059, 920, 39),
(1061, 922, 39),
(1062, 923, 39),
(1064, 925, 39),
(1066, 927, 39),
(1067, 928, 39),
(1068, 929, 39),
(1114, 971, 39),
(1115, 972, 39),
(1116, 973, 39),
(1117, 974, 39),
(1118, 975, 39),
(1119, 976, 39),
(1120, 977, 39),
(1121, 978, 39),
(1122, 979, 39),
(1123, 980, 39),
(1125, 981, 39),
(1126, 982, 39),
(1127, 983, 39),
(1128, 984, 39),
(1129, 985, 39),
(1130, 986, 39),
(1132, 987, 39),
(1133, 988, 39),
(1134, 989, 39),
(1135, 990, 39),
(1136, 991, 39),
(1137, 992, 39),
(1138, 993, 39),
(1139, 994, 39),
(1141, 995, 39),
(1142, 996, 39),
(1143, 997, 39),
(1144, 998, 39),
(1145, 999, 39),
(1146, 1000, 39),
(1148, 1001, 39),
(1149, 1002, 39),
(1150, 1003, 39),
(1151, 1004, 39),
(1152, 1005, 39),
(1153, 1006, 39);

-- --------------------------------------------------------

--
-- Структура таблицы `magazine_sales`
--

CREATE TABLE `magazine_sales` (
  `sale_id` int(10) UNSIGNED NOT NULL,
  `product_id` int(10) UNSIGNED NOT NULL,
  `price_history_id` int(10) UNSIGNED NOT NULL,
  `quantity` smallint(6) NOT NULL
) ENGINE=InnoDB DEFAULT CHARSET=utf8mb4 COLLATE=utf8mb4_unicode_ci;

--
-- Дамп данных таблицы `magazine_sales`
--

INSERT INTO `magazine_sales` (`sale_id`, `product_id`, `price_history_id`, `quantity`) VALUES
(7, 12, 26, 6),
(7, 15, 29, 7),
(8, 12, 26, 6),
(8, 15, 29, 7),
(9, 12, 26, 6),
(9, 15, 29, 7),
(10, 12, 26, 6),
(10, 15, 29, 7),
(11, 12, 26, 11),
(11, 15, 29, 14),
(12, 13, 27, 4),
(12, 15, 29, 7),
(13, 13, 27, 4),
(13, 15, 29, 7),
(14, 13, 27, 4),
(14, 15, 29, 7),
(14, 481, 497, 21),
(14, 759, 926, 28),
(15, 13, 27, 4),
(15, 15, 29, 7),
(15, 481, 497, 21),
(15, 759, 926, 28),
(16, 13, 27, 4),
(16, 15, 29, 7),
(16, 481, 497, 21),
(16, 759, 926, 28),
(17, 756, 923, 16),
(18, 13, 27, 4),
(18, 899, 1067, 19),
(18, 908, 1077, 38),
(19, 12, 26, 5),
(19, 15, 29, 7),
(19, 914, 1083, 21),
(19, 915, 1084, 21),
(20, 15, 29, 4),
(20, 23, 38, 3),
(20, 481, 497, 13),
(20, 674, 834, 23),
(21, 13, 27, 2),
(21, 15, 29, 4),
(21, 785, 953, 12),
(21, 786, 954, 13),
(22, 14, 28, 17),
(22, 15, 29, 8),
(22, 604, 764, 69),
(22, 666, 826, 126),
(23, 12, 26, 6),
(23, 15, 29, 7),
(23, 487, 647, 28),
(23, 488, 1105, 20),
(24, 745, 912, 13),
(25, 15, 29, 4),
(25, 23, 38, 3),
(25, 527, 687, 17),
(25, 528, 1105, 13),
(26, 879, 1047, 32),
(26, 880, 1107, 27),
(26, 931, 1124, 4),
(27, 824, 1106, 33),
(27, 838, 1006, 33),
(27, 931, 1124, 5),
(28, 12, 26, 2),
(28, 15, 29, 2),
(28, 716, 876, 7),
(28, 717, 1105, 5),
(29, 12, 26, 2),
(29, 15, 29, 2),
(29, 716, 876, 7),
(29, 717, 1105, 5),
(30, 12, 26, 2),
(30, 15, 29, 2),
(30, 716, 876, 7),
(30, 717, 1105, 5),
(31, 12, 26, 1),
(31, 15, 29, 2),
(31, 913, 1115, 6),
(31, 914, 1108, 5),
(32, 14, 28, 1),
(32, 15, 29, 2),
(32, 663, 823, 6),
(32, 664, 1105, 5),
(33, 13, 27, 6),
(33, 15, 29, 11),
(33, 519, 1126, 47),
(34, 12, 26, 5),
(34, 15, 29, 7),
(34, 716, 876, 34),
(34, 717, 1105, 21),
(35, 23, 1170, 1),
(35, 487, 1125, 22),
(36, 517, 1126, 13),
(37, 527, 687, 1),
(38, 12, 26, 16),
(38, 533, 693, 98),
(39, 527, 687, 1),
(40, 529, 689, 1),
(41, 549, 709, 1),
(42, 527, 687, 2),
(43, 13, 1168, 4),
(43, 920, 1118, 29),
(43, 921, 1108, 19);

-- --------------------------------------------------------

--
-- Структура таблицы `menu_categories`
--

CREATE TABLE `menu_categories` (
  `id` int(10) UNSIGNED NOT NULL,
  `title` varchar(100) COLLATE utf8mb4_unicode_ci NOT NULL,
  `link` varchar(255) COLLATE utf8mb4_unicode_ci NOT NULL,
  `parent_id` int(11) NOT NULL,
  `sort` int(11) DEFAULT NULL
) ENGINE=InnoDB DEFAULT CHARSET=utf8mb4 COLLATE=utf8mb4_unicode_ci;

-- --------------------------------------------------------

--
-- Структура таблицы `menu_images`
--

CREATE TABLE `menu_images` (
  `name` varchar(100) COLLATE utf8mb4_unicode_ci NOT NULL,
  `menu_category_id` int(10) UNSIGNED NOT NULL
) ENGINE=InnoDB DEFAULT CHARSET=utf8mb4 COLLATE=utf8mb4_unicode_ci;

-- --------------------------------------------------------

--
-- Структура таблицы `menu_items`
--

CREATE TABLE `menu_items` (
  `id` int(10) UNSIGNED NOT NULL,
  `parent_id` int(10) UNSIGNED DEFAULT NULL,
  `name` varchar(255) COLLATE utf8mb4_unicode_ci NOT NULL,
  `sort_order` tinyint(4) NOT NULL DEFAULT 0,
  `page_id` int(10) UNSIGNED NOT NULL,
  `menu_number` int(11) DEFAULT NULL
) ENGINE=InnoDB DEFAULT CHARSET=utf8mb4 COLLATE=utf8mb4_unicode_ci;

--
-- Дамп данных таблицы `menu_items`
--

INSERT INTO `menu_items` (`id`, `parent_id`, `name`, `sort_order`, `page_id`, `menu_number`) VALUES
(1, NULL, 'Ламинат', 6, 1, 2),
(2, NULL, 'Главная', 0, 17, 1),
(3, NULL, 'Укладка/гарантии', 1, 27, 1),
(4, NULL, 'Оплата', 2, 26, 1),
(5, NULL, 'Доставка', 3, 25, 1),
(6, NULL, 'Возврат', 4, 28, 1),
(7, NULL, 'Контакты', 5, 24, 1),
(9, NULL, 'Винил', 7, 868, 2),
(10, NULL, 'Паркетная доска', 8, 1025, 2),
(11, NULL, 'Подложка', 9, 32, 2),
(12, NULL, 'Клей', 10, 1073, 2);

-- --------------------------------------------------------

--
-- Структура таблицы `migrations`
--

CREATE TABLE `migrations` (
  `id` int(10) UNSIGNED NOT NULL,
  `migration` varchar(255) COLLATE utf8mb4_unicode_ci NOT NULL,
  `batch` int(11) NOT NULL
) ENGINE=InnoDB DEFAULT CHARSET=utf8mb4 COLLATE=utf8mb4_unicode_ci;

--
-- Дамп данных таблицы `migrations`
--

INSERT INTO `migrations` (`id`, `migration`, `batch`) VALUES
(1, '2014_10_12_000000_create_users_table', 1),
(2, '2014_10_12_100000_create_password_resets_table', 1),
(3, '2019_09_01_160807_create_pages_table', 1),
(4, '2019_09_02_124901_create_menu_categories_table', 1),
(5, '2019_09_02_160246_create_units_table', 1),
(6, '2019_09_02_160247_create_categories_table', 1),
(7, '2019_09_02_160248_create_products_table', 1),
(8, '2019_09_03_205225_create_product_views_table', 1),
(9, '2019_09_08_211626_create_page_views_table', 1),
(10, '2019_09_09_190517_create_product_images_table', 1),
(11, '2019_09_09_213439_create_price_histories_table', 1),
(12, '2019_09_09_213440_create_prices_table', 1),
(13, '2019_09_10_214428_create_products_views_table', 1),
(14, '2019_09_11_134432_create_customers_table', 1),
(15, '2019_09_11_140714_create_sales_table', 1),
(16, '2019_09_11_142145_create_magazine_sales_table', 1),
(17, '2019_09_30_224310_create_roles_table', 1),
(18, '2019_09_30_224636_create_user_roles_table', 1),
(19, '2019_10_28_021138_create_routes_table', 1),
(20, '2019_10_28_022005_create_page_routes_table', 1),
(21, '2019_10_28_202428_create_page_parameters_table', 1),
(22, '2019_11_01_011118_create_drafts_table', 1),
(23, '2019_11_05_200901_create_product_stocks_table', 1),
(24, '2019_11_17_212447_create_menu_images_table', 1),
(25, '2019_11_17_221232_create_categories_views_table', 1),
(26, '2019_11_18_012828_create_category_images_table', 1),
(27, '2019_11_23_015831_create_top_menu_categories_table', 1),
(28, '2020_01_13_061312_create_product_groups_table', 1),
(29, '2020_01_13_061501_create_group_products_table', 1),
(30, '2020_01_13_063145_create_product_group_views_table', 1),
(31, '2020_01_24_103210_create_purchased_bundles_table', 1),
(32, '2020_01_24_103211_create_purchased_products_table', 1),
(33, '2020_02_10_194635_create_product_group_images_table', 1),
(34, '2020_05_23_015303_create_menu_items_table', 1),
(35, '2020_08_21_170810_create_characteristics_table', 2),
(36, '2020_08_21_171357_create_product_characteristics_table', 2),
(37, '2020_08_27_173145_create_services_table', 3),
(38, '2020_08_27_175812_create_service_price_histories_table', 4),
(39, '2020_08_27_175853_create_service_prices_table', 4),
(40, '2020_09_14_183653_create_category_characteristics_table', 5),
(41, '2020_09_15_123020_create_category_prices_table', 6),
(42, '2020_09_18_223435_create_category_services_table', 7),
(43, '2020_09_20_021302_create_service_magazine_sales_table', 8),
(44, '2020_09_25_153240_create_service_units_table', 8),
(45, '2020_09_25_153702_create_service_characteristics_table', 8),
(46, '2020_09_26_225602_create_plinth_views_table', 9),
(47, '2020_09_27_113907_create_laminate_views_table', 10),
(48, '2019_09_02_160248_create_statuses_table', 1),
(49, '2020_09_25_153240_create_sale_statuses_table', 1),
(50, '2021_01_20_144404_create_floors_views_table', 11),
(51, '2021_03_19_162525_create_promotional_products_table', 11);

-- --------------------------------------------------------

--
-- Структура таблицы `pages`
--

CREATE TABLE `pages` (
  `id` int(10) UNSIGNED NOT NULL,
  `uri` varchar(255) CHARACTER SET cp1251 NOT NULL,
  `title` varchar(300) COLLATE utf8mb4_unicode_ci NOT NULL,
  `description` varchar(300) COLLATE utf8mb4_unicode_ci DEFAULT NULL,
  `content` text COLLATE utf8mb4_unicode_ci DEFAULT NULL,
  `published` tinyint(1) NOT NULL,
  `created_at` timestamp NULL DEFAULT NULL,
  `updated_at` timestamp NULL DEFAULT NULL
) ENGINE=InnoDB DEFAULT CHARSET=utf8mb4 COLLATE=utf8mb4_unicode_ci;

--
-- Дамп данных таблицы `pages`
--

INSERT INTO `pages` (`id`, `uri`, `title`, `description`, `content`, `published`, `created_at`, `updated_at`) VALUES
(1, 'laminat', 'Ламинат', NULL, '<p><br></p>', 1, '2020-08-19 14:44:47', '2020-08-19 14:44:47'),
(17, '', 'Quick Step | Ламинат | Винил | Паркет', 'Ламинат, винил, паркет в фирменном магазине напольных покрытий от Quick-Step. Высокое качество. Оперативная доставка. Выставка на Бабушкина 2.', '<h1>Добро пожаловать в фирменный магазин напольных покрытий от Quick-Step</h1>\r\n<p>Напольные покрытия от Quick-Step начиная с 1990 года кардинально изменили мир напольных покрытий.</p>\r\n<p>Uniclic &ndash; знаменитый замок, сенсационное изобретение, волшебство вдавленной фаски, повторяющей естественную красоту натуральной древесины, уникальная технология направления пор дерева, добавляющая вспышки ослепительного цвета &ndash; это всё и многое другое Quick-Step.</p>\r\n<p>Совершенствуя свою продукцию каждый год, напольные покрытия от Quick-Step позволяют Вам сделать свой выбор согласно запросам сегодняшнего дня.</p>\r\n<p style=\"text-align: center;\"><img data-name=\"show\" src=\"../../images/products/mini/quick-step.jpg\" alt=\"\" width=\"326\" height=\"220\" /><img data-name=\"show\" src=\"../../../images/products/mini/quick-step-2.jpg\" alt=\"\" width=\"165\" height=\"220\" /><img data-name=\"show\" src=\"../../images/products/mini/quick-step-3.jpg\" alt=\"\" width=\"165\" height=\"220\" /><img data-name=\"show\" src=\"../../../images/products/mini/quick-step-4.jpg\" alt=\"\" width=\"165\" height=\"220\" /><img data-name=\"show\" src=\"../../../images/products/mini/quick-step-5.jpg\" alt=\"\" width=\"293\" height=\"220\" /></p>\r\n<p>Добро пожаловать в магазин напольных покрытий от Quick-Step на Бабушкина 2.</p>', 1, '2020-08-29 19:56:15', '2020-08-29 19:56:15'),
(24, 'kontakty', 'Контакты', NULL, '<p><br data-mce-bogus=\"1\"></p>', 1, '2020-08-30 19:23:09', '2020-08-30 19:23:09'),
(25, 'dostavka', 'Доставка', NULL, '<h1>ДОСТАВКА</h1>\n<h4>Доставка:</h4>\n<ul>\n<li>По Санкт-Петербургу, в пределах КАД, стоимость доставки до подъезда составляет&nbsp;850руб.;</li>\n<li>Стоимость доставки товара в пригород&nbsp;Санкт-Петербурга до 15 км от КАД:&nbsp;1100 руб.;</li>\n<li>Возможен&nbsp;самовывоз&nbsp;товара из магазина&nbsp;по адресу&nbsp;СПб ,&nbsp;ул. Бабушкина&nbsp;2;</li>\n<li>Доставка производится&nbsp;с 10:00 до 20:00 в будние дни. При согласовании возможна доставка и в выходные дни;</li>\n<li>Стоимость доставки в&nbsp;определённый интервал времени&nbsp;1000 рублей;</li>\n<li>Доставка&nbsp;в любой регион РФ&nbsp;осуществляется&nbsp;с помощью транспортной компании, выбранной клиентом. Доставка до транспортной компании и оформление документов 850 р.</li>\n</ul>\n<div align=\"center\"><hr align=\"center\" size=\"1\" width=\"100%\" /></div>\n<h4>Подъём:</h4>\n<p>По подъёму товара до квартиры , предлагаем следующие условия.</p>\n<ul>\n<li>Ламинат, ПВХ плитка, пробковое покрытие &ndash; 1 уп. 30 руб./эт. (при наличии лифта 1 уп. &ndash; 50 руб. до квартиры);</li>\n<li>Паркетная, массивная, инженерная доска, ламинат имеющий массу пачки от 20-25 килограмм&nbsp;&ndash; 1 уп. 60 руб./эт. (при наличии лифта 1 уп. &ndash; 80 руб. до квартиры);</li>\n<li>Нестандартные случаи подъёма, рассчитываются индивидуально</li>\n</ul>', 1, '2020-08-30 19:25:36', '2020-10-29 08:15:29'),
(26, 'oplata', 'Оплата', NULL, '<h1>ОПЛАТА</h1>\n<p>В нашем магазине доступны следующие варианты оплаты товара:</p>\n<h4>Наличными при доставке товара.</h4>\n<p>Водитель , &nbsp;с вашим заказом &nbsp;прибудет по указанному адресу. После проверки товара Вы можете оплатить сумму заказа наличными.</p>\n<h4>Банковской картой</h4>\n<p>Вы можете оплатить заказ банковской картой в нашем магазине при самовывозе товара. Вы можете оплатить товар банковской картой при получении товара на адресе , заранее оговорить данный способ оплаты с менеджером.</p>\n<h4>Наличными в магазине</h4>\n<p>Вы можете оплатить заказ наличными в наших магазинах при самовывозе товара.</p>\n<h4>Безналичный расчёт</h4>\n<p>Оплата по безналичному расчёту доступна для юридических и физических лиц. При оформлении заказа укажите реквизиты для выставления счёта.</p>\n<p style=\"text-align: center;\"><strong>Online оплата банковскими картами осуществляется через ОАО &laquo;Сбербанк&raquo;. К оплате принимаются карты VISA, MasterCard, Maestro, Мир.</strong></p>', 1, '2020-08-30 19:27:55', '2020-10-29 08:25:43'),
(27, 'ukladka-garantii', 'Укладка/гарантии', NULL, '<h2 align=\"center\">ПРАВИЛА МОНТАЖА</h2>\n<p>1. Перед укладкой обеспечить хранение ламинированных напольных покрытий в горизонтальном положении, в упаковке, в течение 48 часов при комнатной температуре (не менее +18&deg;C) и влажности воздуха не более 70%.</p>\n<p>2. Основа под ламинированные напольные покрытия должна быть сухой, чистой и выровненной (неровности не могут превышать 3 мм на 1 пог. м пола). На подготовленную подобным образом основу следует уложить пароизоляционную пленку (внахлест) и склеить влагоустойчивой лентой. Затем укладываем встык подкладочную подложку.</p>\n<p>3. Каждая напольная панель должна быть проверена (до и в процессе монтажа) с точки зрения наличия возможных повреждений, заметных невооруженным глазом недостатков (разница в цвете, в размерах и т.п.). В случае укладки полов с недостатками производитель не будет рассматривать гарантийных претензий.</p>\n<p>4. Ламинированные напольные покрытия образуют так называемый &laquo;плавающий&raquo; пол. Поэтому их нельзя приклеивать, прибивать или крепить другим способом к стене или полу.</p>\n<p>5. Между полом и всеми стационарными элементами, перпендикулярными к нему (колонны, дверные пороги, трубы, стены и т.п.) следует оставить 10 мм зазора, так называемые расширительные швы, поскольку ламинированные напольные покрытия под воздействием колебаний температуры и уровня влажности расширяются или сжимаются. Для этого в процессе монтажа следует использовать дистанционные клинья.</p>\n<p>6. При длине помещения более 8 м и ширине более 6 м рекомендуется оставить расширительные зазоры шириной 2-3 см на пропорциональных отрезках пола.</p>\n<p>7. Для достижения оптимального визуального эффекта ламинированные напольные покрытия следует укладывать продольно по отношению к основному источнику света.</p>\n<p>Для укладки ламинированных напольных покрытий необходимы следующие инструменты и материалы:</p>\n<p>&nbsp;&nbsp;&nbsp;&nbsp;&nbsp;&nbsp;&nbsp;&nbsp; пароизоляционная пленка</p>\n<p>&nbsp;&nbsp;&nbsp;&nbsp;&nbsp;&nbsp;&nbsp;&nbsp; подкладочная подложка, предназначенная для использования под &laquo;плавающие&raquo; полы</p>\n<p>&nbsp;&nbsp;&nbsp;&nbsp;&nbsp;&nbsp;&nbsp;&nbsp; пила с мелкими зубьями</p>\n<p>&nbsp;&nbsp;&nbsp;&nbsp;&nbsp;&nbsp;&nbsp;&nbsp; карандаш, линейка, метр</p>\n<p>&nbsp;&nbsp;&nbsp;&nbsp;&nbsp;&nbsp;&nbsp;&nbsp; напольные плинтуса (с монтажными зажимами)</p>\n<p>&nbsp;&nbsp;&nbsp;&nbsp;&nbsp;&nbsp;&nbsp;&nbsp; Укладка на полах с подогревом<br />&nbsp;&nbsp;&nbsp;&nbsp;&nbsp;&nbsp;&nbsp;&nbsp; Ламинированные напольные покрытия можно использовать для полов с подогревом.</p>\n<p>Допускается укладка полов на водяном половом подогреве при условии, что подогрев применяется по всей поверхности пола. Стяжка над тепловыми проводами должна иметь толщину около 2 см.</p>\n<p>Применение бетонной стяжки связано с необходимостью обеспечения равномерного распределения температуры, возможностью ее постепенного повышения и поддержания. Учитывая большее пересыхание пола в отопительный сезон и связанные с этим изменения в размерах, особое внимание следует обратить на правильный монтаж полов и сохранение расширительных зазоров.</p>\n<p>Дополнительные действия во время укладки на полах с подогревом:</p>\n<p>1. Стяжка должна быть выполнена в соответствии с рекомендациями производителя.</p>\n<p>2. Стяжка в обязательном порядке должна быть прогрета перед укладкой пола, чтобы предотвратить проступание влаги в последующий период. Эту процедуру следует выполнить, невзирая на время года.</p>\n<p>3. В случае с цементным бетоном прогревание можно начинать через 3 недели.</p>\n<p>4. Температуру следует каждый день повышать на 5&deg;C, вплоть до достижения максимальной температуры.</p>\n<p>5. Обогрев следует установить на максимальную производительность, не снижая температуру в течение 72 часов. По завершении этапа максимального обогрева следует постепенно снижать температуру ежедневно на 5&deg;C.</p>\n<p>6. Чтобы проверить, просохла ли стяжка, следует использовать кусочки пленки PE (50 x 50 см). Пленку следует разложить в нескольких местах на полу, а края плотно оклеить лентой. Укладку полов можно начинать только в том случае, если по прошествии 24 часов пленка не запарилась, а поверхность стяжки не изменила цвет. Если результат получился отрицательным, процесс осушения пола следует повторить.</p>\n<p>7. Обогрев следует отключить как минимум за 2 дня до укладки полов. Температура воздуха в процессе укладки должна составлять 18 &mdash; 22&deg;C. В случае значительного охлаждения помещения обогрев следует включать постепенно, повышая температуру на 5&deg;C ежедневно вплоть до достижения максимальной производительности. Это правило следует всегда соблюдать перед началом нового отопительного сезона.</p>\n<p>8. Температура поверхности ламинированного напольного покрытия не должна быть больше 28&deg;C. Во время отопительного сезона рекомендуется поддерживать температуру на уровне 2 0- 22&deg;C при влажности 50 &mdash; 70%.</p>\n<h2 align=\"center\">УСЛОВИЯ ГАРАНТИИ</h2>\n<p>Гарантии подлежат ламинированные напольные покрытия, уложенные согласно их предназначению и инструкции (инструкция монтажа находится на этикетке каждой пачки ламинированных напольных покрытий).</p>\n<p>Ламинированные напольные покрытия класса истирания AC4 можно монтировать в жилых помещениях с высокой степенью проходимости и в общественных помещениях со средней степенью проходимости.</p>\n<p>Ламинированные напольные покрытия класса истирания AC5 можно монтировать в жилых помещениях с высокой степенью проходимости и в общественных помещениях с высокой степенью проходимости.</p>\n<p>Ламинированные напольные покрытия перед монтажом необходимо складировать в помещении, в котором они будут монтироваться, минимум 48 часов.</p>\n<p>Полы необходимо монтировать согласно инструкции монтажа в закрытых помещениях, обогреваемых в зимний период до комнатной температуры.</p>\n<p>Для монтажа ламинированных напольных покрытий необходимо использовать исключительно рекомендованные производителем материалы и инструменты (сертифицированная пароизоляционная пленка, подкладочная пенка или другие подкладочные материалы, предназначенные для применения под плавающие полы, согласно инструкциям производителя этих товаров).</p>\n<p>После укладки полы необходимо предохранять со стороны входа, используя для этого соответственные половички и коврики, предотвращающие попадание песка и влаги на полы.</p>\n<p>Ламинированные напольные покрытия нельзя укладывать в помещениях, в которых уровень влажности превышает 70% (например, в ванных, саунах, и тд.).</p>\n<p>Ламинированные напольные покрытия устойчивы к истиранию колесиками кресел (стульев) только при применении резиновых колесиков. Использование кресел на пластмассовых или колесиках (роликах) без соответственных предохраняющих подкладок ускоряет износ полов, что ведет к утрате гарантии.</p>\n<p>На ножки стульев, столов и другой мебели рекомендуется приклеивать войлочные подкладки, которые временами необходимо чистить от скапливающегося в них песка и грязи. Загрязнение легко удалить при помощи влажной ткани. Ни в коем случае нельзя протирать полы мокрой тканью и лить на них воду, а также использовать для чистки полов детергенты и порошки.</p>\n<h2 align=\"center\">ВНИМАНИЕ!</h2>\n<p>Все ламинированные напольные покрытия необходимо проверять (перед и во время монтажа) на наличие возможного, бросающегося в глаза повреждения (различия в оттенках, размерах, степени блеска и тп.).</p>\n<p>Наша фирма &nbsp;не принимает претензий в случае укладки полов с браком несоответственного монтажа, применения, ухода, а также явной запущенности, ударов, механических повреждений, появившихся во время транспортировки или в результате непосредственного воздействия воды или высокой температуры. Просим сохранить образцы уложенных полов 1 шт. длиной 20 см, чтобы в случае рекламации не было необходимости снятия образцов с уже уложенных полов.</p>', 1, '2020-08-30 19:29:19', '2020-10-29 08:30:59'),
(28, 'vozvrat', 'Возврат', NULL, '<h1>Возврат</h1>\n<p>Согласно закону, &nbsp;потребитель имеет право вернуть продавцу не любой товар, а только тот, который не относится к продовольственным, и приобретен в целях, не имеющих отношения к коммерческой деятельности. Закон о защите прав потребителей описывает положения, касающиеся правил, условий и сроков возврата товара:</p>\n<ul>\n<li>Непродовольственных товаров надлежащего качества, то есть таких, которые не подошли покупателю по размеру, фасону, цветовой гамме, комплектации, форме и габаритам.</li>\n<li>Непродовольственных товаров ненадлежащего качества &ndash; товаров, имеющих производственные и иные дефекты и повреждения.</li>\n<li>Непродовольственных товаров, приобретенных дистанционным способом (по почте или в сети Интернет).</li>\n</ul>\n<h3>Возврат товара надлежащего качества</h3>\n<p>Товар надлежащего качества подлежит возврату в случаях, если потребитель не имеет претензий к качеству товара, но желает его вернуть по причине несоответствия характеристик, продавец имеет полное право не удовлетворять данное требование. Товар приемлемого качества можно заменить альтернативным товаром с нужными характеристиками. И только в том случае, если желаемого товара не имеется в продаже в момент обращения за обменом, покупатель вправе вернуть деньги .</p>\n<p>Обмен и возврат товаров надлежащего качества возможен при соблюдении следующих условий:</p>\n<ul>\n<li>целостность упаковки, наличие пломб, ярлыков;</li>\n<li>отсутствие признаков использования.</li>\n</ul>\n<h3>Перечень товаров, не подлежащих возврату</h3>\n<p>В данном случае не перечисляем весь спектр товаров , а только относящиеся к напольным покрытиям.</p>\n<p>&nbsp;&nbsp;&nbsp;&nbsp;&nbsp;4. Товары, отпускаемые &laquo;на метраж&raquo;: ткани и нетканые материалы (тесьма, кружево и прочее); кабельная продукция (шнуры, провода, кабели); строительные и отделочные материалы (пленка, линолеум, ковровые дорожки) , товары изготовленные и привезённые &nbsp;на заказ.</p>\n<h3>Возврат товара ненадлежащего качества</h3>\n<p>В случае обнаружения дефектов функциональности либо существенных повреждений в приобретённом товаре ненадлежащего качества, покупатель вправе потребовать возврат товара, согласно статье 18 Закона РФ &laquo;О защите прав потребителей&raquo;:</p>\n<ul>\n<li>заменить бракованный товар качественным альтернативным товаром той же фирмы или модели;</li>\n<li>заменить товаром другого производителя с перерасчетом стоимости;</li>\n<li>уменьшить цену в соответствии с имеющимся дефектом;</li>\n<li>бесплатно устранить недостатки или возместить расходы на их устранение потребителем;</li>\n<li>расторгнуть договор купли-продажи и вернуть стоимость товара в полном объеме.<br /><br /></li>\n</ul>\n<div>\n<h3>Возврат товара в течение 14 дней</h3>\n</div>\n<p>Согласно закону о защите прав потребителей, покупатель вправе обменять (вернуть) товары нормального качества в течение 14 дней, без учета дня покупки.</p>\n<div>\n<h3>Заявление на возврат товара</h3>\n</div>\n<p>Чтобы вернуть товар, необходимо написать заявление в свободной форме, но обязательно должно включать:</p>\n<ol>\n<li>ФИО, адрес, контактные данные потребителя;</li>\n<li>Наименование товара в соответствии с паспортом товара;</li>\n<li>Подробное обоснование причин возврата товара;</li>\n<li>Просьбу о возврате стоимости товара;</li>\n<li>Приемлемые способы возврата денежных средств.</li>\n<li>Дату,подписьзаявителя.</li>\n</ol>', 1, '2020-08-30 19:30:00', '2020-10-29 08:41:30'),
(32, 'podlozhka', 'Подложка', NULL, '<h1>Подложка</h1><p>Укладка ламината обязательно должна выполняться вместе с подложкой. Выбор правильной подложки оказывает большое влияние на внешний вид, качество и комфорт при эксплуатации ламината Quick-Step. Различные предоставленные типы подложки легко укладываются, дополнительно выравнивают напольное основание и обеспечивают акустическую и термоизоляцию.</p>', 1, '2020-09-27 18:14:07', '2020-09-27 18:14:07'),
(33, 'podlozhka/podlozhka-profitex-3-mm', 'Подложка Profitex, 3 мм', NULL, '<p><br data-mce-bogus=\"1\"></p>', 1, '2020-09-28 09:05:19', '2020-09-28 09:05:19'),
(34, 'podlozhka/podlozhka-quick-step-3-mm', 'Подложка Quick Step, 3 мм', NULL, '<p><br data-mce-bogus=\"1\"></p>', 1, '2020-09-28 09:37:36', '2020-09-28 09:37:36'),
(35, 'podlozhka/podlozhka-tuplex-3-mm', 'Подложка Tuplex, 3 мм', NULL, '<p><br data-mce-bogus=\"1\"></p>', 1, '2020-09-28 09:45:02', '2020-09-28 09:45:02'),
(36, 'germetik', 'Герметик', NULL, '<p><br data-mce-bogus=\"1\"></p>', 0, '2020-09-28 20:35:08', '2020-09-28 20:35:08'),
(37, 'germetik/germetik-dlya-beskleevih-laminatov-click-guard', 'Герметик для бесклеевых ламинатов Click Guard', NULL, '<p><br data-mce-bogus=\"1\"></p>', 0, '2020-09-28 20:41:47', '2020-09-28 20:41:47'),
(44, 'podlozhka/podlozhka-probkovaya-10-metrov-2-mm', 'Подложка пробковая 10 метров , 2 мм', NULL, '<p><br data-mce-bogus=\"1\"></p>', 1, '2020-10-16 12:08:16', '2020-10-16 12:08:16'),
(487, 'laminat/signature', 'Signature', NULL, '<h1>Signature</h1><p>Signature - новый эталон в производстве ламината - невероятно изысканная коллекция с водостойкой поверхностью. Она достойна своего имени</p>', 1, '2020-11-10 14:29:58', '2020-11-10 14:33:55'),
(491, 'plintus/laminirovanniy-plintus-quick-step', 'Ламинированный плинтус Quick Step', NULL, '<p><br data-mce-bogus=\"1\"></p>', 0, '2020-11-10 21:57:23', '2020-11-10 21:57:23'),
(520, 'laminat/castle', 'Castle', NULL, '<h1>Castle</h1>Castle – это классический дизайн в современной интерпретации. В зависимости от узора, который вы хотите увидеть на своем полу, планки можно укладывать различными способами - со смещением на 1/2 и ¼ относительно предыдущего ряда.', 1, '2020-11-11 12:15:14', '2020-11-11 12:15:14'),
(531, 'laminat/classic', 'Classic', NULL, '<h1>Classic</h1><p>Classic - базовая коллекция с лёгким брашированием поверхности, микрофаской, толщиной 8 мм на любой вкус.</p>', 1, '2020-11-11 16:03:24', '2020-11-11 16:03:24'),
(568, 'laminat/desire', 'Desire', NULL, '<h1>Desire</h1><p>Особенная поверхность, мягкость и изящество, без V - образных фасок. Игра серебристых или золотистых нитей в древесных порах. Классический дизайн с новым трендом, металик.</p>', 1, '2020-11-12 11:11:55', '2020-11-12 11:11:55'),
(577, 'laminat/eligna', 'Eligna', NULL, '<h1>Eligna</h1><p>Eligna - первый в мире влагостойкий ламинат без фаски. Элегантные декоры толщиной 8мм с водоотталкивающей технологией. Отсутствие фасок придает вашему полу обтекаемую форму.</p>', 1, '2020-11-13 11:50:53', '2020-11-13 11:50:53'),
(610, 'laminat/impressive', 'Impressive', NULL, '<h1>Impressive</h1>Quick-Step с гордостью представляет новое поколение полов: самый натуральный водостойкий ламинат.\r\n\r\nИдеальный баланс структуры и фаски.\r\n\r\nУникальное водоотталкивающее покрытие фаски.', 1, '2020-11-16 23:48:29', '2020-11-16 23:48:29'),
(611, 'laminat/signature/laminat-quick-step-signature-dub-tepliy-naturalniy-brashirovanniy-sig4762', 'Купить Ламинат Quick Step Signature Дуб теплый натуральный брашированный SIG4762', NULL, NULL, 1, '2020-11-19 22:24:05', '2020-11-30 15:32:59'),
(612, 'standartniy-plintus-quick-step-dub-tepliy-naturalniy-brashirovanniy-qssk04762', 'Купить Стандартный плинтус Quick Step Дуб теплый натуральный брашированный QSSK04762', NULL, NULL, 0, '2020-11-19 22:24:08', '2020-11-19 22:24:08'),
(613, 'laminat/signature/laminat-quick-step-signature-dub-svetliy-lakirovanniy-sig4759', 'Купить Ламинат Quick Step Signature Дуб светлый лакированный SIG4759', NULL, NULL, 1, '2020-11-19 22:24:11', '2020-11-30 15:32:59'),
(614, 'laminat/signature/laminat-quick-step-signature-dub-beliy-premium-sig4757', 'Купить Ламинат Quick Step Signature Дуб белый премиум SIG4757', NULL, NULL, 1, '2020-11-19 22:24:17', '2020-11-30 15:33:00'),
(615, 'standartniy-plintus-quick-step-dub-beliy-premium-qssk04757', 'Купить Стандартный плинтус Quick Step Дуб белый премиум QSSK04757', NULL, NULL, 0, '2020-11-19 22:24:20', '2020-11-19 22:24:20'),
(616, 'laminat/signature/laminat-quick-step-signature-dub-bezheviy-brashirovanniy-sig4764', 'Купить Ламинат Quick Step Signature Дуб бежевый брашированный SIG4764', NULL, NULL, 1, '2020-11-19 22:24:34', '2020-11-30 15:33:00'),
(617, 'standartniy-plintus-quick-step-dub-bezheviy-brashirovanniy-qssk04764', 'Купить Стандартный плинтус Quick Step Дуб бежевый брашированный QSSK04764', NULL, NULL, 0, '2020-11-19 22:24:36', '2020-11-19 22:24:36'),
(618, 'laminat/signature/laminat-quick-step-signature-dub-bezheviy-lakirovanniy-sig4750', 'Купить Ламинат Quick Step Signature Дуб бежевый лакированный SIG4750', NULL, NULL, 1, '2020-11-19 22:24:40', '2020-11-30 15:33:00'),
(619, 'standartniy-plintus-quick-step-dub-bezheviy-lakirovanniy-qssk04750', 'Купить Стандартный плинтус Quick Step Дуб бежевый лакированный QSSK04750', NULL, NULL, 0, '2020-11-19 22:24:43', '2020-11-19 22:24:43'),
(620, 'laminat/signature/laminat-quick-step-signature-dub-naturalniy-brashirovanniy-sig4763', 'Купить Ламинат Quick Step Signature Дуб натуральный брашированный SIG4763', NULL, NULL, 1, '2020-11-19 22:24:50', '2020-11-30 15:33:00'),
(621, 'standartniy-plintus-quick-step-dub-naturalniy-brashirovanniy-qssk04763', 'Купить Стандартный плинтус Quick Step Дуб натуральный брашированный QSSK04763', NULL, NULL, 0, '2020-11-19 22:24:54', '2020-11-19 22:24:54'),
(622, 'laminat/signature/laminat-quick-step-signature-dub-svetliy-patina-sig4748', 'Купить Ламинат Quick Step Signature Дуб светлый патина SIG4748', NULL, NULL, 1, '2020-11-19 22:25:05', '2020-11-30 15:33:00'),
(623, 'standartniy-plintus-quick-step-dub-svetliy-patina-qssk04748', 'Купить Стандартный плинтус Quick Step Дуб светлый патина QSSK04748', NULL, NULL, 0, '2020-11-19 22:25:08', '2020-11-19 22:25:08'),
(624, 'laminat/signature/laminat-quick-step-signature-orekh-korichneviy-sig4761', 'Купить Ламинат Quick Step Signature Орех коричневый SIG4761', NULL, NULL, 1, '2020-11-19 22:25:14', '2020-11-30 15:33:00'),
(625, 'standartniy-plintus-quick-step-orekh-korichneviy-qssk04761', 'Купить Стандартный плинтус Quick Step Орех коричневый QSSK04761', NULL, NULL, 0, '2020-11-19 22:25:17', '2020-11-19 22:25:17'),
(626, 'laminat/signature/laminat-quick-step-signature-dub-seriy-patina-sig4752', 'Купить Ламинат Quick Step Signature Дуб серый патина SIG4752', NULL, NULL, 1, '2020-11-19 22:25:24', '2020-11-30 15:33:00'),
(627, 'standartniy-plintus-quick-step-dub-seriy-patina-qssk04752', 'Купить Стандартный плинтус Quick Step Дуб серый патина QSSK04752', NULL, NULL, 0, '2020-11-19 22:25:27', '2020-11-19 22:25:27'),
(628, 'laminat/signature/laminat-quick-step-signature-dub-seriy-brashirovanniy-sig4765', 'Купить Ламинат Quick Step Signature Дуб серый брашированный SIG4765', NULL, NULL, 1, '2020-11-19 22:25:33', '2020-11-30 15:33:00'),
(629, 'standartniy-plintus-quick-step-dub-seriy-brashirovanniy-qssk04765', 'Купить Стандартный плинтус Quick Step Дуб серый брашированный QSSK04765', NULL, NULL, 0, '2020-11-19 22:25:36', '2020-11-19 22:25:36'),
(630, 'laminat/signature/laminat-quick-step-signature-dub-korichneviy-patina-sig4751', 'Купить Ламинат Quick Step Signature Дуб коричневый патина SIG4751', NULL, NULL, 1, '2020-11-19 22:25:46', '2020-11-30 15:33:00'),
(631, 'standartniy-plintus-quick-step-dub-korichneviy-patina-qssk04751', 'Купить Стандартный плинтус Quick Step Дуб коричневый патина QSSK04751', NULL, NULL, 0, '2020-11-19 22:25:48', '2020-11-19 22:25:48'),
(632, 'laminat/signature/laminat-quick-step-signature-dub-potertiy-naturalniy-sig4767', 'Купить Ламинат Quick Step Signature Дуб потертый натуральный SIG4767', NULL, NULL, 1, '2020-11-19 22:25:56', '2020-11-30 15:33:00'),
(633, 'standartniy-plintus-quick-step-dub-potertiy-naturalniy-qssk04767', 'Купить Стандартный плинтус Quick Step Дуб потертый натуральный QSSK04767', NULL, NULL, 0, '2020-11-19 22:25:59', '2020-11-19 22:25:59'),
(634, 'laminat/signature/laminat-quick-step-signature-dub-beliy-krasheniy-sig4753', 'Купить Ламинат Quick Step Signature Дуб белый крашеный SIG4753', NULL, NULL, 1, '2020-11-19 22:26:14', '2020-11-30 15:33:00'),
(635, 'standartniy-plintus-quick-step-dub-beliy-krasheniy-qssk04753', 'Купить Стандартный плинтус Quick Step Дуб белый крашеный QSSK04753', NULL, NULL, 0, '2020-11-19 22:26:17', '2020-11-19 22:26:17'),
(636, 'laminat/signature/laminat-quick-step-signature-dub-korichneviy-brashirovanniy-sig4766', 'Купить Ламинат Quick Step Signature Дуб коричневый брашированный SIG4766', NULL, NULL, 1, '2020-11-19 22:26:27', '2020-11-30 15:33:00'),
(637, 'standartniy-plintus-quick-step-dub-korichneviy-brashirovanniy-qssk04766', 'Купить Стандартный плинтус Quick Step Дуб коричневый брашированный QSSK04766', NULL, NULL, 0, '2020-11-19 22:26:30', '2020-11-19 22:26:30'),
(638, 'laminat/signature/laminat-quick-step-signature-dub-korichneviy-voscheniy-sig4756', 'Купить Ламинат Quick Step Signature Дуб коричневый вощеный SIG4756', NULL, NULL, 1, '2020-11-19 22:26:41', '2020-11-30 15:33:00'),
(639, 'standartniy-plintus-quick-step-dub-korichneviy-voscheniy-qssk04756', 'Купить Стандартный плинтус Quick Step Дуб коричневый вощеный QSSK04756', NULL, NULL, 0, '2020-11-19 22:26:44', '2020-11-19 22:26:44'),
(640, 'laminat/signature/laminat-quick-step-signature-dub-rozoviy-krasheniy-sig4754', 'Купить Ламинат Quick Step Signature Дуб розовый крашеный SIG4754', NULL, NULL, 1, '2020-11-19 22:27:05', '2020-11-30 15:33:00'),
(641, 'standartniy-plintus-quick-step-dub-rozoviy-krasheniy-qssk04754', 'Купить Стандартный плинтус Quick Step Дуб розовый крашеный QSSK04754', NULL, NULL, 0, '2020-11-19 22:27:08', '2020-11-19 22:27:08'),
(642, 'laminat/castle/laminat-quick-step-castle-dub-kapuchino-ca4160', 'Купить Ламинат Quick Step Castle Дуб капучино CA4160', NULL, NULL, 1, '2020-11-19 22:45:01', '2020-11-30 15:34:02'),
(643, 'standartniy-plintus-quick-step-dub-kapuchino-qssk04160', 'Купить Стандартный плинтус Quick Step Дуб капучино QSSK04160', NULL, NULL, 0, '2020-11-19 22:45:04', '2020-11-19 22:45:04'),
(644, 'laminat/castle/laminat-quick-step-castle-dub-pepelniy-ca4159', 'Купить Ламинат Quick Step Castle Дуб пепельный CA4159', NULL, NULL, 1, '2020-11-19 22:45:17', '2020-11-30 15:34:02'),
(645, 'standartniy-plintus-quick-step-dub-pepelniy-qssk04159', 'Купить Стандартный плинтус Quick Step Дуб пепельный QSSK04159', NULL, NULL, 0, '2020-11-19 22:45:19', '2020-11-19 22:45:19'),
(646, 'laminat/castle/laminat-quick-step-castle-dub-gorchichniy-ca4162', 'Купить Ламинат Quick Step Castle Дуб горчичный CA4162', NULL, NULL, 1, '2020-11-19 22:45:31', '2020-11-30 15:34:02'),
(647, 'standartniy-plintus-quick-step-dub-gorchichniy-qssk04162', 'Купить Стандартный плинтус Quick Step Дуб горчичный QSSK04162', NULL, NULL, 0, '2020-11-19 22:45:35', '2020-11-19 22:45:35'),
(648, 'laminat/castle/laminat-quick-step-castle-dub-angliyskiy-naturalniy-ca4161', 'Купить Ламинат Quick Step Castle Дуб английский натуральный CA4161', NULL, NULL, 1, '2020-11-19 22:45:45', '2020-11-30 15:34:02'),
(649, 'standartniy-plintus-quick-step-dub-angliyskiy-naturalniy-qssk04161', 'Купить Стандартный плинтус Quick Step Дуб английский натуральный QSSK04161', NULL, NULL, 0, '2020-11-19 22:45:48', '2020-11-19 22:45:48'),
(650, 'laminat/castle/laminat-quick-step-castle-dub-svetlo-seriy-patina-ca4158', 'Купить Ламинат Quick Step Castle Дуб светло-серый патина CA4158', NULL, NULL, 1, '2020-11-19 22:45:57', '2020-11-30 15:34:02'),
(651, 'standartniy-plintus-quick-step-dub-svetlo-seriy-patina-qssk04158', 'Купить Стандартный плинтус Quick Step Дуб светло-серый патина QSSK04158', NULL, NULL, 0, '2020-11-19 22:46:00', '2020-11-19 22:46:00'),
(652, 'laminat/classic/laminat-quick-step-classic-kubinskiy-dub-clm1655', 'Купить Ламинат Quick Step Classic Кубинский дуб CLM1655', NULL, NULL, 1, '2020-11-19 23:01:18', '2020-11-30 15:34:39'),
(653, 'standartniy-plintus-quick-step-kubinskiy-dub-qssk01655', 'Купить Стандартный плинтус Quick Step Кубинский дуб QSSK01655', NULL, NULL, 0, '2020-11-19 23:01:21', '2020-11-19 23:01:21'),
(654, 'laminat/classic/laminat-quick-step-classic-lunniy-dub-clm1658', 'Купить Ламинат Quick Step Classic Лунный дуб CLM1658', NULL, NULL, 1, '2020-11-19 23:01:27', '2020-11-30 15:34:39'),
(655, 'standartniy-plintus-quick-step-lunniy-dub-qssk01658', 'Купить Стандартный плинтус Quick Step Лунный дуб QSSK01658', NULL, NULL, 0, '2020-11-19 23:01:30', '2020-11-19 23:01:30'),
(656, 'laminat/classic/laminat-quick-step-classic-doska-duba-serogo-starinnogo-clm1382', 'Купить Ламинат Quick Step Classic Доска дуба серого старинного CLM1382', NULL, NULL, 1, '2020-11-19 23:01:36', '2020-11-30 15:34:39'),
(657, 'standartniy-plintus-quick-step-doska-duba-serogo-starinnogo-qssk01382', 'Купить Стандартный плинтус Quick Step Доска дуба серого старинного QSSK01382', NULL, NULL, 0, '2020-11-19 23:01:39', '2020-11-19 23:01:39'),
(658, 'laminat/classic/laminat-quick-step-classic-doska-duba-svetlo-serogo-starinnogo-clm1405', 'Купить Ламинат Quick Step Classic Доска дуба светло-серого старинного CLM1405', NULL, NULL, 1, '2020-11-19 23:01:47', '2020-11-30 15:34:39'),
(659, 'standartniy-plintus-quick-step-doska-duba-svetlo-serogo-starinnogo-qssk01405', 'Купить Стандартный плинтус Quick Step Доска дуба светло-серого старинного QSSK01405', NULL, NULL, 0, '2020-11-19 23:01:50', '2020-11-19 23:01:50'),
(660, 'laminat/classic/laminat-quick-step-classic-dub-starinniy-temniy-clm1383', 'Купить Ламинат Quick Step Classic Дуб старинный темный CLM1383', NULL, NULL, 1, '2020-11-19 23:02:06', '2020-11-30 15:34:39'),
(661, 'standartniy-plintus-quick-step-dub-starinniy-temniy-qssk01383', 'Купить Стандартный плинтус Quick Step Дуб старинный темный QSSK01383', NULL, NULL, 0, '2020-11-19 23:02:09', '2020-11-19 23:02:09'),
(662, 'laminat/classic/laminat-quick-step-classic-doska-duba-naturalnogo-starinnogo-clm1381', 'Купить Ламинат Quick Step Classic Доска дуба натурального старинного CLM1381', NULL, NULL, 1, '2020-11-19 23:02:15', '2020-11-30 15:34:39'),
(663, 'standartniy-plintus-quick-step-dub-starinniy-naturalniy-qssk01381', 'Купить Стандартный плинтус Quick Step Дуб старинный натуральный QSSK01381', NULL, NULL, 0, '2020-11-19 23:02:18', '2020-11-19 23:02:18'),
(664, 'laminat/classic/laminat-quick-step-classic-dub-bezheviy-premium-clv4093', 'Купить Ламинат Quick Step Classic Дуб бежевый премиум CLV4093', NULL, NULL, 1, '2020-11-19 23:02:22', '2020-11-30 15:34:39'),
(665, 'standartniy-plintus-quick-step-dub-bezheviy-premium-qssk04093', 'Купить Стандартный плинтус Quick Step Дуб бежевый премиум QSSK04093', NULL, NULL, 0, '2020-11-19 23:02:24', '2020-11-19 23:02:24'),
(666, 'laminat/classic/laminat-quick-step-classic-dub-tepliy-naturalniy-premium-clv4095', 'Купить Ламинат Quick Step Classic Дуб теплый натуральный премиум CLV4095', NULL, NULL, 1, '2020-11-19 23:02:29', '2020-11-30 15:34:39'),
(667, 'standartniy-plintus-quick-step-dub-tepliy-naturalniy-premium-qssk04095', 'Купить Стандартный плинтус Quick Step Дуб теплый натуральный премиум QSSK04095', NULL, NULL, 0, '2020-11-19 23:02:31', '2020-11-19 23:02:31'),
(668, 'laminat/classic/laminat-quick-step-classic-dub-naturalniy-rustikalniy-clv4085', 'Купить Ламинат Quick Step Classic Дуб натуральный рустикальный CLV4085', NULL, NULL, 1, '2020-11-19 23:02:37', '2020-11-30 15:34:39'),
(669, 'standartniy-plintus-quick-step-dub-naturalniy-rustikalniy-qssk04085', 'Купить Стандартный плинтус Quick Step Дуб натуральный рустикальный QSSK04085', NULL, NULL, 0, '2020-11-19 23:02:52', '2020-11-19 23:02:52'),
(670, 'laminat/classic/laminat-quick-step-classic-dub-beliy-otbelenniy-cl4087', 'Купить Ламинат Quick Step Classic Дуб белый отбеленный CL4087', NULL, NULL, 1, '2020-11-19 23:02:58', '2020-11-30 15:34:39'),
(671, 'standartniy-plintus-quick-step-dub-beliy-otbelenniy-qssk04087', 'Купить Стандартный плинтус Quick Step Дуб белый отбеленный QSSK04087', NULL, NULL, 0, '2020-11-19 23:03:01', '2020-11-19 23:03:01'),
(672, 'laminat/classic/laminat-quick-step-classic-dub-svetliy-naturalniy-premium-clv4094', 'Купить Ламинат Quick Step Classic Дуб светлый натуральный премиум CLV4094', NULL, NULL, 1, '2020-11-19 23:03:07', '2020-11-30 15:34:39'),
(673, 'standartniy-plintus-quick-step-dub-beliy-promaslenniy-qssk01538', 'Купить Стандартный плинтус Quick Step Дуб белый промасленный QSSK01538', NULL, NULL, 0, '2020-11-19 23:03:10', '2020-11-19 23:03:10'),
(674, 'laminat/classic/laminat-quick-step-classic-dub-bezheviy-otbelenniy-cl4088', 'Купить Ламинат Quick Step Classic Дуб бежевый отбеленный CL4088', NULL, NULL, 1, '2020-11-19 23:03:15', '2020-11-30 15:34:39'),
(675, 'standartniy-plintus-quick-step-dub-bezheviy-otbelenniy-qssk04088', 'Купить Стандартный плинтус Quick Step Дуб бежевый отбеленный QSSK04088', NULL, NULL, 0, '2020-11-19 23:03:18', '2020-11-19 23:03:18'),
(676, 'laminat/classic/laminat-quick-step-classic-dub-bezheviy-rustikalniy-clv4084', 'Купить Ламинат Quick Step Classic Дуб бежевый рустикальный CLV4084', NULL, NULL, 1, '2020-11-19 23:03:24', '2020-11-30 15:34:39'),
(677, 'standartniy-plintus-quick-step-dub-bezheviy-rustikalniy-qssk04084', 'Купить Стандартный плинтус Quick Step Дуб бежевый рустикальный QSSK04084', NULL, NULL, 0, '2020-11-19 23:03:27', '2020-11-19 23:03:27'),
(678, 'laminat/classic/laminat-quick-step-classic-dub-naturalniy-otbelenniy-cl4089', 'Купить Ламинат Quick Step Classic Дуб натуральный отбеленный CL4089', NULL, NULL, 1, '2020-11-19 23:03:31', '2020-11-30 15:34:39'),
(679, 'standartniy-plintus-quick-step-dub-naturalniy-otbelenniy-qssk04089', 'Купить Стандартный плинтус Quick Step Дуб натуральный отбеленный QSSK04089', NULL, NULL, 0, '2020-11-19 23:03:35', '2020-11-19 23:03:35'),
(680, 'laminat/classic/laminat-quick-step-classic-dub-shokoladniy-rustikalniy-clv4086', 'Купить Ламинат Quick Step Classic Дуб шоколадный рустикальный CLV4086', NULL, NULL, 1, '2020-11-19 23:03:41', '2020-11-30 15:34:40'),
(681, 'standartniy-plintus-quick-step-dub-shokoladniy-rustikalniy-qssk04086', 'Купить Стандартный плинтус Quick Step Дуб шоколадный рустикальный QSSK04086', NULL, NULL, 0, '2020-11-19 23:03:44', '2020-11-19 23:03:44'),
(682, 'laminat/classic/laminat-quick-step-classic-dub-gorniy-temno-korichneviy-clm4092', 'Купить Ламинат Quick Step Classic Дуб горный темно-коричневый CLM4092', NULL, NULL, 1, '2020-11-19 23:03:50', '2020-11-30 15:34:40'),
(683, 'standartniy-plintus-quick-step-dub-gorniy-temno-korichneviy-qssk04092', 'Купить Стандартный плинтус Quick Step Дуб горный темно-коричневый QSSK04092', NULL, NULL, 0, '2020-11-19 23:03:53', '2020-11-19 23:03:53'),
(684, 'laminat/classic/laminat-quick-step-classic-dub-gorniy-korichneviy-clm4091', 'Купить Ламинат Quick Step Classic Дуб горный коричневый CLM4091', NULL, NULL, 1, '2020-11-20 23:14:54', '2020-11-30 15:34:40'),
(685, 'standartniy-plintus-quick-step-dub-gorniy-korichneviy-qssk04091', 'Купить Стандартный плинтус Quick Step Дуб горный коричневый QSSK04091', NULL, NULL, 0, '2020-11-20 23:14:57', '2020-11-20 23:14:57'),
(686, 'laminat/classic/laminat-quick-step-classic-dub-gorniy-krasniy-clm4090', 'Купить Ламинат Quick Step Classic Дуб горный красный CLM4090', NULL, NULL, 1, '2020-11-20 23:15:03', '2020-11-30 15:34:40'),
(687, 'standartniy-plintus-quick-step-dub-gorniy-krasniy-qssk04090', 'Купить Стандартный плинтус Quick Step Дуб горный красный QSSK04090', NULL, NULL, 0, '2020-11-20 23:15:07', '2020-11-20 23:15:07'),
(688, 'laminat/desire/laminat-quick-step-desire-dub-svetlo-seriy-serebristiy-uc3462', 'Купить Ламинат Quick Step Desire Дуб светло-серый серебристый UC3462', NULL, NULL, 1, '2020-11-21 13:05:15', '2020-11-30 15:35:48'),
(689, 'standartniy-plintus-quick-step-dub-svetlo-seriy-serebristiy-qssk03462', 'Купить Стандартный плинтус Quick Step Дуб светло-серый серебристый QSSK03462', NULL, NULL, 0, '2020-11-21 13:05:19', '2020-11-21 13:05:19'),
(690, 'laminat/desire/laminat-quick-step-desire-dub-seriy-serebristiy-uc3464', 'Купить Ламинат Quick Step Desire Дуб серый серебристый UC3464', NULL, NULL, 1, '2020-11-21 13:05:25', '2020-11-30 15:35:48'),
(691, 'standartniy-plintus-quick-step-dub-seriy-serebristiy-qssk03464', 'Купить Стандартный плинтус Quick Step Дуб серый серебристый QSSK03464', NULL, NULL, 0, '2020-11-21 13:05:28', '2020-11-21 13:05:28'),
(692, 'laminat/desire/laminat-quick-step-desire-dub-svetlo-seriy-zolotistiy-uc3463', 'Купить Ламинат Quick Step Desire Дуб светло-серый золотистый UC3463', NULL, NULL, 1, '2020-11-21 13:05:34', '2020-11-30 15:35:48'),
(693, 'standartniy-plintus-quick-step-dub-svetlo-seriy-zolotistiy-qssk03463', 'Купить Стандартный плинтус Quick Step Дуб светло-серый золотистый QSSK03463', NULL, NULL, 0, '2020-11-21 13:05:37', '2020-11-21 13:05:37'),
(694, 'laminat/desire/laminat-quick-step-desire-dub-naturalniy-zolotistiy-uc3465', 'Купить Ламинат Quick Step Desire Дуб натуральный золотистый UC3465', NULL, NULL, 1, '2020-11-21 13:05:43', '2020-11-30 15:35:48'),
(695, 'standartniy-plintus-quick-step-dub-naturalniy-zolotistiy-qssk03465', 'Купить Стандартный плинтус Quick Step Дуб натуральный золотистый QSSK03465', NULL, NULL, 0, '2020-11-21 13:05:46', '2020-11-21 13:05:46'),
(696, 'laminat/eligna/laminat-quick-step-eligna-dub-italyanskiy-svetlo-seriy-u3831', 'Купить Ламинат Quick Step Eligna Дуб итальянский светло-серый U3831', NULL, NULL, 1, '2020-11-21 18:46:40', '2020-11-30 15:36:27'),
(697, 'standartniy-plintus-quick-step-dub-italyanskiy-svetlo-seriy-qssk03573', 'Купить Стандартный плинтус Quick Step Дуб итальянский светло-серый QSSK03573', NULL, NULL, 0, '2020-11-21 18:46:43', '2020-11-21 18:46:43'),
(698, 'laminat/eligna/laminat-quick-step-eligna-dub-tepliy-seriy-promaslenniy-u3459', 'Купить Ламинат Quick Step Eligna Дуб теплый серый промасленный U3459', NULL, NULL, 1, '2020-11-21 18:46:50', '2020-11-30 15:36:28'),
(699, 'standartniy-plintus-quick-step-dub-tepliy-seriy-promaslenniy-qssk03459', 'Купить Стандартный плинтус Quick Step Дуб теплый серый промасленный QSSK03459', NULL, NULL, 0, '2020-11-21 18:46:53', '2020-11-21 18:46:53'),
(700, 'laminat/eligna/laminat-quick-step-eligna-doska-belogo-duba-lakirovannaya-u915', 'Купить Ламинат Quick Step Eligna Доска белого дуба лакированная U915', NULL, NULL, 1, '2020-11-21 18:46:59', '2020-11-30 15:36:28'),
(701, 'standartniy-plintus-quick-step-doska-belogo-duba-lakirovannaya-qssk00915', 'Купить Стандартный плинтус Quick Step Доска белого дуба лакированная QSSK00915', NULL, NULL, 0, '2020-11-21 18:47:02', '2020-11-21 18:47:02'),
(702, 'laminat/eligna/laminat-quick-step-eligna-dub-svetliy-naturalniy-promaslenniy-u3457', 'Купить Ламинат Quick Step Eligna Дуб светлый натуральный промасленный U3457', NULL, NULL, 1, '2020-11-21 18:47:07', '2020-11-30 15:36:28'),
(703, 'standartniy-plintus-quick-step-dub-svetliy-naturalniy-promaslenniy-qssk03457', 'Купить Стандартный плинтус Quick Step Дуб светлый натуральный промасленный QSSK03457', NULL, NULL, 0, '2020-11-21 18:47:10', '2020-11-21 18:47:10'),
(704, 'laminat/eligna/laminat-quick-step-eligna-dub-shokoladniy-promaslenniy-u3461', 'Купить Ламинат Quick Step Eligna Дуб шоколадный промасленный U3461', NULL, NULL, 1, '2020-11-21 18:47:17', '2020-11-30 15:36:28'),
(705, 'standartniy-plintus-quick-step-dub-shokoladniy-promaslenniy-qssk03461', 'Купить Стандартный плинтус Quick Step Дуб шоколадный промасленный QSSK03461', NULL, NULL, 0, '2020-11-21 18:47:20', '2020-11-21 18:47:20'),
(706, 'laminat/eligna/laminat-quick-step-eligna-dub-tepliy-naturalniy-promaslenniy-u3458', 'Купить Ламинат Quick Step Eligna Дуб теплый натуральный промасленный U3458', NULL, NULL, 1, '2020-11-21 18:47:25', '2020-11-30 15:36:28'),
(707, 'standartniy-plintus-quick-step-dub-tepliy-naturalniy-promaslenniy-qssk03458', 'Купить Стандартный плинтус Quick Step Дуб теплый натуральный промасленный QSSK03458', NULL, NULL, 0, '2020-11-21 18:47:28', '2020-11-21 18:47:28'),
(708, 'laminat/eligna/laminat-quick-step-eligna-dub-italyanskiy-bezheviy-u3832', 'Купить Ламинат Quick Step Eligna Дуб итальянский бежевый U3832', NULL, NULL, 1, '2020-11-21 18:47:35', '2020-11-30 15:36:28'),
(709, 'standartniy-plintus-quick-step-dub-italyanskiy-bezheviy-qssk03574', 'Купить Стандартный плинтус Quick Step Дуб итальянский бежевый QSSK03574', NULL, NULL, 0, '2020-11-21 18:47:38', '2020-11-21 18:47:38'),
(710, 'laminat/eligna/laminat-quick-step-eligna-venge-intensivniy-u1300', 'Купить Ламинат Quick Step Eligna Венге интенсивный U1300', NULL, NULL, 1, '2020-11-21 18:47:44', '2020-11-30 15:36:28'),
(711, 'standartniy-plintus-quick-step-venge-intensivniy-qssk01300', 'Купить Стандартный плинтус Quick Step Венге интенсивный QSSK01300', NULL, NULL, 0, '2020-11-21 18:47:47', '2020-11-21 18:47:47'),
(712, 'laminat/eligna/laminat-quick-step-eligna-doska-naturalnogo-duba-lakirovannaya-u896', 'Купить Ламинат Quick Step Eligna Доска натурального дуба лакированная U896', NULL, NULL, 1, '2020-11-21 18:47:52', '2020-11-30 15:36:28'),
(713, 'standartniy-plintus-quick-step-doska-naturalnogo-duba-lakirovannaya-qssk00896', 'Купить Стандартный плинтус Quick Step Доска натурального дуба лакированная QSSK00896', NULL, NULL, 0, '2020-11-21 18:47:55', '2020-11-21 18:47:55'),
(714, 'laminat/eligna/laminat-quick-step-eligna-doska-orekhovaya-promaslennaya-u1043', 'Купить Ламинат Quick Step Eligna Доска ореховая промасленная U1043', NULL, NULL, 1, '2020-11-21 18:48:01', '2020-11-30 15:36:28'),
(715, 'standartniy-plintus-quick-step-doska-orekhovaya-promaslennaya-qssk01043', 'Купить Стандартный плинтус Quick Step Доска ореховая промасленная QSSK01043', NULL, NULL, 0, '2020-11-21 18:48:04', '2020-11-21 18:48:04'),
(716, 'laminat/eligna/laminat-quick-step-eligna-dub-izyskanniy-temniy-u3833', 'Купить Ламинат Quick Step Eligna Дуб изысканный темный U3833', NULL, NULL, 1, '2020-11-21 18:48:11', '2020-11-30 15:36:28'),
(717, 'standartniy-plintus-quick-step-dub-izyskanniy-temniy-qssk03581', 'Купить Стандартный плинтус Quick Step Дуб изысканный темный QSSK03581', NULL, NULL, 0, '2020-11-21 18:48:14', '2020-11-21 18:48:14'),
(718, 'laminat/eligna/laminat-quick-step-eligna-dub-starinniy-bezheviy-u3576', 'Купить Ламинат Quick Step Eligna Дуб старинный бежевый U3576', NULL, NULL, 1, '2020-11-21 18:48:22', '2020-11-30 15:36:28'),
(719, 'standartniy-plintus-quick-step-dub-starinniy-bezheviy-qssk03576', 'Купить Стандартный плинтус Quick Step Дуб старинный бежевый QSSK03576', NULL, NULL, 0, '2020-11-21 18:48:25', '2020-11-21 18:48:25'),
(720, 'laminat/eligna/laminat-quick-step-eligna-dub-temno-korichneviy-promaslenniy-u3460', 'Купить Ламинат Quick Step Eligna Дуб темно-коричневый промасленный U3460', NULL, NULL, 1, '2020-11-21 18:48:31', '2020-11-30 15:36:28'),
(721, 'standartniy-plintus-quick-step-dub-temno-korichneviy-promaslenniy-qssk03460', 'Купить Стандартный плинтус Quick Step Дуб темно-коричневый промасленный QSSK03460', NULL, NULL, 0, '2020-11-21 18:48:34', '2020-11-21 18:48:34'),
(722, 'laminat/eligna/laminat-quick-step-eligna-doska-venge-u1000', 'Купить Ламинат Quick Step Eligna Доска венге U1000', NULL, NULL, 1, '2020-11-21 18:48:41', '2020-11-30 15:36:28'),
(723, 'standartniy-plintus-quick-step-doska-venge-qssk01000', 'Купить Стандартный плинтус Quick Step Доска венге QSSK01000', NULL, NULL, 0, '2020-11-21 18:48:44', '2020-11-21 18:48:44'),
(724, 'laminat/eligna/laminat-quick-step-eligna-dub-prirodniy-naturalniy-u3578', 'Купить Ламинат Quick Step Eligna Дуб природный натуральный U3578', NULL, NULL, 1, '2020-11-21 18:48:50', '2020-11-30 15:36:28'),
(725, 'standartniy-plintus-quick-step-dub-prirodniy-naturalniy-qssk03578', 'Купить Стандартный плинтус Quick Step Дуб природный натуральный QSSK03578', NULL, NULL, 0, '2020-11-21 18:48:53', '2020-11-21 18:48:53'),
(726, 'laminat/eligna/laminat-quick-step-eligna-sosna-belaya-zatertaya-u1235', 'Купить Ламинат Quick Step Eligna Сосна белая затертая U1235', NULL, NULL, 1, '2020-11-21 18:48:59', '2020-11-30 15:36:28'),
(727, 'standartniy-plintus-quick-step-sosna-belaya-zatertaya-qssk01235', 'Купить Стандартный плинтус Quick Step Сосна белая затертая QSSK01235', NULL, NULL, 0, '2020-11-21 18:49:02', '2020-11-21 18:49:02'),
(728, 'laminat/eligna/laminat-quick-step-eligna-dub-italyanskiy-svetlo-seriy-petchvork-u3831p', 'Купить Ламинат Quick Step Eligna Дуб итальянский светло-серый пэтчворк U3831P', NULL, NULL, 1, '2020-11-21 18:49:07', '2020-11-30 15:36:28'),
(729, 'laminat/eligna/laminat-quick-step-eligna-dub-italyanskiy-bezheviy-petchvork-u3832p', 'Купить Ламинат Quick Step Eligna Дуб итальянский бежевый пэтчворк U3832P', NULL, NULL, 1, '2020-11-21 18:49:14', '2020-11-30 15:36:28'),
(730, 'laminat/impressive/laminat-quick-step-impressive-dub-dymchatiy-im1993', 'Купить Ламинат Quick Step Impressive Дуб дымчатый IM1993', NULL, NULL, 1, '2020-11-21 20:45:11', '2020-11-30 15:37:21'),
(731, 'standartniy-plintus-quick-step-dub-dymchatiy-qssk01993', 'Купить Стандартный плинтус Quick Step Дуб дымчатый QSSK01993', NULL, NULL, 0, '2020-11-21 20:45:14', '2020-11-21 20:45:14'),
(732, 'laminat/impressive/laminat-quick-step-impressive-dub-naturalniy-im1848', 'Купить Ламинат Quick Step Impressive Дуб натуральный IM1848', NULL, NULL, 1, '2020-11-21 20:45:21', '2020-11-30 15:37:21'),
(733, 'standartniy-plintus-quick-step-dub-naturalniy-qssk01848', 'Купить Стандартный плинтус Quick Step Дуб натуральный QSSK01848', NULL, NULL, 0, '2020-11-21 20:45:24', '2020-11-21 20:45:24'),
(734, 'laminat/impressive/laminat-quick-step-impressive-dub-yuzhniy-im1994', 'Купить Ламинат Quick Step Impressive Дуб южный IM1994', NULL, NULL, 1, '2020-11-21 20:45:30', '2020-11-30 15:37:21'),
(735, 'standartniy-plintus-quick-step-dub-yuzhniy-qssk01994', 'Купить Стандартный плинтус Quick Step Дуб южный QSSK01994', NULL, NULL, 0, '2020-11-21 20:45:32', '2020-11-21 20:45:32'),
(736, 'laminat/impressive/laminat-quick-step-impressive-dub-etnicheskiy-korichneviy-im3557', 'Купить Ламинат Quick Step Impressive Дуб этнический коричневый IM3557', NULL, NULL, 1, '2020-11-21 20:45:38', '2020-11-30 15:37:21'),
(737, 'standartniy-plintus-quick-step-dub-etnicheskiy-korichneviy-qssk03557', 'Купить Стандартный плинтус Quick Step Дуб этнический коричневый QSSK03557', NULL, NULL, 0, '2020-11-21 20:45:41', '2020-11-21 20:45:41'),
(738, 'laminat/impressive/laminat-quick-step-impressive-dub-korichneviy-im1849', 'Купить Ламинат Quick Step Impressive Дуб коричневый IM1849', NULL, NULL, 1, '2020-11-21 20:45:47', '2020-11-30 15:37:21'),
(739, 'standartniy-plintus-quick-step-dub-korichneviy-qssk01849', 'Купить Стандартный плинтус Quick Step Дуб коричневый QSSK01849', NULL, NULL, 0, '2020-11-21 20:45:50', '2020-11-21 20:45:50'),
(740, 'laminat/impressive/laminat-quick-step-impressive-dub-derevenskiy-im1851', 'Купить Ламинат Quick Step Impressive Дуб деревенский IM1851', NULL, NULL, 1, '2020-11-21 20:45:56', '2020-11-30 15:37:21'),
(741, 'standartniy-plintus-quick-step-dub-derevenskiy-qssk01851', 'Купить Стандартный плинтус Quick Step Дуб деревенский QSSK01851', NULL, NULL, 0, '2020-11-21 20:45:59', '2020-11-21 20:45:59'),
(742, 'laminat/impressive/laminat-quick-step-impressive-doska-belogo-duba-lakirovannaya-im3105', 'Купить Ламинат Quick Step Impressive Доска белого дуба лакированная IM3105', NULL, NULL, 1, '2020-11-21 20:46:06', '2020-11-30 15:37:21'),
(743, 'laminat/impressive/laminat-quick-step-impressive-dub-bordo-im1995', 'Купить Ламинат Quick Step Impressive Дуб бордо IM1995', NULL, NULL, 1, '2020-11-21 20:46:13', '2020-11-30 15:37:21'),
(744, 'standartniy-plintus-quick-step-dub-bordo-qssk01995', 'Купить Стандартный плинтус Quick Step Дуб бордо QSSK01995', NULL, NULL, 0, '2020-11-21 20:46:16', '2020-11-21 20:46:16'),
(745, 'laminat/impressive/laminat-quick-step-impressive-dub-pepelniy-im1992', 'Купить Ламинат Quick Step Impressive Дуб пепельный IM1992', NULL, NULL, 1, '2020-11-21 20:46:22', '2020-11-30 15:37:22'),
(746, 'standartniy-plintus-quick-step-doska-belaya-qssk01859', 'Купить Стандартный плинтус Quick Step Доска белая QSSK01859', NULL, NULL, 0, '2020-11-21 20:46:25', '2020-11-21 20:46:25'),
(747, 'laminat/impressive/laminat-quick-step-impressive-dub-sero-bezheviy-im4663', 'Купить Ламинат Quick Step Impressive Дуб серо-бежевый IM4663', NULL, NULL, 1, '2020-11-21 20:46:33', '2020-11-30 15:37:22'),
(748, 'laminat/impressive/laminat-quick-step-impressive-dub-svetliy-naturalniy-im4664', 'Купить Ламинат Quick Step Impressive Дуб светлый натуральный IM4664', NULL, NULL, 1, '2020-11-21 20:46:41', '2020-11-30 15:37:22'),
(749, 'standartniy-plintus-quick-step-dub-neshvill-naturalniy-qssk03180', 'Купить Стандартный плинтус Quick Step Дуб Нэшвилл натуральный QSSK03180', NULL, NULL, 0, '2020-11-21 20:46:44', '2020-11-21 20:46:44'),
(750, 'laminat/impressive/laminat-quick-step-impressive-dub-seriy-lakirovanniy-im4665', 'Купить Ламинат Quick Step Impressive Дуб серый лакированный IM4665', NULL, NULL, 1, '2020-11-21 20:46:49', '2020-11-30 15:37:22'),
(751, 'standartniy-plintus-quick-step-standard-skirting-board-(matching-colour)-qssk03364', 'Купить Стандартный плинтус Quick Step Standard Skirting Board (matching colour) QSSK03364', NULL, NULL, 0, '2020-11-21 20:46:52', '2020-11-21 20:46:52'),
(752, 'laminat/impressive/laminat-quick-step-impressive-dub-svetliy-im1847', 'Купить Ламинат Quick Step Impressive Дуб светлый IM1847', NULL, NULL, 1, '2020-11-21 20:47:18', '2020-11-30 15:37:22'),
(753, 'standartniy-plintus-quick-step-dub-svetliy-qssk01847', 'Купить Стандартный плинтус Quick Step Дуб светлый QSSK01847', NULL, NULL, 0, '2020-11-21 20:47:22', '2020-11-21 20:47:22'),
(754, 'laminat/impressive/laminat-quick-step-impressive-dub-pesochniy-im1853', 'Купить Ламинат Quick Step Impressive Дуб песочный IM1853', NULL, NULL, 1, '2020-11-21 20:47:28', '2020-11-30 15:37:22'),
(755, 'standartniy-plintus-quick-step-dub-pesochniy-qssk01853', 'Купить Стандартный плинтус Quick Step Дуб песочный QSSK01853', NULL, NULL, 0, '2020-11-21 20:47:31', '2020-11-21 20:47:31'),
(756, 'laminat/impressive/laminat-quick-step-impressive-dub-fantaziyniy-svetlo-seriy-im3560', 'Купить Ламинат Quick Step Impressive Дуб фантазийный светло-серый IM3560', NULL, NULL, 1, '2020-11-21 20:47:38', '2020-11-30 15:37:22');
INSERT INTO `pages` (`id`, `uri`, `title`, `description`, `content`, `published`, `created_at`, `updated_at`) VALUES
(757, 'standartniy-plintus-quick-step-dub-fantaziyniy-svetlo-seriy-qssk03560', 'Купить Стандартный плинтус Quick Step Дуб фантазийный светло-серый QSSK03560', NULL, NULL, 0, '2020-11-21 20:47:41', '2020-11-21 20:47:41'),
(758, 'laminat/impressive/laminat-quick-step-impressive-dub-fantaziyniy-beliy-im3559', 'Купить Ламинат Quick Step Impressive Дуб фантазийный белый IM3559', NULL, NULL, 1, '2020-11-21 20:47:46', '2020-11-30 15:37:22'),
(759, 'standartniy-plintus-quick-step-dub-fantaziyniy-beliy-qssk03559', 'Купить Стандартный плинтус Quick Step Дуб фантазийный белый QSSK03559', NULL, NULL, 0, '2020-11-21 20:47:49', '2020-11-21 20:47:49'),
(760, 'laminat/impressive/laminat-quick-step-impressive-doska-naturalnogo-duba-lakirovannaya-im3106', 'Купить Ламинат Quick Step Impressive Доска натурального дуба лакированная IM3106', NULL, NULL, 1, '2020-11-21 20:47:56', '2020-11-30 15:37:22'),
(761, 'standartniy-plintus-quick-step-dub-vindzor-qssk03106', 'Купить Стандартный плинтус Quick Step Дуб Виндзор QSSK03106', NULL, NULL, 0, '2020-11-21 20:47:59', '2020-11-21 20:47:59'),
(762, 'laminat/impressive/laminat-quick-step-impressive-doska-belaya-im1859', 'Купить Ламинат Quick Step Impressive Доска белая IM1859', NULL, NULL, 1, '2020-11-21 20:48:07', '2020-11-30 15:37:22'),
(763, 'laminat/impressive/laminat-quick-step-impressive-dub-etnicheskiy-seriy-im3558', 'Купить Ламинат Quick Step Impressive Дуб этнический серый IM3558', NULL, NULL, 1, '2020-11-21 20:48:15', '2020-11-30 15:37:22'),
(764, 'standartniy-plintus-quick-step-dub-etnicheskiy-seriy-qssk03558', 'Купить Стандартный плинтус Quick Step Дуб этнический серый QSSK03558', NULL, NULL, 0, '2020-11-21 20:48:18', '2020-11-21 20:48:18'),
(765, 'laminat/impressive/laminat-quick-step-impressive-dub-chernaya-noch-im1862', 'Купить Ламинат Quick Step Impressive Дуб черная ночь IM1862', NULL, NULL, 1, '2020-11-21 20:48:29', '2020-11-30 15:37:22'),
(766, 'standartniy-plintus-quick-step-dub-chernaya-noch-qssk01862', 'Купить Стандартный плинтус Quick Step Дуб черная ночь QSSK01862', NULL, NULL, 0, '2020-11-21 20:48:32', '2020-11-21 20:48:32'),
(767, 'laminat/impressive/laminat-quick-step-impressive-sosna-im1860', 'Купить Ламинат Quick Step Impressive Сосна IM1860', NULL, NULL, 1, '2020-11-21 20:48:41', '2020-11-30 15:37:22'),
(768, 'standartniy-plintus-quick-step-sosna-qssk01860', 'Купить Стандартный плинтус Quick Step Сосна QSSK01860', NULL, NULL, 0, '2020-11-21 20:48:44', '2020-11-21 20:48:44'),
(769, 'laminat/impressive/laminat-quick-step-impressive-svetlo-seriy-beton-im1861', 'Купить Ламинат Quick Step Impressive Светло-серый бетон IM1861', NULL, NULL, 1, '2020-11-21 20:48:51', '2020-11-30 15:37:22'),
(770, 'standartniy-plintus-quick-step-svetlo-seriy-beton-qssk01861', 'Купить Стандартный плинтус Quick Step Светло-серый бетон QSSK01861', NULL, NULL, 0, '2020-11-21 20:48:54', '2020-11-21 20:48:54'),
(771, 'laminat/impressive-patterns', 'Impressive Patterns', NULL, '<h1>Impressive Patterns</h1><p>Impressive Patterns &ndash; это коллекция включает в себя современные цвета и различные фактуры - как дерево с глубокой брашированной структурой, так и структурой камня и ткань. Укладка планок выполняется со смещением на 1/3.</p>', 1, '2020-11-21 21:06:52', '2020-11-21 21:06:52'),
(772, 'laminat/impressive-patterns/laminat-quick-step-impressive-patterns-mramor-bezheviy-ipe4506', 'Купить Ламинат Quick Step Impressive Patterns Мрамор бежевый IPE4506', NULL, NULL, 1, '2020-11-21 22:39:26', '2020-11-30 15:38:39'),
(773, 'standartniy-plintus-quick-step-mramor-bezheviy-qssk04506', 'Купить Стандартный плинтус Quick Step Мрамор бежевый QSSK04506', NULL, NULL, 0, '2020-11-21 22:39:30', '2020-11-21 22:39:30'),
(774, 'laminat/impressive-patterns/laminat-quick-step-impressive-patterns-dub-palatstso-beliy-ipe4501', 'Купить Ламинат Quick Step Impressive Patterns Дуб палаццо белый IPE4501', NULL, NULL, 1, '2020-11-21 22:39:36', '2020-11-30 15:38:39'),
(775, 'standartniy-plintus-quick-step-standartniy-plintus-(v-tsvet)-qssk04157', 'Купить Стандартный плинтус Quick Step Стандартный плинтус (в цвет) QSSK04157', NULL, NULL, 0, '2020-11-21 22:39:39', '2020-11-21 22:39:39'),
(776, 'laminat/impressive-patterns/laminat-quick-step-impressive-patterns-dub-pesochniy-brashirovanniy-ipa4142', 'Купить Ламинат Quick Step Impressive Patterns Дуб песочный брашированный IPA4142', NULL, NULL, 1, '2020-11-21 22:39:46', '2020-11-30 15:38:39'),
(777, 'standartniy-plintus-quick-step-dub-pesochniy-brashirovanniy-qssk04142', 'Купить Стандартный плинтус Quick Step Дуб песочный брашированный QSSK04142', NULL, NULL, 0, '2020-11-21 22:39:50', '2020-11-21 22:39:50'),
(778, 'laminat/impressive-patterns/laminat-quick-step-impressive-patterns-beton-loft-ipe4508', 'Купить Ламинат Quick Step Impressive Patterns Бетон лофт IPE4508', NULL, NULL, 1, '2020-11-21 22:39:58', '2020-11-30 15:38:39'),
(779, 'standartniy-plintus-quick-step-beton-loft-qssk04508', 'Купить Стандартный плинтус Quick Step Бетон лофт QSSK04508', NULL, NULL, 0, '2020-11-21 22:40:00', '2020-11-21 22:40:00'),
(780, 'laminat/impressive-patterns/laminat-quick-step-impressive-patterns-dub-palatstso-bezheviy-ipe4672', 'Купить Ламинат Quick Step Impressive Patterns Дуб палаццо бежевый IPE4672', NULL, NULL, 1, '2020-11-21 22:40:07', '2020-11-30 15:38:39'),
(781, 'standartniy-plintus-quick-step-dub-palatstso-bezheviy-qssk04672', 'Купить Стандартный плинтус Quick Step Дуб палаццо бежевый QSSK04672', NULL, NULL, 0, '2020-11-21 22:40:09', '2020-11-21 22:40:09'),
(782, 'laminat/impressive-patterns/laminat-quick-step-impressive-patterns-dub-seriy-tepliy-brashirovanniy-ipa4141', 'Купить Ламинат Quick Step Impressive Patterns Дуб серый теплый брашированный IPA4141', NULL, NULL, 1, '2020-11-21 22:40:15', '2020-11-30 15:38:39'),
(783, 'laminat/impressive-patterns/laminat-quick-step-impressive-patterns-dub-medniy-brashirovanniy-ipa4144', 'Купить Ламинат Quick Step Impressive Patterns Дуб медный брашированный IPA4144', NULL, NULL, 1, '2020-11-21 22:40:42', '2020-11-30 15:38:39'),
(784, 'standartniy-plintus-quick-step-dub-medniy-brashirovanniy-qssk04144', 'Купить Стандартный плинтус Quick Step Дуб медный брашированный QSSK04144', NULL, NULL, 0, '2020-11-21 22:41:36', '2020-11-21 22:41:36'),
(785, 'laminat/impressive-patterns/laminat-quick-step-impressive-patterns-travertin-bezheviy-ipe4510', 'Купить Ламинат Quick Step Impressive Patterns Травертин бежевый IPE4510', NULL, NULL, 1, '2020-11-21 22:41:44', '2020-11-30 15:38:39'),
(786, 'standartniy-plintus-quick-step-plitka-belaya-qssk01553', 'Купить Стандартный плинтус Quick Step Плитка белая QSSK01553', NULL, NULL, 0, '2020-11-21 22:41:47', '2020-11-21 22:41:47'),
(787, 'laminat/impressive-patterns/laminat-quick-step-impressive-patterns-dub-palatstso-korichneviy-ipe4504', 'Купить Ламинат Quick Step Impressive Patterns Дуб палаццо коричневый IPE4504', NULL, NULL, 1, '2020-11-21 22:41:52', '2020-11-30 15:38:39'),
(788, 'standartniy-plintus-quick-step-dub-palatstso-korichneviy-qssk04504', 'Купить Стандартный плинтус Quick Step Дуб палаццо коричневый QSSK04504', NULL, NULL, 0, '2020-11-21 22:41:55', '2020-11-21 22:41:55'),
(789, 'laminat/impressive-patterns/laminat-quick-step-impressive-patterns-dub-prirodniy-bezheviy-brashirovanniy-ipa4143', 'Купить Ламинат Quick Step Impressive Patterns Дуб природный бежевый брашированный IPA4143', NULL, NULL, 1, '2020-11-21 22:42:01', '2020-11-30 15:38:39'),
(790, 'standartniy-plintus-quick-step-dub-prirodniy-bezheviy-brashirovanniy-qssk04143', 'Купить Стандартный плинтус Quick Step Дуб природный бежевый брашированный QSSK04143', NULL, NULL, 0, '2020-11-21 22:42:04', '2020-11-21 22:42:04'),
(791, 'laminat/impressive-patterns/laminat-quick-step-impressive-patterns-tekstil-naturalniy-ipe4511', 'Купить Ламинат Quick Step Impressive Patterns Текстиль натуральный IPE4511', NULL, NULL, 1, '2020-11-21 22:42:09', '2020-11-30 15:38:39'),
(792, 'standartniy-plintus-quick-step-kholst-qssk01557', 'Купить Стандартный плинтус Quick Step Холст QSSK01557', NULL, NULL, 0, '2020-11-21 22:42:12', '2020-11-21 22:42:12'),
(793, 'laminat/impressive-patterns/laminat-quick-step-impressive-patterns-dub-kofeyniy-brashirovanniy-ipa4145', 'Купить Ламинат Quick Step Impressive Patterns Дуб кофейный брашированный IPA4145', NULL, NULL, 1, '2020-11-21 22:42:19', '2020-11-30 15:38:39'),
(794, 'standartniy-plintus-quick-step-dub-kofeyniy-brashirovanniy-qssk04145', 'Купить Стандартный плинтус Quick Step Дуб кофейный брашированный QSSK04145', NULL, NULL, 0, '2020-11-21 22:42:29', '2020-11-21 22:42:29'),
(795, 'laminat/impressive-ultra', 'Impressive Ultra', NULL, '<h1>Impressive Ultra</h1><p>Quick-Step с гордостью представляет новое поколение полов: самый натуральный водостойкий ламинат. Идеальный баланс структуры и фаски. Уникальное водоотталкивающее покрытие фаски.</p>', 1, '2020-11-21 22:55:54', '2020-11-21 22:55:54'),
(796, 'laminat/impressive-ultra/laminat-quick-step-impressive-ultra-dub-svetliy-imu1847', 'Купить Ламинат Quick Step Impressive Ultra Дуб светлый IMU1847', NULL, NULL, 1, '2020-11-21 23:11:37', '2020-11-30 15:39:43'),
(797, 'laminat/impressive-ultra/laminat-quick-step-impressive-ultra-dub-naturalniy-imu1848', 'Купить Ламинат Quick Step Impressive Ultra Дуб натуральный IMU1848', NULL, NULL, 1, '2020-11-21 23:11:46', '2020-11-30 15:39:44'),
(798, 'laminat/impressive-ultra/laminat-quick-step-impressive-ultra-dub-korichneviy-imu1849', 'Купить Ламинат Quick Step Impressive Ultra Дуб коричневый IMU1849', NULL, NULL, 1, '2020-11-21 23:11:52', '2020-11-30 15:39:44'),
(799, 'laminat/impressive-ultra/laminat-quick-step-impressive-ultra-dub-dymchatiy-imu1993', 'Купить Ламинат Quick Step Impressive Ultra Дуб дымчатый IMU1993', NULL, NULL, 1, '2020-11-21 23:11:59', '2020-11-30 15:39:44'),
(800, 'laminat/impressive-ultra/laminat-quick-step-impressive-ultra-dub-yuzhniy-imu1994', 'Купить Ламинат Quick Step Impressive Ultra Дуб южный IMU1994', NULL, NULL, 1, '2020-11-21 23:12:07', '2020-11-30 15:39:44'),
(801, 'laminat/impressive-ultra/laminat-quick-step-impressive-ultra-dub-fantaziyniy-beliy-imu3559', 'Купить Ламинат Quick Step Impressive Ultra Дуб фантазийный белый IMU3559', NULL, NULL, 1, '2020-11-21 23:12:15', '2020-11-30 15:39:44'),
(802, 'laminat/impressive-ultra/laminat-quick-step-impressive-ultra-dub-derevenskiy-imu1851', 'Купить Ламинат Quick Step Impressive Ultra Дуб деревенский IMU1851', NULL, NULL, 1, '2020-11-21 23:12:27', '2020-11-30 15:39:44'),
(803, 'laminat/impressive-ultra/laminat-quick-step-impressive-ultra-doska-naturalnogo-duba-lakirovannaya-imu3106', 'Купить Ламинат Quick Step Impressive Ultra Доска натурального дуба лакированная IMU3106', NULL, NULL, 1, '2020-11-21 23:12:35', '2020-11-30 15:39:44'),
(804, 'laminat/impressive-ultra/laminat-quick-step-impressive-ultra-doska-belogo-duba-lakirovannaya-imu3105', 'Купить Ламинат Quick Step Impressive Ultra Доска белого дуба лакированная IMU3105', NULL, NULL, 1, '2020-11-21 23:12:42', '2020-11-30 15:39:44'),
(805, 'laminat/impressive-ultra/laminat-quick-step-impressive-ultra-dub-pepelniy-imu1992', 'Купить Ламинат Quick Step Impressive Ultra Дуб пепельный IMU1992', NULL, NULL, 1, '2020-11-21 23:12:49', '2020-11-30 15:39:44'),
(806, 'laminat/impressive-ultra/laminat-quick-step-impressive-ultra-dub-bordo-imu1995', 'Купить Ламинат Quick Step Impressive Ultra Дуб бордо IMU1995', NULL, NULL, 1, '2020-11-21 23:13:16', '2020-11-30 15:39:44'),
(807, 'laminat/impressive-ultra/laminat-quick-step-impressive-ultra-dub-svetliy-naturalniy-imu4664', 'Купить Ламинат Quick Step Impressive Ultra Дуб светлый натуральный IMU4664', NULL, NULL, 1, '2020-11-21 23:23:42', '2020-11-30 15:39:44'),
(808, 'laminat/impressive-ultra/laminat-quick-step-impressive-ultra-dub-sero-bezheviy-imu4663', 'Купить Ламинат Quick Step Impressive Ultra Дуб серо-бежевый IMU4663', NULL, NULL, 1, '2020-11-21 23:23:58', '2020-11-30 15:39:44'),
(809, 'laminat/impressive-ultra/laminat-quick-step-impressive-ultra-dub-seriy-lakirovanniy-imu4665', 'Купить Ламинат Quick Step Impressive Ultra Дуб серый лакированный IMU4665', NULL, NULL, 1, '2020-11-21 23:24:04', '2020-11-30 15:39:44'),
(810, 'laminat/impressive-ultra/laminat-quick-step-impressive-ultra-dub-fantaziyniy-svetlo-seriy-imu3560', 'Купить Ламинат Quick Step Impressive Ultra Дуб фантазийный светло-серый IMU3560', NULL, NULL, 1, '2020-11-21 23:24:12', '2020-11-30 15:39:44'),
(811, 'laminat/impressive-ultra/laminat-quick-step-impressive-ultra-dub-pesochniy-imu1853', 'Купить Ламинат Quick Step Impressive Ultra Дуб песочный IMU1853', NULL, NULL, 1, '2020-11-21 23:24:18', '2020-11-30 15:39:44'),
(812, 'laminat/impressive-ultra/laminat-quick-step-impressive-ultra-dub-etnicheskiy-seriy-imu3558', 'Купить Ламинат Quick Step Impressive Ultra Дуб этнический серый IMU3558', NULL, NULL, 1, '2020-11-21 23:24:26', '2020-11-30 15:39:44'),
(813, 'laminat/impressive-ultra/laminat-quick-step-impressive-ultra-svetlo-seriy-beton-imu1861', 'Купить Ламинат Quick Step Impressive Ultra Светло-серый бетон IMU1861', NULL, NULL, 1, '2020-11-21 23:24:33', '2020-11-30 15:39:44'),
(814, 'laminat/majestic', 'Majestic', NULL, '<h1>Majestic</h1><p>Majestik - это супердлинные и суперширокие планки глубокой брашированной, водостойкой поверхностью наполняет королевской роскошью ваш интерьер.</p>', 1, '2020-11-21 23:37:45', '2020-11-21 23:37:45'),
(815, 'laminat/majestic/laminat-quick-step-majestic-dub-pustynniy-tepliy-naturalniy-mj3551', 'Купить Ламинат Quick Step Majestic Дуб пустынный теплый натуральный MJ3551', NULL, NULL, 1, '2020-11-22 12:34:37', '2020-11-30 15:41:06'),
(816, 'standartniy-plintus-quick-step-dub-pustynniy-tepliy-naturalniy-qssk03551', 'Купить Стандартный плинтус Quick Step Дуб пустынный теплый натуральный QSSK03551', NULL, NULL, 0, '2020-11-22 12:34:40', '2020-11-22 12:34:40'),
(817, 'laminat/majestic/laminat-quick-step-majestic-dub-dolinniy-svetlo-bezheviy-mj3554', 'Купить Ламинат Quick Step Majestic Дуб долинный светло-бежевый MJ3554', NULL, NULL, 1, '2020-11-22 12:34:50', '2020-11-30 15:41:06'),
(818, 'standartniy-plintus-quick-step-dub-dolinniy-svetlo-bezheviy-qssk03554', 'Купить Стандартный плинтус Quick Step Дуб долинный светло-бежевый QSSK03554', NULL, NULL, 0, '2020-11-22 12:34:53', '2020-11-22 12:34:53'),
(819, 'laminat/majestic/laminat-quick-step-majestic-dub-lesnoy-massiv-korichneviy-mj3548', 'Купить Ламинат Quick Step Majestic Дуб лесной массив коричневый MJ3548', NULL, NULL, 1, '2020-11-22 12:35:00', '2020-11-30 15:41:06'),
(820, 'standartniy-plintus-quick-step-dub-lesnoy-massiv-korichneviy-qssk03548', 'Купить Стандартный плинтус Quick Step Дуб лесной массив коричневый QSSK03548', NULL, NULL, 0, '2020-11-22 12:35:02', '2020-11-22 12:35:02'),
(821, 'laminat/majestic/laminat-quick-step-majestic-dub-pustynniy-svetliy-naturalniy-mj3550', 'Купить Ламинат Quick Step Majestic Дуб пустынный светлый натуральный MJ3550', NULL, NULL, 1, '2020-11-22 12:35:06', '2020-11-30 15:41:06'),
(822, 'standartniy-plintus-quick-step-dub-pustynniy-svetliy-naturalniy-qssk03550', 'Купить Стандартный плинтус Quick Step Дуб пустынный светлый натуральный QSSK03550', NULL, NULL, 0, '2020-11-22 12:35:10', '2020-11-22 12:35:10'),
(823, 'laminat/majestic/laminat-quick-step-majestic-dub-lesnoy-massiv-svetlo-seriy-mj3547', 'Купить Ламинат Quick Step Majestic Дуб лесной массив светло-серый MJ3547', NULL, NULL, 1, '2020-11-22 12:35:16', '2020-11-30 15:41:06'),
(824, 'standartniy-plintus-quick-step-dub-lesnoy-massiv-svetlo-seriy-qssk03547', 'Купить Стандартный плинтус Quick Step Дуб лесной массив светло-серый QSSK03547', NULL, NULL, 0, '2020-11-22 12:35:19', '2020-11-22 12:35:19'),
(825, 'laminat/majestic/laminat-quick-step-majestic-dub-pustynniy-shlifovanniy-temno-korichneviy-mj3553', 'Купить Ламинат Quick Step Majestic Дуб пустынный шлифованный темно-коричневый MJ3553', NULL, NULL, 1, '2020-11-22 12:35:26', '2020-11-30 15:41:06'),
(826, 'standartniy-plintus-quick-step-dub-pustynniy-shlifovanniy-temno-korichneviy-qssk03553', 'Купить Стандартный плинтус Quick Step Дуб пустынный шлифованный темно-коричневый QSSK03553', NULL, NULL, 0, '2020-11-22 12:35:29', '2020-11-22 12:35:29'),
(827, 'laminat/majestic/laminat-quick-step-majestic-dub-pustynniy-shlifovanniy-seriy-mj3552', 'Купить Ламинат Quick Step Majestic Дуб пустынный шлифованный серый MJ3552', NULL, NULL, 1, '2020-11-22 12:35:35', '2020-11-30 15:41:06'),
(828, 'standartniy-plintus-quick-step-dub-pustynniy-shlifovanniy-seriy-qssk03552', 'Купить Стандартный плинтус Quick Step Дуб пустынный шлифованный серый QSSK03552', NULL, NULL, 0, '2020-11-22 12:35:38', '2020-11-22 12:35:38'),
(829, 'laminat/majestic/laminat-quick-step-majestic-dub-dolinniy-svetlo-korichneviy-mj3555', 'Купить Ламинат Quick Step Majestic Дуб долинный светло-коричневый MJ3555', NULL, NULL, 1, '2020-11-22 12:35:45', '2020-11-30 15:41:06'),
(830, 'standartniy-plintus-quick-step-dub-dolinniy-svetlo-korichneviy-qssk03555', 'Купить Стандартный плинтус Quick Step Дуб долинный светло-коричневый QSSK03555', NULL, NULL, 0, '2020-11-22 12:35:47', '2020-11-22 12:35:47'),
(831, 'laminat/majestic/laminat-quick-step-majestic-dub-lesnoy-massiv-bezheviy-mj3545', 'Купить Ламинат Quick Step Majestic Дуб лесной массив бежевый MJ3545', NULL, NULL, 1, '2020-11-22 12:35:53', '2020-11-30 15:41:06'),
(832, 'standartniy-plintus-quick-step-dub-lesnoy-massiv-bezheviy-qssk03545', 'Купить Стандартный плинтус Quick Step Дуб лесной массив бежевый QSSK03545', NULL, NULL, 0, '2020-11-22 12:35:56', '2020-11-22 12:35:56'),
(833, 'laminat/majestic/laminat-quick-step-majestic-dub-lesnoy-massiv-naturalniy-mj3546', 'Купить Ламинат Quick Step Majestic Дуб лесной массив натуральный MJ3546', NULL, NULL, 1, '2020-11-22 12:36:06', '2020-11-30 15:41:06'),
(834, 'standartniy-plintus-quick-step-dub-lesnoy-massiv-naturalniy-qssk03546', 'Купить Стандартный плинтус Quick Step Дуб лесной массив натуральный QSSK03546', NULL, NULL, 0, '2020-11-22 12:36:09', '2020-11-22 12:36:09'),
(835, 'laminat/perspective', 'Perspective', NULL, '<h1>Perspective</h1><p>Элегантный баланс длинны и ширины планки с гладкой отделкой с глубокой фаской или контрастной с микрофаской.</p>', 1, '2020-11-22 12:45:00', '2020-11-22 12:45:00'),
(836, 'laminat/perspective/laminat-quick-step-perspective-dub-italyanskiy-bezheviy-uf3832', 'Купить Ламинат Quick Step Perspective Дуб итальянский бежевый UF3832', NULL, NULL, 1, '2020-11-22 20:58:56', '2020-11-30 15:42:11'),
(837, 'laminat/perspective/laminat-quick-step-perspective-dub-italyanskiy-svetlo-seriy-uf3831', 'Купить Ламинат Quick Step Perspective Дуб итальянский светло-серый UF3831', NULL, NULL, 1, '2020-11-22 20:59:04', '2020-11-30 15:42:11'),
(838, 'laminat/perspective/laminat-quick-step-perspective-dub-prirodniy-korichneviy-uf3579', 'Купить Ламинат Quick Step Perspective Дуб природный коричневый UF3579', NULL, NULL, 1, '2020-11-22 20:59:13', '2020-11-30 15:42:11'),
(839, 'standartniy-plintus-quick-step-dub-prirodniy-korichneviy-qssk03579', 'Купить Стандартный плинтус Quick Step Дуб природный коричневый QSSK03579', NULL, NULL, 0, '2020-11-22 20:59:16', '2020-11-22 20:59:16'),
(840, 'laminat/perspective/laminat-quick-step-perspective-doska-duba-svetlo-serogo-starinnogo-uf1406', 'Купить Ламинат Quick Step Perspective Доска дуба светло-серого старинного UF1406', NULL, NULL, 1, '2020-11-22 20:59:22', '2020-11-30 15:42:11'),
(841, 'laminat/perspective/laminat-quick-step-perspective-doska-duba-serogo-starinnogo-uf1388', 'Купить Ламинат Quick Step Perspective Доска дуба серого старинного UF1388', NULL, NULL, 1, '2020-11-22 20:59:29', '2020-11-30 15:42:11'),
(842, 'laminat/perspective/laminat-quick-step-perspective-dub-prirodniy-naturalniy-uf3578', 'Купить Ламинат Quick Step Perspective Дуб природный натуральный UF3578', NULL, NULL, 1, '2020-11-22 20:59:34', '2020-11-30 15:42:12'),
(843, 'laminat/perspective/laminat-quick-step-perspective-doska-duba-belogo-svetlaya-uf1491', 'Купить Ламинат Quick Step Perspective Доска дуба белого светлая UF1491', NULL, NULL, 1, '2020-11-22 20:59:41', '2020-11-30 15:42:12'),
(844, 'standartniy-plintus-quick-step-doska-duba-belogo-svetlaya-qssk01491', 'Купить Стандартный плинтус Quick Step Доска дуба белого светлая QSSK01491', NULL, NULL, 0, '2020-11-22 20:59:44', '2020-11-22 20:59:44'),
(845, 'laminat/perspective/laminat-quick-step-perspective-doska-duba-belogo-medium-uf1492', 'Купить Ламинат Quick Step Perspective Доска дуба белого медиум UF1492', NULL, NULL, 1, '2020-11-22 20:59:52', '2020-11-30 15:42:12'),
(846, 'standartniy-plintus-quick-step-doska-duba-belogo-medium-qssk01492', 'Купить Стандартный плинтус Quick Step Доска дуба белого медиум QSSK01492', NULL, NULL, 0, '2020-11-22 20:59:55', '2020-11-22 20:59:55'),
(847, 'laminat/perspective/laminat-quick-step-perspective-doska-dubovaya-svetlaya-potertaya-uf1303', 'Купить Ламинат Quick Step Perspective Доска дубовая светлая потертая UF1303', NULL, NULL, 1, '2020-11-22 21:00:02', '2020-11-30 15:42:12'),
(848, 'standartniy-plintus-quick-step-doska-dubovaya-svetlaya-potertaya-qssk01303', 'Купить Стандартный плинтус Quick Step Доска дубовая светлая потертая QSSK01303', NULL, NULL, 0, '2020-11-22 21:00:05', '2020-11-22 21:00:05'),
(849, 'laminat/perspective/laminat-quick-step-perspective-doska-duba-belogo-zatemnennaya-uf1496', 'Купить Ламинат Quick Step Perspective Доска дуба белого затемненная UF1496', NULL, NULL, 1, '2020-11-22 21:00:13', '2020-11-30 15:42:12'),
(850, 'standartniy-plintus-quick-step-doska-duba-belogo-zatemnennaya-qssk01496', 'Купить Стандартный плинтус Quick Step Доска дуба белого затемненная QSSK01496', NULL, NULL, 0, '2020-11-22 21:00:16', '2020-11-22 21:00:16'),
(851, 'laminat/perspective/laminat-quick-step-perspective-dub-starinniy-seriy-uf3575', 'Купить Ламинат Quick Step Perspective Дуб старинный серый UF3575', NULL, NULL, 1, '2020-11-22 21:00:22', '2020-11-30 15:42:12'),
(852, 'standartniy-plintus-quick-step-dub-starinniy-seriy-qssk03575', 'Купить Стандартный плинтус Quick Step Дуб старинный серый QSSK03575', NULL, NULL, 0, '2020-11-22 21:00:25', '2020-11-22 21:00:25'),
(853, 'laminat/perspective/laminat-quick-step-perspective-doska-duba-matovaya-promaslennaya-uf312-2', 'Купить Ламинат Quick Step Perspective Доска дуба матовая промасленная UF312-2', NULL, NULL, 1, '2020-11-22 21:00:31', '2020-11-30 15:42:12'),
(854, 'standartniy-plintus-quick-step-doska-duba-matovaya-promaslennaya-qssk00312', 'Купить Стандартный плинтус Quick Step Доска дуба матовая промасленная QSSK00312', NULL, NULL, 0, '2020-11-22 21:00:34', '2020-11-22 21:00:34'),
(855, 'laminat/perspective/laminat-quick-step-perspective-doska-belogo-duba-lakirovannaya-uf915-2', 'Купить Ламинат Quick Step Perspective Доска белого дуба лакированная UF915-2', NULL, NULL, 1, '2020-11-22 21:00:40', '2020-11-30 15:42:12'),
(856, 'laminat/perspective/laminat-quick-step-perspective-venge-intensivniy-uf1300-2', 'Купить Ламинат Quick Step Perspective Венге интенсивный UF1300-2', NULL, NULL, 1, '2020-11-22 21:00:46', '2020-11-30 15:42:12'),
(857, 'laminat/perspective/laminat-quick-step-perspective-doska-dubovaya-svetlo-seraya-lakirovannaya-uf1304-2', 'Купить Ламинат Quick Step Perspective Доска дубовая светло-серая лакированная UF1304-2', NULL, NULL, 1, '2020-11-22 21:00:53', '2020-11-30 15:42:12'),
(858, 'standartniy-plintus-quick-step-doska-dubovaya-svetlo-seraya-lakirovannaya-qssk01304', 'Купить Стандартный плинтус Quick Step Доска дубовая светло-серая лакированная QSSK01304', NULL, NULL, 0, '2020-11-22 21:00:56', '2020-11-22 21:00:56'),
(859, 'laminat/perspective/laminat-quick-step-perspective-sosna-belaya-zatertaya-uf1235-2', 'Купить Ламинат Quick Step Perspective Сосна белая затертая UF1235-2', NULL, NULL, 1, '2020-11-22 21:01:08', '2020-11-30 15:42:12'),
(860, 'laminat/perspective/laminat-quick-step-perspective-dub-pochtenniy-naturalniy-promaslenniy-uf1157-2', 'Купить Ламинат Quick Step Perspective Дуб почтенный натуральный промасленный UF1157-2', NULL, NULL, 1, '2020-11-22 21:01:18', '2020-11-30 15:42:12'),
(861, 'standartniy-plintus-quick-step-dub-pochtenniy-naturalniy-promaslenniy-qssk01157', 'Купить Стандартный плинтус Quick Step Дуб почтенный натуральный промасленный QSSK01157', NULL, NULL, 0, '2020-11-22 21:01:20', '2020-11-22 21:01:20'),
(862, 'laminat/perspective/laminat-quick-step-perspective-dub-italyanskiy-svetlo-seriy-petchvork-uf3831p', 'Купить Ламинат Quick Step Perspective Дуб итальянский светло-серый пэтчворк UF3831P', NULL, NULL, 1, '2020-11-22 21:01:25', '2020-11-30 15:42:12'),
(863, 'laminat/perspective/laminat-quick-step-perspective-doska-merbau-uf996-2', 'Купить Ламинат Quick Step Perspective Доска мербау UF996-2', NULL, NULL, 1, '2020-11-22 21:01:32', '2020-11-30 15:42:12'),
(864, 'standartniy-plintus-quick-step-doska-merbau-qssk00996', 'Купить Стандартный плинтус Quick Step Доска мербау QSSK00996', NULL, NULL, 0, '2020-11-22 21:01:35', '2020-11-22 21:01:35'),
(865, 'laminat/perspective/laminat-quick-step-perspective-doska-orekhovaya-promaslennaya-uf1043-2', 'Купить Ламинат Quick Step Perspective Доска ореховая промасленная UF1043-2', NULL, NULL, 1, '2020-11-22 21:01:41', '2020-11-30 15:42:12'),
(866, 'laminat/perspective/laminat-quick-step-perspective-dub-italyanskiy-bezheviy-petchvork-uf3832p', 'Купить Ламинат Quick Step Perspective Дуб итальянский бежевый пэтчворк UF3832P', NULL, NULL, 1, '2020-11-22 21:01:49', '2020-11-30 15:42:12'),
(867, 'laminat/perspective/laminat-quick-step-perspective-doska-venge-uf1000-2', 'Купить Ламинат Quick Step Perspective Доска венге UF1000-2', NULL, NULL, 1, '2020-11-22 21:01:57', '2020-11-30 15:42:12'),
(868, 'vinil', 'Винил', NULL, NULL, 1, '2020-11-22 21:25:17', '2020-11-22 21:25:17'),
(869, 'vinil/ambient-click', 'Ambient Click', NULL, '<h1>Ambient Click</h1>', 1, '2020-11-22 22:45:43', '2020-11-22 22:45:43'),
(870, 'vinil/ambient-glue-plus', 'Ambient Glue Plus', NULL, '<h1>Ambient Glue Plus</h1>', 1, '2020-11-22 23:46:36', '2020-11-22 23:46:36'),
(871, 'vinil/ambient-rigid-click', 'Ambient Rigid Click', NULL, '<h1>Ambient Rigid Click</h1>', 1, '2020-11-23 18:16:20', '2020-11-23 18:16:20'),
(872, 'vinil/balance-click', 'Balance Click', NULL, '<h1>Balance Click</h1>', 1, '2020-11-24 12:18:59', '2020-11-24 12:18:59'),
(873, 'vinil/balance-click-plus', 'Balance Click Plus', NULL, '<h1>Balance Click Plus</h1>', 1, '2020-11-24 19:51:12', '2020-11-24 19:51:12'),
(874, 'vinil/balance-glue-plus', 'Balance Glue Plus', NULL, '<h1>Balance Glue Plus</h1>', 1, '2020-11-24 20:40:05', '2020-11-24 20:40:05'),
(875, 'vinil/balance-rigid-click', 'Balance Rigid Click', NULL, '<h1>Balance Rigid Click</h1>', 1, '2020-11-24 22:33:41', '2020-11-24 22:33:41'),
(876, 'vinil/pulse-click', 'Pulse Click', NULL, '<h1>Pulse Click<br></h1>', 1, '2020-11-24 22:47:03', '2020-11-24 22:47:03'),
(877, 'vinil/pulse-rigid-click', 'Pulse Rigid Click', NULL, '<h1>Pulse Rigid Click<br></h1>', 1, '2020-11-24 23:01:03', '2020-11-24 23:01:03'),
(878, 'pol', 'Пол', NULL, '<p><br></p>', 1, '2020-11-27 23:28:33', '2020-11-27 23:28:33'),
(881, 'vinil/ambient-click/vinil-quick-step-ambient-click-beton-tyopliy-seriy-amcl40050', 'Купить Винил Quick Step Ambient Click Бетон тёплый серый AMCL40050', NULL, NULL, 1, '2020-11-29 14:43:30', '2020-11-30 15:46:53'),
(882, 'plintus-standartniy-dlya-livyn-balance-quick-step-beton-tyopliy-seriy-qsvskra40050', 'Купить Плинтус Стандартный для LIVYN BALANCE Quick Step Бетон тёплый серый QSVSKRA40050', NULL, NULL, 0, '2020-11-29 14:43:39', '2020-11-29 14:43:39'),
(883, 'vinil/ambient-click/vinil-quick-step-ambient-click-mramor-karrarskiy-beliy-amcl40136', 'Купить Винил Quick Step Ambient Click Мрамор каррарский белый AMCL40136', NULL, NULL, 1, '2020-11-29 14:43:47', '2020-11-30 15:46:53'),
(884, 'plintus-standartniy-dlya-livyn-balance-quick-step-mramor-karrarskiy-beliy-qsvskra40136', 'Купить Плинтус Стандартный для LIVYN BALANCE Quick Step Мрамор каррарский белый QSVSKRA40136', NULL, NULL, 0, '2020-11-29 14:43:50', '2020-11-29 14:43:50'),
(885, 'vinil/ambient-click/vinil-quick-step-ambient-click-slanets-chyorniy-amcl40035', 'Купить Винил Quick Step Ambient Click Сланец чёрный AMCL40035', NULL, NULL, 1, '2020-11-29 14:44:13', '2020-11-30 15:46:53'),
(886, 'plintus-standartniy-dlya-livyn-balance-quick-step-slanets-chyorniy-qsvskra40035', 'Купить Плинтус Стандартный для LIVYN BALANCE Quick Step Сланец чёрный QSVSKRA40035', NULL, NULL, 0, '2020-11-29 14:44:16', '2020-11-29 14:44:16'),
(887, 'vinil/ambient-click/vinil-quick-step-ambient-click-beton-svetliy-amcl40049', 'Купить Винил Quick Step Ambient Click Бетон светлый AMCL40049', NULL, NULL, 1, '2020-11-29 14:44:22', '2020-11-30 15:46:53'),
(888, 'plintus-standartniy-dlya-livyn-balance-quick-step-beton-svetliy-qsvskra40049', 'Купить Плинтус Стандартный для LIVYN BALANCE Quick Step Бетон светлый QSVSKRA40049', NULL, NULL, 0, '2020-11-29 14:44:24', '2020-11-29 14:44:24'),
(889, 'vinil/ambient-click/vinil-quick-step-ambient-click-mineralnaya-kroshka-pesochnaya-amcl40137', 'Купить Винил Quick Step Ambient Click Минеральная крошка песочная AMCL40137', NULL, NULL, 1, '2020-11-29 14:44:31', '2020-11-30 15:46:53'),
(890, 'plintus-standartniy-dlya-livyn-balance-quick-step-mineralnaya-kroshka-pesochnaya-qsvskra40137', 'Купить Плинтус Стандартный для LIVYN BALANCE Quick Step Минеральная крошка песочная QSVSKRA40137', NULL, NULL, 0, '2020-11-29 14:44:34', '2020-11-29 14:44:34'),
(891, 'vinil/ambient-click/vinil-quick-step-ambient-click-mineralnaya-kroshka-seraya-amcl40138', 'Купить Винил Quick Step Ambient Click Минеральная крошка серая AMCL40138', NULL, NULL, 1, '2020-11-29 14:44:39', '2020-11-30 15:46:53'),
(892, 'plintus-standartniy-dlya-livyn-balance-quick-step-mineralnaya-kroshka-seraya-qsvskra40138', 'Купить Плинтус Стандартный для LIVYN BALANCE Quick Step Минеральная крошка серая QSVSKRA40138', NULL, NULL, 0, '2020-11-29 14:44:42', '2020-11-29 14:44:42'),
(893, 'vinil/ambient-click/vinil-quick-step-ambient-click-shlifovanniy-beton-temno-seriy-amcl40141', 'Купить Винил Quick Step Ambient Click Шлифованный бетон темно-серый AMCL40141', NULL, NULL, 1, '2020-11-29 14:44:53', '2020-11-30 15:46:53'),
(894, 'plintus-standartniy-dlya-livyn-balance-quick-step-shlifovanniy-beton-temno-seriy-qsvskra40141', 'Купить Плинтус Стандартный для LIVYN BALANCE Quick Step Шлифованный бетон темно-серый QSVSKRA40141', NULL, NULL, 0, '2020-11-29 14:44:55', '2020-11-29 14:44:55'),
(895, 'vinil/ambient-glue-plus/vinil-quick-step-ambient-glue-plus-slanets-chyorniy-amgp40035', 'Купить Винил Quick Step Ambient Glue Plus Сланец чёрный AMGP40035', NULL, NULL, 1, '2020-11-30 12:51:25', '2020-11-30 15:49:03'),
(896, 'vinil/ambient-glue-plus/vinil-quick-step-ambient-glue-plus-beton-svetliy-amgp40049', 'Купить Винил Quick Step Ambient Glue Plus Бетон светлый AMGP40049', NULL, NULL, 1, '2020-11-30 12:51:33', '2020-11-30 15:49:03'),
(897, 'vinil/ambient-glue-plus/vinil-quick-step-ambient-glue-plus-mramor-karrarskiy-beliy-amgp40136', 'Купить Винил Quick Step Ambient Glue Plus Мрамор каррарский белый AMGP40136', NULL, NULL, 1, '2020-11-30 12:51:45', '2020-11-30 15:49:03'),
(898, 'vinil/ambient-glue-plus/vinil-quick-step-ambient-glue-plus-beton-tyopliy-seriy-amgp40050', 'Купить Винил Quick Step Ambient Glue Plus Бетон тёплый серый AMGP40050', NULL, NULL, 1, '2020-11-30 12:51:52', '2020-11-30 15:49:03'),
(899, 'vinil/ambient-glue-plus/vinil-quick-step-ambient-glue-plus-mineralnaya-kroshka-seraya-amgp40138', 'Купить Винил Quick Step Ambient Glue Plus Минеральная крошка серая AMGP40138', NULL, NULL, 1, '2020-11-30 12:51:58', '2020-11-30 15:49:03'),
(900, 'vinil/ambient-glue-plus/vinil-quick-step-ambient-glue-plus-mineralnaya-kroshka-pesochnaya-amgp40137', 'Купить Винил Quick Step Ambient Glue Plus Минеральная крошка песочная AMGP40137', NULL, NULL, 1, '2020-11-30 12:52:06', '2020-11-30 15:49:03'),
(901, 'vinil/ambient-glue-plus/vinil-quick-step-ambient-glue-plus-shlifovanniy-beton-temno-seriy-amgp40141', 'Купить Винил Quick Step Ambient Glue Plus Шлифованный бетон темно-серый AMGP40141', NULL, NULL, 1, '2020-11-30 12:52:14', '2020-11-30 15:49:03'),
(902, 'vinil/ambient-rigid-click/vinil-quick-step-ambient-rigid-click-mramor-karrarskiy-beliy-ramcl40136', 'Купить Винил Quick Step Ambient Rigid Click Мрамор каррарский белый RAMCL40136', NULL, NULL, 1, '2020-11-30 18:28:02', '2020-11-30 18:28:02'),
(903, 'vinil/ambient-rigid-click/vinil-quick-step-ambient-rigid-click-slanets-seriy-ramcl40034', 'Купить Винил Quick Step Ambient Rigid Click Сланец серый RAMCL40034', NULL, NULL, 1, '2020-11-30 18:28:08', '2020-11-30 18:28:08'),
(904, 'vinil/ambient-rigid-click/vinil-quick-step-ambient-rigid-click-shlifovanniy-beton-svetlo-seriy-ramcl40139', 'Купить Винил Quick Step Ambient Rigid Click Шлифованный бетон светло-серый RAMCL40139', NULL, NULL, 1, '2020-11-30 18:28:21', '2020-11-30 18:28:21'),
(905, 'vinil/ambient-rigid-click/vinil-quick-step-ambient-rigid-click-shlifovanniy-beton-seriy-ramcl40140', 'Купить Винил Quick Step Ambient Rigid Click Шлифованный бетон серый RAMCL40140', NULL, NULL, 1, '2020-11-30 18:28:30', '2020-11-30 18:28:30'),
(906, 'vinil/balance-click/vinil-quick-step-balance-click-kashtan-vintazhniy-naturalniy-bacl40029', 'Купить Винил Quick Step Balance Click Каштан винтажный натуральный BACL40029', NULL, NULL, 1, '2020-11-30 18:42:03', '2020-11-30 18:42:03'),
(907, 'plintus-standartniy-dlya-livyn-balance-quick-step-kashtan-vintazhniy-naturalniy-qsvskra40029', 'Купить Плинтус Стандартный для LIVYN BALANCE Quick Step Каштан винтажный натуральный QSVSKRA40029', NULL, NULL, 0, '2020-11-30 18:42:06', '2020-11-30 18:42:06'),
(908, 'vinil/balance-click/vinil-quick-step-balance-click-klassicheskiy-naturalniy-dub-bacl40023', 'Купить Винил Quick Step Balance Click Классический натуральный дуб BACL40023', NULL, NULL, 1, '2020-11-30 18:42:12', '2020-11-30 18:42:12'),
(909, 'plintus-standartniy-dlya-livyn-balance-quick-step-klassicheskiy-naturalniy-dub-qsvskra40023', 'Купить Плинтус Стандартный для LIVYN BALANCE Quick Step Классический натуральный дуб QSVSKRA40023', NULL, NULL, 0, '2020-11-30 18:42:14', '2020-11-30 18:42:14'),
(910, 'vinil/balance-click/vinil-quick-step-balance-click-dub-kanon-bezheviy-bacl40038', 'Купить Винил Quick Step Balance Click Дуб каньон бежевый BACL40038', NULL, NULL, 1, '2020-11-30 18:42:22', '2020-11-30 18:42:22'),
(911, 'plintus-standartniy-dlya-livyn-balance-quick-step-dub-kanon-bezheviy-qsvskra40038', 'Купить Плинтус Стандартный для LIVYN BALANCE Quick Step Дуб каньон бежевый QSVSKRA40038', NULL, NULL, 0, '2020-11-30 18:42:25', '2020-11-30 18:42:25'),
(912, 'vinil/balance-click/vinil-quick-step-balance-click-dub-kanon-svetliy-pilyoniy-bacl40128', 'Купить Винил Quick Step Balance Click Дуб каньон светлый пилёный BACL40128', NULL, NULL, 1, '2020-11-30 18:42:31', '2020-11-30 18:42:31'),
(913, 'plintus-standartniy-dlya-livyn-balance-quick-step-dub-kanon-svetliy-pilyoniy-qsvskra40128', 'Купить Плинтус Стандартный для LIVYN BALANCE Quick Step Дуб каньон светлый пилёный QSVSKRA40128', NULL, NULL, 0, '2020-11-30 18:42:33', '2020-11-30 18:42:33'),
(914, 'vinil/balance-click/vinil-quick-step-balance-click-artizan-seriy-bacl40040', 'Купить Винил Quick Step Balance Click Артизан серый BACL40040', NULL, NULL, 1, '2020-11-30 18:59:50', '2020-11-30 18:59:50'),
(915, 'plintus-standartniy-dlya-livyn-balance-quick-step-artizan-seriy-qsvskra40040', 'Купить Плинтус Стандартный для LIVYN BALANCE Quick Step Артизан серый QSVSKRA40040', NULL, NULL, 0, '2020-11-30 18:59:52', '2020-11-30 18:59:52'),
(916, 'vinil/balance-click/vinil-quick-step-balance-click-dub-kottedzh-temno-korichneviy-bacl40027', 'Купить Винил Quick Step Balance Click Дуб коттедж темно-коричневый BACL40027', NULL, NULL, 1, '2020-11-30 19:00:01', '2020-11-30 19:00:01'),
(917, 'plintus-standartniy-dlya-livyn-balance-quick-step-dub-kottedzh-temno-korichneviy-qsvskra40027', 'Купить Плинтус Стандартный для LIVYN BALANCE Quick Step Дуб коттедж темно-коричневый QSVSKRA40027', NULL, NULL, 0, '2020-11-30 19:00:12', '2020-11-30 19:00:12'),
(918, 'vinil/balance-click/vinil-quick-step-balance-click-dub-svetliy-otborniy-bacl40032', 'Купить Винил Quick Step Balance Click Дуб светлый отборный BACL40032', NULL, NULL, 1, '2020-11-30 19:03:16', '2020-11-30 19:03:16'),
(919, 'plintus-standartniy-dlya-livyn-balance-quick-step-dub-svetliy-otborniy-qsvskra40032', 'Купить Плинтус Стандартный для LIVYN BALANCE Quick Step Дуб светлый отборный QSVSKRA40032', NULL, NULL, 0, '2020-11-30 19:03:18', '2020-11-30 19:03:18'),
(920, 'vinil/balance-click/vinil-quick-step-balance-click-zhemchuzhniy-sero-korichneviy-dub-bacl40133', 'Купить Винил Quick Step Balance Click Жемчужный серо-коричневый дуб BACL40133', NULL, NULL, 1, '2020-11-30 19:03:24', '2020-11-30 19:03:25'),
(921, 'plintus-standartniy-dlya-livyn-balance-quick-step-zhemchuzhniy-sero-korichneviy-dub-qsvskra40133', 'Купить Плинтус Стандартный для LIVYN BALANCE Quick Step Жемчужный серо-коричневый дуб QSVSKRA40133', NULL, NULL, 0, '2020-11-30 19:03:27', '2020-11-30 19:03:27'),
(922, 'vinil/balance-click/vinil-quick-step-balance-click-dub-barkhatniy-bezheviy-bacl40158', 'Купить Винил Quick Step Balance Click Дуб бархатный бежевый BACL40158', NULL, NULL, 1, '2020-11-30 19:03:35', '2020-11-30 19:03:36'),
(923, 'plintus-standartniy-dlya-livyn-balance-quick-step-dub-barkhatniy-bezheviy-qsvskra40158', 'Купить Плинтус Стандартный для LIVYN BALANCE Quick Step Дуб бархатный бежевый QSVSKRA40158', NULL, NULL, 0, '2020-11-30 19:03:38', '2020-11-30 19:03:38'),
(924, 'vinil/balance-click/vinil-quick-step-balance-click-dub-barkhatniy-svetliy-bacl40157', 'Купить Винил Quick Step Balance Click Дуб бархатный светлый BACL40157', NULL, NULL, 1, '2020-11-30 19:03:44', '2020-11-30 19:03:44'),
(925, 'plintus-standartniy-dlya-livyn-balance-quick-step-dub-barkhatniy-svetliy-qsvskra40157', 'Купить Плинтус Стандартный для LIVYN BALANCE Quick Step Дуб бархатный светлый QSVSKRA40157', NULL, NULL, 0, '2020-11-30 19:03:47', '2020-11-30 19:03:47'),
(926, 'vinil/balance-click/vinil-quick-step-balance-click-bezheviy-dub-bacl40018', 'Купить Винил Quick Step Balance Click Бежевый дуб BACL40018', NULL, NULL, 1, '2020-11-30 19:03:54', '2020-11-30 19:03:54'),
(927, 'plintus-standartniy-dlya-livyn-balance-quick-step-bezheviy-dub-qsvskra40018', 'Купить Плинтус Стандартный для LIVYN BALANCE Quick Step Бежевый дуб QSVSKRA40018', NULL, NULL, 0, '2020-11-30 19:04:03', '2020-11-30 19:04:03'),
(928, 'vinil/balance-click/vinil-quick-step-balance-click-dub-barkhatniy-korichneviy-bacl40160', 'Купить Винил Quick Step Balance Click Дуб бархатный коричневый BACL40160', NULL, NULL, 1, '2020-11-30 19:04:09', '2020-11-30 19:04:09'),
(929, 'plintus-standartniy-dlya-livyn-balance-quick-step-dub-barkhatniy-korichneviy-qsvskra40160', 'Купить Плинтус Стандартный для LIVYN BALANCE Quick Step Дуб бархатный коричневый QSVSKRA40160', NULL, NULL, 0, '2020-11-30 19:04:11', '2020-11-30 19:04:11'),
(930, 'vinil/balance-click/vinil-quick-step-balance-click-dub-korolevskiy-naturalniy-bacl40156', 'Купить Винил Quick Step Balance Click Дуб королевский натуральный BACL40156', NULL, NULL, 1, '2020-11-30 19:04:17', '2020-11-30 19:04:17'),
(931, 'plintus-standartniy-dlya-livyn-balance-quick-step-dub-korolevskiy-naturalniy-qsvskra40156', 'Купить Плинтус Стандартный для LIVYN BALANCE Quick Step Дуб королевский натуральный QSVSKRA40156', NULL, NULL, 0, '2020-11-30 19:04:19', '2020-11-30 19:04:19'),
(932, 'vinil/balance-click/vinil-quick-step-balance-click-dub-barkhatniy-pesochniy-bacl40159', 'Купить Винил Quick Step Balance Click Дуб бархатный песочный BACL40159', NULL, NULL, 1, '2020-11-30 19:04:25', '2020-11-30 19:04:25'),
(933, 'plintus-standartniy-dlya-livyn-balance-quick-step-dub-barkhatniy-pesochniy-qsvskra40159', 'Купить Плинтус Стандартный для LIVYN BALANCE Quick Step Дуб бархатный песочный QSVSKRA40159', NULL, NULL, 0, '2020-11-30 19:04:28', '2020-11-30 19:04:28'),
(934, 'vinil/balance-click/vinil-quick-step-balance-click-dub-kanon-svetlo-korichneviy-pilyoniy-bacl40031', 'Купить Винил Quick Step Balance Click Дуб каньон светло-коричневый пилёный BACL40031', NULL, NULL, 1, '2020-11-30 19:34:39', '2020-11-30 19:34:39'),
(935, 'plintus-standartniy-dlya-livyn-balance-quick-step-dub-kanon-svetlo-korichneviy-pilyoniy-qsvskra40031', 'Купить Плинтус Стандартный для LIVYN BALANCE Quick Step Дуб каньон светло-коричневый пилёный QSVSKRA40031', NULL, NULL, 0, '2020-11-30 19:34:41', '2020-11-30 19:34:41'),
(936, 'vinil/balance-click-plus/vinil-quick-step-balance-click-plus-dub-kanon-svetliy-pilyoniy-bacp40128', 'Купить Винил Quick Step Balance Click Plus Дуб каньон светлый пилёный BACP40128', NULL, NULL, 1, '2020-11-30 20:46:53', '2020-11-30 20:46:53'),
(937, 'vinil/balance-click-plus/vinil-quick-step-balance-click-plus-bezheviy-dub-bacp40018', 'Купить Винил Quick Step Balance Click Plus Бежевый дуб BACP40018', NULL, NULL, 1, '2020-11-30 20:47:01', '2020-11-30 20:47:01'),
(938, 'vinil/balance-click-plus/vinil-quick-step-balance-click-plus-kashtan-vintazhniy-naturalniy-bacp40029', 'Купить Винил Quick Step Balance Click Plus Каштан винтажный натуральный BACP40029', NULL, NULL, 1, '2020-11-30 20:47:08', '2020-11-30 20:47:09'),
(939, 'vinil/balance-click-plus/vinil-quick-step-balance-click-plus-dub-kanon-svetlo-korichneviy-pilyoniy-bacp40031', 'Купить Винил Quick Step Balance Click Plus Дуб каньон светло-коричневый пилёный BACP40031', NULL, NULL, 1, '2020-11-30 20:47:16', '2020-11-30 20:47:16'),
(940, 'vinil/balance-click-plus/vinil-quick-step-balance-click-plus-dub-barkhatniy-svetliy-bacp40157', 'Купить Винил Quick Step Balance Click Plus Дуб бархатный светлый BACP40157', NULL, NULL, 1, '2020-11-30 20:47:24', '2020-11-30 20:47:24'),
(941, 'vinil/balance-click-plus/vinil-quick-step-balance-click-plus-dub-kanon-bezheviy-bacp40038', 'Купить Винил Quick Step Balance Click Plus Дуб каньон бежевый BACP40038', NULL, NULL, 1, '2020-11-30 20:47:32', '2020-11-30 20:47:32'),
(942, 'vinil/balance-click-plus/vinil-quick-step-balance-click-plus-klassicheskiy-naturalniy-dub-bacp40023', 'Купить Винил Quick Step Balance Click Plus Классический натуральный дуб BACP40023', NULL, NULL, 1, '2020-11-30 20:47:40', '2020-11-30 20:47:40'),
(943, 'vinil/balance-click-plus/vinil-quick-step-balance-click-plus-dub-kottedzh-temno-korichneviy-bacp40027', 'Купить Винил Quick Step Balance Click Plus Дуб коттедж темно-коричневый BACP40027', NULL, NULL, 1, '2020-11-30 20:47:51', '2020-11-30 20:47:51'),
(944, 'vinil/balance-glue-plus/vinil-quick-step-balance-glue-plus-dub-kanon-bezheviy-bagp40038', 'Купить Винил Quick Step Balance Glue Plus Дуб каньон бежевый BAGP40038', NULL, NULL, 1, '2020-11-30 21:07:39', '2020-11-30 21:07:39'),
(945, 'vinil/balance-glue-plus/vinil-quick-step-balance-glue-plus-dub-kottedzh-naturalniy-bagp40025', 'Купить Винил Quick Step Balance Glue Plus Дуб коттедж натуральный BAGP40025', NULL, NULL, 1, '2020-11-30 21:07:51', '2020-11-30 21:07:51'),
(946, 'plintus-standartniy-dlya-livyn-balance-quick-step-dub-kottedzh-naturalniy-qsvskra40025', 'Купить Плинтус Стандартный для LIVYN BALANCE Quick Step Дуб коттедж натуральный QSVSKRA40025', NULL, NULL, 0, '2020-11-30 21:07:53', '2020-11-30 21:07:53'),
(947, 'vinil/balance-glue-plus/vinil-quick-step-balance-glue-plus-dub-kanon-seriy-pilyoniy-bagp40030', 'Купить Винил Quick Step Balance Glue Plus Дуб каньон серый пилёный BAGP40030', NULL, NULL, 1, '2020-11-30 21:07:59', '2020-11-30 21:08:00'),
(948, 'plintus-standartniy-dlya-livyn-balance-quick-step-dub-kanon-seriy-pilyoniy-qsvskra40030', 'Купить Плинтус Стандартный для LIVYN BALANCE Quick Step Дуб каньон серый пилёный QSVSKRA40030', NULL, NULL, 0, '2020-11-30 21:08:02', '2020-11-30 21:08:02'),
(949, 'vinil/balance-glue-plus/vinil-quick-step-balance-glue-plus-dub-kottedzh-sero-korichneviy-bagp40026', 'Купить Винил Quick Step Balance Glue Plus Дуб коттедж серо-коричневый BAGP40026', NULL, NULL, 1, '2020-11-30 21:08:08', '2020-11-30 21:08:08'),
(950, 'plintus-standartniy-dlya-livyn-balance-quick-step-dub-kottedzh-sero-korichneviy-qsvskra40026', 'Купить Плинтус Стандартный для LIVYN BALANCE Quick Step Дуб коттедж серо-коричневый QSVSKRA40026', NULL, NULL, 0, '2020-11-30 21:08:10', '2020-11-30 21:08:10'),
(951, 'vinil/balance-glue-plus/vinil-quick-step-balance-glue-plus-shelkoviy-temno-seriy-dub-bagp40060', 'Купить Винил Quick Step Balance Glue Plus Шелковый темно-серый дуб BAGP40060', NULL, NULL, 1, '2020-11-30 21:08:15', '2020-11-30 21:08:16'),
(952, 'plintus-standartniy-dlya-livyn-balance-quick-step-shelkoviy-temno-seriy-dub-qsvskra40060', 'Купить Плинтус Стандартный для LIVYN BALANCE Quick Step Шелковый темно-серый дуб QSVSKRA40060', NULL, NULL, 0, '2020-11-30 21:08:18', '2020-11-30 21:08:18'),
(953, 'vinil/balance-glue-plus/vinil-quick-step-balance-glue-plus-dub-naturalniy-otborniy-bagp40033', 'Купить Винил Quick Step Balance Glue Plus Дуб натуральный отборный BAGP40033', NULL, NULL, 1, '2020-11-30 21:08:25', '2020-11-30 21:08:26'),
(954, 'plintus-standartniy-dlya-livyn-balance-quick-step-dub-naturalniy-otborniy-qsvskra40033', 'Купить Плинтус Стандартный для LIVYN BALANCE Quick Step Дуб натуральный отборный QSVSKRA40033', NULL, NULL, 0, '2020-11-30 21:08:32', '2020-11-30 21:08:32'),
(955, 'vinil/balance-glue-plus/vinil-quick-step-balance-glue-plus-dub-kanon-naturalniy-bagp40039', 'Купить Винил Quick Step Balance Glue Plus Дуб каньон натуральный BAGP40039', NULL, NULL, 1, '2020-11-30 21:08:39', '2020-11-30 21:08:39'),
(956, 'plintus-standartniy-dlya-livyn-balance-quick-step-dub-kanon-naturalniy-qsvskra40039', 'Купить Плинтус Стандартный для LIVYN BALANCE Quick Step Дуб каньон натуральный QSVSKRA40039', NULL, NULL, 0, '2020-11-30 21:08:41', '2020-11-30 21:08:41'),
(957, 'vinil/balance-glue-plus/vinil-quick-step-balance-glue-plus-dub-kanon-korichneviy-bagp40127', 'Купить Винил Quick Step Balance Glue Plus Дуб каньон коричневый BAGP40127', NULL, NULL, 1, '2020-11-30 21:08:48', '2020-11-30 21:08:48'),
(958, 'plintus-standartniy-dlya-livyn-balance-quick-step-dub-kanon-korichneviy-qsvskra40127', 'Купить Плинтус Стандартный для LIVYN BALANCE Quick Step Дуб каньон коричневый QSVSKRA40127', NULL, NULL, 0, '2020-11-30 21:08:51', '2020-11-30 21:08:51'),
(959, 'vinil/balance-glue-plus/vinil-quick-step-balance-glue-plus-sero-buriy-shelkoviy-dub-bagp40053', 'Купить Винил Quick Step Balance Glue Plus Серо-бурый шелковый дуб BAGP40053', NULL, NULL, 1, '2020-11-30 21:08:56', '2020-11-30 21:08:57'),
(960, 'plintus-standartniy-dlya-livyn-balance-quick-step-sero-buriy-shelkoviy-dub-qsvskra40053', 'Купить Плинтус Стандартный для LIVYN BALANCE Quick Step Серо-бурый шелковый дуб QSVSKRA40053', NULL, NULL, 0, '2020-11-30 21:08:59', '2020-11-30 21:08:59'),
(961, 'vinil/balance-rigid-click/vinil-quick-step-balance-rigid-click-dub-kanon-bezheviy-rbacl40038', 'Купить Винил Quick Step Balance Rigid Click Дуб каньон бежевый RBACL40038', NULL, NULL, 1, '2020-11-30 21:23:00', '2020-11-30 21:23:00'),
(962, 'vinil/balance-rigid-click/vinil-quick-step-balance-rigid-click-dub-kanon-seriy-pilyoniy-rbacl40030', 'Купить Винил Quick Step Balance Rigid Click Дуб каньон серый пилёный RBACL40030', NULL, NULL, 1, '2020-11-30 21:23:08', '2020-11-30 21:23:08'),
(963, 'vinil/balance-rigid-click/vinil-quick-step-balance-rigid-click-dub-kanon-naturalniy-rbacl40039', 'Купить Винил Quick Step Balance Rigid Click Дуб каньон натуральный RBACL40039', NULL, NULL, 1, '2020-11-30 21:23:16', '2020-11-30 21:23:16'),
(964, 'vinil/balance-rigid-click/vinil-quick-step-balance-rigid-click-dub-kottedzh-sero-korichneviy-rbacl40026', 'Купить Винил Quick Step Balance Rigid Click Дуб коттедж серо-коричневый RBACL40026', NULL, NULL, 1, '2020-11-30 21:23:23', '2020-11-30 21:23:23'),
(965, 'vinil/balance-rigid-click/vinil-quick-step-balance-rigid-click-dub-kanon-temno-korichneviy-pilyoniy-rbacl40059', 'Купить Винил Quick Step Balance Rigid Click Дуб каньон темно-коричневый пилёный RBACL40059', NULL, NULL, 1, '2020-11-30 21:23:29', '2020-11-30 21:23:29'),
(966, 'vinil/balance-rigid-click/vinil-quick-step-balance-rigid-click-shyolkoviy-dub-svetliy-rbacl40052', 'Купить Винил Quick Step Balance Rigid Click Шёлковый дуб светлый RBACL40052', NULL, NULL, 1, '2020-11-30 21:23:37', '2020-11-30 21:23:37'),
(967, 'vinil/balance-rigid-click/vinil-quick-step-balance-rigid-click-dub-naturalniy-otborniy-rbacl40033', 'Купить Винил Quick Step Balance Rigid Click Дуб натуральный отборный RBACL40033', NULL, NULL, 1, '2020-11-30 21:23:43', '2020-11-30 21:23:43'),
(968, 'vinil/balance-rigid-click/vinil-quick-step-balance-rigid-click-dub-kottedzh-naturalniy-rbacl40025', 'Купить Винил Quick Step Balance Rigid Click Дуб коттедж натуральный RBACL40025', NULL, NULL, 1, '2020-11-30 21:23:54', '2020-11-30 21:23:54'),
(969, 'vinil/balance-rigid-click/vinil-quick-step-balance-rigid-click-shelkoviy-temno-seriy-dub-rbacl40060', 'Купить Винил Quick Step Balance Rigid Click Шелковый темно-серый дуб RBACL40060', NULL, NULL, 1, '2020-11-30 21:24:00', '2020-11-30 21:24:00'),
(970, 'vinil/balance-rigid-click/vinil-quick-step-balance-rigid-click-dub-shelkoviy-tepliy-naturalniy-rbacl40130', 'Купить Винил Quick Step Balance Rigid Click Дуб шелковый теплый натуральный RBACL40130', NULL, NULL, 1, '2020-11-30 21:24:06', '2020-11-30 21:24:06'),
(971, 'vinil/balance-rigid-click/vinil-quick-step-balance-rigid-click-sero-buriy-shelkoviy-dub-rbacl40053', 'Купить Винил Quick Step Balance Rigid Click Серо-бурый шелковый дуб RBACL40053', NULL, NULL, 1, '2020-11-30 21:24:11', '2020-11-30 21:24:11'),
(972, 'vinil/balance-rigid-click/vinil-quick-step-balance-rigid-click-dub-kanon-korichneviy-rbacl40127', 'Купить Винил Quick Step Balance Rigid Click Дуб каньон коричневый RBACL40127', NULL, NULL, 1, '2020-11-30 21:24:20', '2020-11-30 21:24:20'),
(973, 'vinil/pulse-click/vinil-quick-step-pulse-click-dub-osenniy-korichneviy-pucl40090', 'Купить Винил Quick Step Pulse Click Дуб осенний коричневый PUCL40090', NULL, NULL, 1, '2020-11-30 21:35:09', '2020-11-30 21:35:09'),
(974, 'plintus-standartniy-dlya-livyn-pulse-quick-step-dub-osenniy-korichneviy-qsvskrb40090', 'Купить Плинтус Стандартный для LIVYN PULSE Quick Step Дуб осенний коричневый QSVSKRB40090', NULL, NULL, 0, '2020-11-30 21:35:12', '2020-11-30 21:35:12'),
(975, 'vinil/pulse-click/vinil-quick-step-pulse-click-dub-osenniy-tepliy-seriy-pucl40089', 'Купить Винил Quick Step Pulse Click Дуб осенний теплый серый PUCL40089', NULL, NULL, 1, '2020-11-30 21:35:18', '2020-11-30 21:35:18');
INSERT INTO `pages` (`id`, `uri`, `title`, `description`, `content`, `published`, `created_at`, `updated_at`) VALUES
(976, 'plintus-standartniy-dlya-livyn-pulse-quick-step-dub-osenniy-tepliy-seriy-qsvskrb40089', 'Купить Плинтус Стандартный для LIVYN PULSE Quick Step Дуб осенний теплый серый QSVSKRB40089', NULL, NULL, 0, '2020-11-30 21:35:21', '2020-11-30 21:35:21'),
(977, 'vinil/pulse-click/vinil-quick-step-pulse-click-dub-tepliy-naturalniy-pucl40094', 'Купить Винил Quick Step Pulse Click Дуб теплый натуральный PUCL40094', NULL, NULL, 1, '2020-11-30 21:35:26', '2020-11-30 21:35:26'),
(978, 'plintus-standartniy-dlya-livyn-pulse-quick-step-dub-tepliy-naturalniy-qsvskrb40094', 'Купить Плинтус Стандартный для LIVYN PULSE Quick Step Дуб теплый натуральный QSVSKRB40094', NULL, NULL, 0, '2020-11-30 21:35:28', '2020-11-30 21:35:28'),
(979, 'vinil/pulse-click/vinil-quick-step-pulse-click-dub-morskoy-bezheviy-pucl40080', 'Купить Винил Quick Step Pulse Click Дуб морской бежевый PUCL40080', NULL, NULL, 1, '2020-11-30 21:35:38', '2020-11-30 21:35:38'),
(980, 'plintus-standartniy-dlya-livyn-pulse-quick-step-dub-morskoy-bezheviy-qsvskrb40080', 'Купить Плинтус Стандартный для LIVYN PULSE Quick Step Дуб морской бежевый QSVSKRB40080', NULL, NULL, 0, '2020-11-30 21:35:41', '2020-11-30 21:35:41'),
(981, 'vinil/pulse-click/vinil-quick-step-pulse-click-dub-morskoy-svetliy-pucl40079', 'Купить Винил Quick Step Pulse Click Дуб морской светлый PUCL40079', NULL, NULL, 1, '2020-11-30 21:35:47', '2020-11-30 21:35:47'),
(982, 'plintus-standartniy-dlya-livyn-pulse-quick-step-dub-morskoy-svetliy-qsvskrb40079', 'Купить Плинтус Стандартный для LIVYN PULSE Quick Step Дуб морской светлый QSVSKRB40079', NULL, NULL, 0, '2020-11-30 21:35:50', '2020-11-30 21:35:50'),
(983, 'vinil/pulse-click/vinil-quick-step-pulse-click-dub-khlopkoviy-bezheviy-pucl40103', 'Купить Винил Quick Step Pulse Click Дуб хлопковый бежевый PUCL40103', NULL, NULL, 1, '2020-11-30 21:36:11', '2020-11-30 21:36:11'),
(984, 'plintus-standartniy-dlya-livyn-pulse-quick-step-dub-khlopkoviy-bezheviy-qsvskrb40103', 'Купить Плинтус Стандартный для LIVYN PULSE Quick Step Дуб хлопковый бежевый QSVSKRB40103', NULL, NULL, 0, '2020-11-30 21:36:13', '2020-11-30 21:36:13'),
(985, 'vinil/pulse-click/vinil-quick-step-pulse-click-dub-okhra-pucl40093', 'Купить Винил Quick Step Pulse Click Дуб охра PUCL40093', NULL, NULL, 1, '2020-11-30 21:36:19', '2020-11-30 21:36:19'),
(986, 'plintus-standartniy-dlya-livyn-pulse-quick-step-dub-okhra-qsvskrb40093', 'Купить Плинтус Стандартный для LIVYN PULSE Quick Step Дуб охра QSVSKRB40093', NULL, NULL, 0, '2020-11-30 21:36:22', '2020-11-30 21:36:22'),
(987, 'vinil/pulse-click/vinil-quick-step-pulse-click-dub-khlopkoviy-temno-seriy-pilyoniy-pucl40106', 'Купить Винил Quick Step Pulse Click Дуб хлопковый темно-серый пилёный PUCL40106', NULL, NULL, 1, '2020-11-30 21:36:27', '2020-11-30 21:36:27'),
(988, 'plintus-standartniy-dlya-livyn-pulse-quick-step-dub-khlopkoviy-temno-seriy-pilyoniy-qsvskrb40106', 'Купить Плинтус Стандартный для LIVYN PULSE Quick Step Дуб хлопковый темно-серый пилёный QSVSKRB40106', NULL, NULL, 0, '2020-11-30 21:36:30', '2020-11-30 21:36:30'),
(989, 'vinil/pulse-click/vinil-quick-step-pulse-click-dub-khlopkoviy-naturalniy-pucl40104', 'Купить Винил Quick Step Pulse Click Дуб хлопковый натуральный PUCL40104', NULL, NULL, 1, '2020-11-30 21:36:55', '2020-11-30 21:36:55'),
(990, 'plintus-standartniy-dlya-livyn-pulse-quick-step-dub-khlopkoviy-naturalniy-qsvskrb40104', 'Купить Плинтус Стандартный для LIVYN PULSE Quick Step Дуб хлопковый натуральный QSVSKRB40104', NULL, NULL, 0, '2020-11-30 21:36:57', '2020-11-30 21:36:57'),
(991, 'vinil/pulse-click/vinil-quick-step-pulse-click-dub-osenniy-svetliy-naturalniy-pucl40087', 'Купить Винил Quick Step Pulse Click Дуб осенний светлый натуральный PUCL40087', NULL, NULL, 1, '2020-11-30 21:37:03', '2020-11-30 21:37:03'),
(992, 'plintus-standartniy-dlya-livyn-pulse-quick-step-dub-osenniy-svetliy-naturalniy-qsvskrb40087', 'Купить Плинтус Стандартный для LIVYN PULSE Quick Step Дуб осенний светлый натуральный QSVSKRB40087', NULL, NULL, 0, '2020-11-30 21:37:05', '2020-11-30 21:37:05'),
(993, 'vinil/pulse-click/vinil-quick-step-pulse-click-korichnevaya-sosna-pucl40075', 'Купить Винил Quick Step Pulse Click Коричневая сосна PUCL40075', NULL, NULL, 1, '2020-11-30 21:37:12', '2020-11-30 21:37:12'),
(994, 'plintus-standartniy-dlya-livyn-pulse-quick-step-korichnevaya-sosna-qsvskrb40075', 'Купить Плинтус Стандартный для LIVYN PULSE Quick Step Коричневая сосна QSVSKRB40075', NULL, NULL, 0, '2020-11-30 21:37:14', '2020-11-30 21:37:14'),
(995, 'vinil/pulse-click/vinil-quick-step-pulse-click-dub-chistiy-medoviy-pucl40098', 'Купить Винил Quick Step Pulse Click Дуб чистый медовый PUCL40098', NULL, NULL, 1, '2020-11-30 21:37:20', '2020-11-30 21:37:20'),
(996, 'plintus-standartniy-dlya-livyn-pulse-quick-step-dub-chistiy-medoviy-qsvskrb40098', 'Купить Плинтус Стандартный для LIVYN PULSE Quick Step Дуб чистый медовый QSVSKRB40098', NULL, NULL, 0, '2020-11-30 21:37:23', '2020-11-30 21:37:23'),
(997, 'vinil/pulse-click/vinil-quick-step-pulse-click-dub-osenniy-medoviy-pucl40088', 'Купить Винил Quick Step Pulse Click Дуб осенний медовый PUCL40088', NULL, NULL, 1, '2020-11-30 21:37:29', '2020-11-30 21:37:30'),
(998, 'plintus-standartniy-dlya-livyn-pulse-quick-step-dub-osenniy-medoviy-qsvskrb40088', 'Купить Плинтус Стандартный для LIVYN PULSE Quick Step Дуб осенний медовый QSVSKRB40088', NULL, NULL, 0, '2020-11-30 21:37:32', '2020-11-30 21:37:32'),
(999, 'vinil/pulse-click/vinil-quick-step-pulse-click-dub-chistiy-naturalniy-pucl40097', 'Купить Винил Quick Step Pulse Click Дуб чистый натуральный PUCL40097', NULL, NULL, 1, '2020-11-30 21:37:45', '2020-11-30 21:37:45'),
(1000, 'plintus-standartniy-dlya-livyn-pulse-quick-step-dub-chistiy-naturalniy-qsvskrb40097', 'Купить Плинтус Стандартный для LIVYN PULSE Quick Step Дуб чистый натуральный QSVSKRB40097', NULL, NULL, 0, '2020-11-30 21:37:47', '2020-11-30 21:37:47'),
(1001, 'vinil/pulse-click/vinil-quick-step-pulse-click-dub-peschaniy-tepliy-korichneviy-pucl40086', 'Купить Винил Quick Step Pulse Click Дуб песчаный теплый коричневый PUCL40086', NULL, NULL, 1, '2020-11-30 21:37:52', '2020-11-30 21:37:52'),
(1002, 'plintus-standartniy-dlya-livyn-pulse-quick-step-dub-peschaniy-tepliy-korichneviy-qsvskrb40086', 'Купить Плинтус Стандартный для LIVYN PULSE Quick Step Дуб песчаный теплый коричневый QSVSKRB40086', NULL, NULL, 0, '2020-11-30 21:37:55', '2020-11-30 21:37:55'),
(1003, 'vinil/pulse-click/vinil-quick-step-pulse-click-dub-morskoy-naturalniy-pucl40081', 'Купить Винил Quick Step Pulse Click Дуб морской натуральный PUCL40081', NULL, NULL, 1, '2020-11-30 21:38:01', '2020-11-30 21:38:01'),
(1004, 'plintus-standartniy-dlya-livyn-pulse-quick-step-dub-morskoy-naturalniy-qsvskrb40081', 'Купить Плинтус Стандартный для LIVYN PULSE Quick Step Дуб морской натуральный QSVSKRB40081', NULL, NULL, 0, '2020-11-30 21:38:03', '2020-11-30 21:38:03'),
(1005, 'vinil/pulse-click/vinil-quick-step-pulse-click-dub-khlopkoviy-svetlo-seriy-pucl40105', 'Купить Винил Quick Step Pulse Click Дуб хлопковый светло-серый PUCL40105', NULL, NULL, 1, '2020-11-30 21:38:13', '2020-11-30 21:38:13'),
(1006, 'plintus-standartniy-dlya-livyn-pulse-quick-step-dub-khlopkoviy-svetlo-seriy-qsvskrb40105', 'Купить Плинтус Стандартный для LIVYN PULSE Quick Step Дуб хлопковый светло-серый QSVSKRB40105', NULL, NULL, 0, '2020-11-30 21:38:16', '2020-11-30 21:38:16'),
(1007, 'vinil/pulse-click/vinil-quick-step-pulse-click-utrennyaya-sosna-pucl40074', 'Купить Винил Quick Step Pulse Click Утренняя сосна PUCL40074', NULL, NULL, 1, '2020-11-30 21:38:23', '2020-11-30 21:38:24'),
(1008, 'plintus-standartniy-dlya-livyn-pulse-quick-step-utrennyaya-sosna-qsvskrb40074', 'Купить Плинтус Стандартный для LIVYN PULSE Quick Step Утренняя сосна QSVSKRB40074', NULL, NULL, 0, '2020-11-30 21:38:27', '2020-11-30 21:38:27'),
(1009, 'vinil/pulse-click/vinil-quick-step-pulse-click-dub-pleteniy-korichneviy-pucl40078', 'Купить Винил Quick Step Pulse Click Дуб плетеный коричневый PUCL40078', NULL, NULL, 1, '2020-11-30 21:38:35', '2020-11-30 21:38:35'),
(1010, 'plintus-standartniy-dlya-livyn-pulse-quick-step-dub-pleteniy-korichneviy-qsvskrb40078', 'Купить Плинтус Стандартный для LIVYN PULSE Quick Step Дуб плетеный коричневый QSVSKRB40078', NULL, NULL, 0, '2020-11-30 21:38:37', '2020-11-30 21:38:37'),
(1011, 'vinil/pulse-click/vinil-quick-step-pulse-click-dub-peschaniy-tepliy-seriy-pucl40083', 'Купить Винил Quick Step Pulse Click Дуб песчаный теплый серый PUCL40083', NULL, NULL, 1, '2020-11-30 21:38:43', '2020-11-30 21:38:43'),
(1012, 'plintus-standartniy-dlya-livyn-pulse-quick-step-dub-peschaniy-tepliy-seriy-qsvskrb40083', 'Купить Плинтус Стандартный для LIVYN PULSE Quick Step Дуб песчаный теплый серый QSVSKRB40083', NULL, NULL, 0, '2020-11-30 21:38:46', '2020-11-30 21:38:46'),
(1013, 'vinil/pulse-rigid-click/vinil-quick-step-pulse-rigid-click-dub-khlopkoviy-beliy-rpucl40200', 'Купить Винил Quick Step Pulse Rigid Click Дуб хлопковый белый RPUCL40200', NULL, NULL, 1, '2020-11-30 22:30:00', '2020-11-30 22:30:00'),
(1014, 'plintus-standartniy-dlya-livyn-pulse-quick-step-dub-khlopkoviy-beliy-qsvskrb40200', 'Купить Плинтус Стандартный для LIVYN PULSE Quick Step Дуб хлопковый белый QSVSKRB40200', NULL, NULL, 0, '2020-11-30 22:30:03', '2020-11-30 22:30:03'),
(1015, 'vinil/pulse-rigid-click/vinil-quick-step-pulse-rigid-click-sosna-svetlo-seraya-rpucl40204', 'Купить Винил Quick Step Pulse Rigid Click Сосна светло-серая RPUCL40204', NULL, NULL, 1, '2020-11-30 22:30:09', '2020-11-30 22:30:09'),
(1016, 'plintus-standartniy-dlya-livyn-pulse-quick-step-sosna-svetlo-seraya-qsvskrb40204', 'Купить Плинтус Стандартный для LIVYN PULSE Quick Step Сосна светло-серая QSVSKRB40204', NULL, NULL, 0, '2020-11-30 22:30:12', '2020-11-30 22:30:12'),
(1017, 'vinil/pulse-rigid-click/vinil-quick-step-pulse-rigid-click-dub-osenniy-shokoladniy-rpucl40199', 'Купить Винил Quick Step Pulse Rigid Click Дуб осенний шоколадный RPUCL40199', NULL, NULL, 1, '2020-11-30 22:30:20', '2020-11-30 22:30:20'),
(1018, 'plintus-standartniy-dlya-livyn-pulse-quick-step-dub-osenniy-shokoladniy-qsvskrb40199', 'Купить Плинтус Стандартный для LIVYN PULSE Quick Step Дуб осенний шоколадный QSVSKRB40199', NULL, NULL, 0, '2020-11-30 22:30:23', '2020-11-30 22:30:23'),
(1019, 'vinil/pulse-rigid-click/vinil-quick-step-pulse-rigid-click-dub-khlopkoviy-svetlo-seriy-rpucl40201', 'Купить Винил Quick Step Pulse Rigid Click Дуб хлопковый светло-серый RPUCL40201', NULL, NULL, 1, '2020-11-30 22:30:27', '2020-11-30 22:30:27'),
(1020, 'plintus-standartniy-dlya-livyn-pulse-quick-step-dub-khlopkoviy-svetlo-seriy-qsvskrb40201', 'Купить Плинтус Стандартный для LIVYN PULSE Quick Step Дуб хлопковый светло-серый QSVSKRB40201', NULL, NULL, 0, '2020-11-30 22:30:30', '2020-11-30 22:30:30'),
(1021, 'vinil/pulse-rigid-click/vinil-quick-step-pulse-rigid-click-dub-khlopkoviy-bezheviy-naturalniy-rpucl40203', 'Купить Винил Quick Step Pulse Rigid Click Дуб хлопковый бежевый натуральный RPUCL40203', NULL, NULL, 1, '2020-11-30 22:30:43', '2020-11-30 22:30:43'),
(1022, 'plintus-standartniy-dlya-livyn-pulse-quick-step-dub-khlopkoviy-bezheviy-qsvskrb40203', 'Купить Плинтус Стандартный для LIVYN PULSE Quick Step Дуб хлопковый бежевый QSVSKRB40203', NULL, NULL, 0, '2020-11-30 22:30:46', '2020-11-30 22:30:46'),
(1023, 'vinil/pulse-rigid-click/vinil-quick-step-pulse-rigid-click-dub-khlopkoviy-temno-seriy-rpucl40202', 'Купить Винил Quick Step Pulse Rigid Click Дуб хлопковый темно-серый RPUCL40202', NULL, NULL, 1, '2020-11-30 22:30:52', '2020-11-30 22:30:52'),
(1024, 'plintus-standartniy-dlya-livyn-pulse-quick-step-dub-khlopkoviy-temno-seriy-qsvskrb40202', 'Купить Плинтус Стандартный для LIVYN PULSE Quick Step Дуб хлопковый темно-серый QSVSKRB40202', NULL, NULL, 0, '2020-11-30 22:30:55', '2020-11-30 22:30:55'),
(1025, 'parketnaya-doska', 'Паркетная доска', NULL, NULL, 1, '2020-11-30 22:47:14', '2020-11-30 22:47:14'),
(1026, 'parketnaya-doska/castello', 'Castello', NULL, '<h1>Castello</h1>', 1, '2020-11-30 22:56:25', '2020-11-30 22:56:25'),
(1027, 'parketnaya-doska/imperio', 'Imperio', NULL, '<h1>Imperio</h1>', 1, '2020-11-30 23:29:30', '2020-11-30 23:29:30'),
(1028, 'parketnaya-doska/massimo', 'Massimo', NULL, '<h1>Massimo</h1>', 1, '2020-11-30 23:41:49', '2020-11-30 23:41:49'),
(1029, 'parketnaya-doska/palazzo', 'Palazzo', NULL, '<h1>Palazzo</h1>', 1, '2020-11-30 23:53:28', '2020-11-30 23:53:28'),
(1031, 'plintus-dlya-parketa-(v-tsvet)-quick-step-qswppskr01478', 'Купить Плинтус для паркета (в цвет) Quick Step QSWPPSKR01478', NULL, NULL, 0, '2020-12-01 00:11:37', '2020-12-01 00:11:37'),
(1036, 'plintus-dlya-parketa-(v-tsvet)-quick-step-qswppskr01352', 'Купить Плинтус для паркета (в цвет) Quick Step QSWPPSKR01352', NULL, NULL, 0, '2020-12-01 00:12:03', '2020-12-01 00:12:03'),
(1038, 'plintus-dlya-parketa-(v-tsvet)-quick-step-qswppskr01354', 'Купить Плинтус для паркета (в цвет) Quick Step QSWPPSKR01354', NULL, NULL, 0, '2020-12-01 00:12:11', '2020-12-01 00:12:11'),
(1040, 'plintus-dlya-parketa-v-tsvet-quick-step-qswppskr01334', 'Купить Плинтус для паркета (в цвет) Quick Step QSWPPSKR01334', NULL, NULL, 0, '2020-12-01 14:04:09', '2020-12-01 14:04:09'),
(1042, 'parketnaya-doska/castello/parket-quick-step-castello-dub-kapuchino-promaslenniy-cas1478s', 'Купить Паркет Quick Step Castello Дуб капучино промасленный CAS1478S', NULL, NULL, 1, '2020-12-01 14:25:36', '2020-12-01 14:25:36'),
(1043, 'parketnaya-doska/castello/parket-quick-step-castello-dub-pesochniy-promaslenniy-cas4259s', 'Купить Паркет Quick Step Castello Дуб песочный промасленный CAS4259S', NULL, NULL, 1, '2020-12-01 14:25:42', '2020-12-01 14:25:42'),
(1044, 'parketnaya-doska/castello/parket-quick-step-castello-dub-medoviy-promaslenniy-cas4258s', 'Купить Паркет Quick Step Castello Дуб медовый промасленный CAS4258S', NULL, NULL, 1, '2020-12-01 14:25:48', '2020-12-01 14:25:48'),
(1045, 'parketnaya-doska/castello/parket-quick-step-castello-orekh-klassicheskiy-cas4256s', 'Купить Паркет Quick Step Castello Орех классический CAS4256S', NULL, NULL, 1, '2020-12-01 14:25:54', '2020-12-01 14:25:55'),
(1046, 'parketnaya-doska/castello/parket-quick-step-castello-dub-kofeyniy-matoviy-cas1352s', 'Купить Паркет Quick Step Castello Дуб кофейный матовый CAS1352S', NULL, NULL, 1, '2020-12-01 14:26:02', '2020-12-01 14:26:02'),
(1047, 'parketnaya-doska/castello/parket-quick-step-castello-dub-zakopchenniy-matoviy-cas1354s', 'Купить Паркет Quick Step Castello Дуб закопченный матовый CAS1354S', NULL, NULL, 1, '2020-12-01 14:26:09', '2020-12-01 14:26:09'),
(1048, 'parketnaya-doska/castello/parket-quick-step-castello-dub-traditsionniy-naturalniy-matoviy-cas1338s', 'Купить Паркет Quick Step Castello Дуб традиционный натуральный матовый CAS1338S', NULL, NULL, 1, '2020-12-01 14:26:13', '2020-12-01 14:26:13'),
(1049, 'parketnaya-doska/castello/parket-quick-step-castello-dub-bezuprechniy-matoviy-cas4261s', 'Купить Паркет Quick Step Castello Дуб безупречный матовый CAS4261S', NULL, NULL, 1, '2020-12-01 14:26:19', '2020-12-01 14:26:19'),
(1050, 'parketnaya-doska/imperio/parket-quick-step-imperio-dub-promaslenniy-imp1626s', 'Купить Паркет Quick Step Imperio Дуб промасленный IMP1626S', NULL, NULL, 1, '2020-12-01 14:44:04', '2020-12-01 14:44:04'),
(1051, 'parketnaya-doska/imperio/parket-quick-step-imperio-dub-beliy-everest-ekstramatoviy-imp3793s', 'Купить Паркет Quick Step Imperio Дуб белый Эверест экстраматовый IMP3793S', NULL, NULL, 1, '2020-12-01 14:44:10', '2020-12-01 14:44:10'),
(1052, 'parketnaya-doska/imperio/parket-quick-step-imperio-dub-naturalniy-ekstramatoviy-imp3792s', 'Купить Паркет Quick Step Imperio Дуб натуральный экстраматовый IMP3792S', NULL, NULL, 1, '2020-12-01 14:44:17', '2020-12-01 14:44:17'),
(1053, 'plintus-dlya-parketa-v-tsvet-quick-step-qswppskr01341', 'Купить Плинтус для паркета (в цвет) Quick Step QSWPPSKR01341', NULL, NULL, 0, '2020-12-01 14:44:21', '2020-12-01 14:44:21'),
(1054, 'parketnaya-doska/massimo/parket-quick-step-massimo-dub-kapuchino-blond-ekstra-matoviy-mas3566s', 'Купить Паркет Quick Step Massimo Дуб Капучино блонд экстра матовый MAS3566S', NULL, NULL, 1, '2020-12-01 14:49:05', '2020-12-01 14:49:05'),
(1055, 'parketnaya-doska/massimo/parket-quick-step-massimo-dub-zimniy-promaslenniy-ekstramatoviy-mas3563s', 'Купить Паркет Quick Step Massimo Дуб зимний промасленный экстраматовый MAS3563S', NULL, NULL, 1, '2020-12-01 14:49:12', '2020-12-01 14:49:12'),
(1056, 'plintus-dlya-parketa-v-tsvet-quick-step-qswppskr03563', 'Купить Плинтус для паркета (в цвет) Quick Step QSWPPSKR03563', NULL, NULL, 0, '2020-12-01 14:49:15', '2020-12-01 14:49:15'),
(1057, 'parketnaya-doska/massimo/parket-quick-step-massimo-dub-temniy-shokolad-promaslenniy-ekstramatoviy-mas3564s', 'Купить Паркет Quick Step Massimo Дуб темный шоколад промасленный экстраматовый MAS3564S', NULL, NULL, 1, '2020-12-01 14:49:22', '2020-12-01 14:49:22'),
(1058, 'plintus-dlya-parketa-v-tsvet-quick-step-qswppskr03564', 'Купить Плинтус для паркета (в цвет) Quick Step QSWPPSKR03564', NULL, NULL, 0, '2020-12-01 14:49:26', '2020-12-01 14:49:26'),
(1059, 'parketnaya-doska/palazzo/parket-quick-step-palazzo-dub-gorniy-promaslenniy-pal3094s', 'Купить Паркет Quick Step Palazzo Дуб горный промасленный PAL3094S', NULL, NULL, 1, '2020-12-01 14:52:52', '2020-12-01 14:52:52'),
(1060, 'plintus-dlya-parketa-v-tsvet-quick-step-qswppskr03094', 'Купить Плинтус для паркета (в цвет) Quick Step QSWPPSKR03094', NULL, NULL, 0, '2020-12-01 14:52:55', '2020-12-01 14:52:55'),
(1061, 'parketnaya-doska/palazzo/parket-quick-step-palazzo-dub-beton-promaslenniy-pal3795s', 'Купить Паркет Quick Step Palazzo Дуб бетон промасленный PAL3795S', NULL, NULL, 1, '2020-12-01 14:53:02', '2020-12-01 14:53:03'),
(1062, 'parketnaya-doska/palazzo/parket-quick-step-palazzo-dub-polunochniy-promaslenniy-pal3889s', 'Купить Паркет Quick Step Palazzo Дуб полуночный промасленный PAL3889S', NULL, NULL, 1, '2020-12-01 14:53:10', '2020-12-01 14:53:10'),
(1063, 'plintus-dlya-parketa-v-tsvet-quick-step-qswppskr03889', 'Купить Плинтус для паркета (в цвет) Quick Step QSWPPSKR03889', NULL, NULL, 0, '2020-12-01 14:53:13', '2020-12-01 14:53:13'),
(1064, 'parketnaya-doska/palazzo/parket-quick-step-palazzo-dub-koritsa-ekstramatoviy-pal3096s', 'Купить Паркет Quick Step Palazzo Дуб корица экстраматовый PAL3096S', NULL, NULL, 1, '2020-12-01 14:53:24', '2020-12-01 14:53:24'),
(1065, 'plintus-dlya-parketa-v-tsvet-quick-step-qswppskr03096', 'Купить Плинтус для паркета (в цвет) Quick Step QSWPPSKR03096', NULL, NULL, 0, '2020-12-01 14:53:27', '2020-12-01 14:53:27'),
(1066, 'parketnaya-doska/palazzo/parket-quick-step-palazzo-dub-laymoviy-ekstramatoviy-pal3887s', 'Купить Паркет Quick Step Palazzo Дуб лаймовый экстраматовый PAL3887S', NULL, NULL, 1, '2020-12-01 14:53:34', '2020-12-01 14:53:34'),
(1067, 'parketnaya-doska/palazzo/parket-quick-step-palazzo-dub-matoviy-promaslenniy-pal4260s', 'Купить Паркет Quick Step Palazzo Дуб матовый промасленный PAL4260S', NULL, NULL, 1, '2020-12-01 14:53:41', '2020-12-01 14:53:41'),
(1068, 'parketnaya-doska/palazzo/parket-quick-step-palazzo-dub-imbirniy-keks-ekstramatoviy-pal3888s', 'Купить Паркет Quick Step Palazzo Дуб имбирный кекс экстраматовый PAL3888S', NULL, NULL, 1, '2020-12-01 14:53:48', '2020-12-01 14:53:49'),
(1069, 'plintus-standartniy-dlya-livyn-balance-quick-step-v-tsvet', 'Купить Плинтус Стандартный для LIVYN BALANCE Quick Step (в цвет)', NULL, NULL, 0, '2021-01-19 10:32:36', '2021-01-19 10:32:36'),
(1070, 'podlozhka/podlozhka-quick-step-livyn-basic-dlya-plitki-pvh-1mm-15m-kv-rul', 'Купить | Подложка Quick-Step Livyn Basic для плитки пвх, 1 мм (15 м кв) рул', NULL, '<p><br data-mce-bogus=\"1\"></p>', 1, '2021-01-19 12:30:10', '2021-01-19 12:30:10'),
(1071, 'ustoychivost-k-pyatnam-i-tsarapinam', 'Устойчивость к пятнам и царапинам', NULL, '<h1>Устойчивость к пятнам и царапинам</h1><img src=\"/images/scratchguard.png\" style=\"border:none;padding: 0;padding-right: 20px;\">\r\n<p>Хотите , чтобы песок и пыль не оставляли царапин или пятен на полу.<br> Благодаря технологиям защиты Scratch Guard и Stain Guard можно не волноваться на этот счет: ламинированные и виниловые покрытия выдержат все, а уборка займет всего несколько минут.</p>', 1, '2021-01-28 21:21:03', '2021-01-28 21:21:03'),
(1072, '25-let-garantii', '25 лет гарантии', NULL, '<h1>На долгие годы</h1><img src=\"/images/25-year-warranty.png\" style=\"border:none;padding: 0;padding-right: 20px;\">\r\n<p>Компания Quick-Step предлагает ламинированные, виниловые и деревянные напольные покрытия, которые будут служить вашей семье долгие годы.<br>\r\nВы сможете спокойно отдыхать на своем уютном диване или на удобной кушетке, ведь компания Quick-Step предоставляет на все свои напольные покрытия для дома гарантию сроком на 25 лет и более*.</p>', 1, '2021-01-28 21:21:30', '2021-01-28 21:21:30'),
(1073, 'kley', 'Клей', NULL, NULL, 1, '2021-02-08 11:54:19', '2021-02-08 11:54:19'),
(1074, 'kley/kley-arlok-33-vodno-dispersionniy-kley-1-3-kg', 'Купить Клей Arlok 33 водно-дисперсионный клей 1,3 кг', NULL, '<p><br data-mce-bogus=\"1\"></p>', 1, '2021-02-08 12:52:10', '2021-02-08 12:52:10'),
(1075, 'kley/kley-arlok-33-vodno-dispersionniy-kley-14-kg', 'Купить Клей Arlok 33 водно-дисперсионный клей 14 кг', NULL, '<p><br data-mce-bogus=\"1\"></p>', 1, '2021-02-08 20:34:39', '2021-02-08 20:34:39'),
(1076, 'kley/kley-arlok-33-vodno-dispersionniy-kley-4-kg', 'Купить Клей Arlok 33 водно-дисперсионный клей 4 кг', NULL, '<p><br data-mce-bogus=\"1\"></p>', 1, '2021-02-08 20:40:16', '2021-02-08 20:40:16'),
(1077, 'kley/kley-arlok-33-vodno-dispersionniy-kley-7-kg', 'Купить Клей Arlok 33 водно-дисперсионный клей 7 кг', NULL, '<p><br data-mce-bogus=\"1\"></p>', 1, '2021-02-08 20:46:01', '2021-02-08 20:46:01'),
(1078, 'kley/kley-arlok-34-vodno-dispersionniy-kley-1-3-kg', 'Купить Клей Arlok 34 водно-дисперсионный клей 1,3 кг', NULL, '<p><br data-mce-bogus=\"1\"></p>', 1, '2021-02-08 21:00:38', '2021-02-08 21:00:38'),
(1079, 'kley/kley-arlok-34-vodno-dispersionniy-kley-14-kg', 'Купить Клей Arlok 34 водно-дисперсионный клей 14 кг', NULL, '<p><br data-mce-bogus=\"1\"></p>', 1, '2021-02-09 09:25:01', '2021-02-09 09:25:01'),
(1080, 'kley/kley-arlok-34-vodno-dispersionniy-kley-4-kg', 'Купить Клей Arlok 34 водно-дисперсионный клей 4 кг', NULL, '<p><br data-mce-bogus=\"1\"></p>', 1, '2021-02-09 10:09:48', '2021-02-09 10:09:48'),
(1081, 'kley/kley-arlok-34-vodno-dispersionniy-kley-7-kg', 'Купить Клей Arlok 34 водно-дисперсионный клей 7 кг', NULL, '<p><br data-mce-bogus=\"1\"></p>', 1, '2021-02-09 10:14:00', '2021-02-09 10:14:00'),
(1082, 'kley/kley-arlok-35-vodno-dispersionniy-kley-1-3-kg', 'Купить Клей Arlok 35 водно-дисперсионный клей 1,3 кг', NULL, '<p><br data-mce-bogus=\"1\"></p>', 1, '2021-02-09 10:45:28', '2021-02-09 10:45:28'),
(1083, 'kley/kley-arlok-35-vodno-dispersionniy-kley-13-kg', 'Купить Клей Arlok 35 водно-дисперсионный клей 13 кг', NULL, '<p><br data-mce-bogus=\"1\"></p>', 1, '2021-02-09 10:48:49', '2021-02-09 10:48:49'),
(1084, 'kley/kley-arlok-35-vodno-dispersionniy-kley-3-5-kg', 'Купить Клей Arlok 35 водно-дисперсионный клей 3,5 кг', NULL, '<p><br data-mce-bogus=\"1\"></p>', 1, '2021-02-09 10:56:15', '2021-02-09 10:56:15'),
(1085, 'kley/kley-arlok-35-vodno-dispersionniy-kley-6-5-kg', 'Купить Клей Arlok 35 водно-дисперсионный клей 6,5 кг', NULL, '<p><br data-mce-bogus=\"1\"></p>', 1, '2021-02-09 11:04:22', '2021-02-09 11:04:22'),
(1086, 'kley/kley-arlok-39-vodno-dispersionniy-kley-3-kg', 'Купить Клей Arlok 39 водно-дисперсионный клей 3 кг', NULL, '<p><br data-mce-bogus=\"1\"></p>', 1, '2021-02-09 12:53:44', '2021-02-09 12:53:44'),
(1087, 'kley/kley-arlok-39-vodno-dispersionniy-kley-5-kg', 'Купить Клей Arlok 39 водно-дисперсионный клей 5 кг', NULL, '<p><br data-mce-bogus=\"1\"></p>', 1, '2021-02-09 12:59:33', '2021-02-09 12:59:33'),
(1088, 'kley/kley-forbo-140-euromix-pu-pro-2k-13-4kg', 'Купить Клей Forbo 140 Euromix PU Pro 2К 13,4кг', NULL, '<p><br data-mce-bogus=\"1\"></p>', 1, '2021-02-09 13:40:12', '2021-02-09 13:40:12'),
(1089, 'kley/kley-forbo-522-eurosafe-star-tack-20kg', 'Купить Клей Forbo 522 Eurosafe Star Tack 20кг', NULL, '<p><br data-mce-bogus=\"1\"></p>', 1, '2021-02-16 11:17:16', '2021-02-16 11:17:16'),
(1090, 'kley/kley-forbo-522-eurosafe-star-tack-13kg', 'Купить Клей Forbo 522 Eurosafe Star Tack 13кг', NULL, '<p><br data-mce-bogus=\"1\"></p>', 1, '2021-02-16 19:25:45', '2021-02-16 19:25:45'),
(1091, 'kley/kley-forbo-599-eurosafe-super-20kg', 'Купить Клей Forbo 599 Eurosafe Super 20кг', NULL, '<p><br data-mce-bogus=\"1\"></p>', 1, '2021-02-16 19:39:35', '2021-02-16 19:39:35'),
(1092, 'kley/kley-forbo-599-eurosafe-super-10kg', 'Купить Клей Forbo 599 Eurosafe Super 10кг', NULL, '<p><br data-mce-bogus=\"1\"></p>', 1, '2021-02-16 19:47:06', '2021-02-16 19:47:06'),
(1093, 'kley/kley-forbo-144-euromix-pu-multi-2k-7kg', 'Купить Клей Forbo 144 Euromix PU Multi 2К 7кг', NULL, '<p><br data-mce-bogus=\"1\"></p>', 1, '2021-02-17 11:09:52', '2021-02-17 11:09:52'),
(1094, 'kley/kley-forbo-541-eurofix-anti-slip-10kg', 'Купить Клей Forbo 541 Eurofix Anti Slip 10кг', NULL, '<p><br data-mce-bogus=\"1\"></p>', 1, '2021-02-17 11:25:06', '2021-02-17 11:25:06'),
(1095, 'kley/kley-forbo-233-eurosol-contact-10kg', 'Купить Клей Forbo 233 Eurosol Contact 10кг', NULL, '<p><br data-mce-bogus=\"1\"></p>', 1, '2021-02-17 13:45:59', '2021-02-17 13:45:59'),
(1096, 'kley/kley-forbo-523-eurostar-tack-ec-12kg', 'Купить Клей Forbo 523 Eurostar Tack EC 12кг', NULL, '<p><br data-mce-bogus=\"1\"></p>', 1, '2021-02-17 13:57:25', '2021-02-17 13:57:25'),
(1097, 'kley/kley-forbo-236-eurosol-contact-plus-3-8kg', 'Купить Клей Forbo 236 Eurosol Contact Plus 3.8кг', NULL, '<p><br data-mce-bogus=\"1\"></p>', 1, '2021-02-17 14:09:40', '2021-02-17 14:09:40'),
(1098, 'kley/kley-forbo-149-euromix-turf-2k-13-2kg', 'Купить Клей Forbo 149 Euromix Turf 2К 13,2кг', NULL, '<p><br data-mce-bogus=\"1\"></p>', 1, '2021-02-17 14:37:39', '2021-02-17 14:37:39'),
(1099, 'kley/kley-forbo-545-polaris-13kg', 'Купить Клей Forbo 545 Polaris 13кг', NULL, '<p><br data-mce-bogus=\"1\"></p>', 1, '2021-02-17 14:49:09', '2021-02-17 14:49:09'),
(1100, 'kley/kley-forbo-418-euroflex-lino-polaris-14kg', 'Купить Клей Forbo 418 Euroflex Lino Polaris 14кг', NULL, '<p><br data-mce-bogus=\"1\"></p>', 1, '2021-02-17 15:00:34', '2021-02-17 15:00:34'),
(1101, 'kley/kley-forbo-150-parquet-doctor-0-75kg', 'Купить Клей Forbo 150 Parquet Doctor 0,75кг', NULL, '<p><br data-mce-bogus=\"1\"></p>', 1, '2021-02-17 15:09:04', '2021-02-17 15:09:04'),
(1102, 'kley/kley-forbo-160-euromix-turf-pro-2k-13-8kg', 'Купить Клей Forbo 160 Euromix Turf Pro 2К 13,8кг', NULL, '<p><br data-mce-bogus=\"1\"></p>', 1, '2021-02-17 15:22:47', '2021-02-17 15:22:47'),
(1103, 'kley/kley-forbo-528-eurostar-allround-13kg', 'Купить Клей Forbo 528 Eurostar allround 13кг', NULL, '<p><br data-mce-bogus=\"1\"></p>', 1, '2021-02-17 17:39:09', '2021-02-17 17:39:09'),
(1104, 'kley/kley-forbo-525-eurosafe-basic-20kg', 'Купить Клей Forbo 525 Eurosafe Basic 20кг', NULL, '<p><br data-mce-bogus=\"1\"></p>', 1, '2021-02-17 17:54:22', '2021-02-17 17:54:22'),
(1105, 'kley/kley-forbo-525-eurosafe-basic-13kg', 'Купить Клей Forbo 525 Eurosafe Basic 13кг', NULL, '<p><br data-mce-bogus=\"1\"></p>', 1, '2021-02-17 18:14:30', '2021-02-17 18:14:30'),
(1106, 'kley/kley-forbo-425-euroflex-standard-20kg', 'Купить Клей Forbo 425 Euroflex Standard 20кг', NULL, '<p><br data-mce-bogus=\"1\"></p>', 1, '2021-02-17 18:25:03', '2021-02-17 18:25:03'),
(1107, 'kley/kley-forbo-425-euroflex-standard-13kg', 'Купить Клей Forbo 425 Euroflex Standard 13кг', NULL, '<p><br data-mce-bogus=\"1\"></p>', 1, '2021-02-17 18:29:45', '2021-02-17 18:29:45'),
(1108, 'kley/kley-forbo-177-sh-helmipur-0-8kg', 'Купить Клей Forbo 177 SH Helmipur 0,8кг', NULL, '<p><br data-mce-bogus=\"1\"></p>', 1, '2021-02-17 18:41:22', '2021-02-17 18:41:22'),
(1109, 'kley/kley-forbo-148-euromix-wood-2k-9-6kg', 'Купить Клей Forbo 148 Euromix Wood 2К 9,6кг', NULL, '<p><br data-mce-bogus=\"1\"></p>', 1, '2021-02-17 18:50:40', '2021-02-17 18:50:40'),
(1110, 'kley/kley-forbo-157-eurowood-ms-16kg', 'Купить Клей Forbo 157 Eurowood MS 16кг', NULL, '<p><br data-mce-bogus=\"1\"></p>', 1, '2021-02-17 18:59:09', '2021-02-17 18:59:09'),
(1111, 'kley/kley-forbo-640-eurostar-unicol-13kg', 'Купить Клей Forbo 640 Eurostar Unicol 13кг', NULL, '<p><br data-mce-bogus=\"1\"></p>', 1, '2021-02-17 19:05:24', '2021-02-17 19:05:24'),
(1112, 'aktsyya', 'Акция', NULL, '<h1>Акция</h1>', 1, NULL, NULL),
(1113, 'laminat/clix-floor-charm', 'Clix Floor Charm', NULL, '<h1>Clix Floor Charm</h1>', 1, '2021-04-02 09:25:48', '2021-04-02 09:27:33'),
(1114, 'laminat/clix-floor-charm/laminat-clix-floor-charm-cxc-153-2-dub-krem', 'Купить Ламинат Clix Floor Charm CXC 153-2 Дуб Крем', NULL, '<p><br data-mce-bogus=\"1\"></p>', 1, '2021-04-02 11:53:52', '2021-04-02 11:53:52'),
(1115, 'laminat/clix-floor-charm/laminat-clix-floor-charm-cxc-155-2-dub-antik', 'Купить Ламинат Clix Floor Charm CXC 155-2 Дуб Антик', NULL, '<p><br data-mce-bogus=\"1\"></p>', 1, '2021-04-02 12:03:59', '2021-04-02 12:03:59'),
(1116, 'laminat/clix-floor-charm/laminat-clix-floor-charm-cxc-156-2-orekh-elegant', 'Купить Ламинат Clix Floor Charm CXC 156-2 Орех Элегант', NULL, '<p><br data-mce-bogus=\"1\"></p>', 1, '2021-04-02 12:06:26', '2021-04-02 12:06:26'),
(1117, 'laminat/clix-floor-charm/laminat-clix-floor-charm-cxc-157-2-dub-polar', 'Купить Ламинат Clix Floor Charm CXC 157-2 Дуб Полар', NULL, '<p><br data-mce-bogus=\"1\"></p>', 1, '2021-04-02 12:08:38', '2021-04-02 12:08:39'),
(1118, 'laminat/clix-floor-charm/laminat-clix-floor-charm-cxc-158-2-dub-ledyanoy', 'Купить Ламинат Clix Floor Charm CXC 158-2 Дуб Ледяной', NULL, '<p><br data-mce-bogus=\"1\"></p>', 1, '2021-04-02 12:11:02', '2021-04-02 12:11:02'),
(1119, 'laminat/clix-floor-charm/laminat-clix-floor-charm-cxc-160-2-dub-vekovoy', 'Купить Ламинат Clix Floor Charm CXC 160-2 Дуб Вековой', NULL, '<p><br data-mce-bogus=\"1\"></p>', 1, '2021-04-02 12:13:15', '2021-04-02 12:13:16'),
(1120, 'laminat/clix-floor-charm/laminat-clix-floor-charm-cxc-161-2-dub-vanil', 'Купить Ламинат Clix Floor Charm CXC 161-2 Дуб Ваниль', NULL, '<p><br data-mce-bogus=\"1\"></p>', 1, '2021-04-02 12:14:47', '2021-04-02 12:14:47'),
(1121, 'laminat/clix-floor-charm/laminat-clix-floor-charm-cxc-162-2-dub-karamel', 'Купить Ламинат Clix Floor Charm CXC 162-2 Дуб Карамель', NULL, '<p><br data-mce-bogus=\"1\"></p>', 1, '2021-04-02 12:16:11', '2021-04-02 12:16:11'),
(1122, 'laminat/clix-floor-charm/laminat-clix-floor-charm-cxc-287-dub-kvarts', 'Купить Ламинат Clix Floor Charm CXC 287 Дуб Кварц', NULL, '<p><br data-mce-bogus=\"1\"></p>', 1, '2021-04-02 12:18:36', '2021-04-02 12:18:36'),
(1123, 'laminat/clix-floor-charm/laminat-clix-floor-charm-cxc-413-dub-antratsit', 'Купить Ламинат Clix Floor Charm CXC 413 Дуб Антрацит', NULL, '<p><br data-mce-bogus=\"1\"></p>', 1, '2021-04-02 12:20:17', '2021-04-02 12:20:17'),
(1124, 'laminat/clix-floor-excellent', 'Clix Floor Excellent', NULL, '<h1>Clix Floor Excellent<br></h1>', 1, '2021-04-02 12:49:32', '2021-04-02 12:49:32'),
(1125, 'laminat/clix-floor-excellent/laminat-clix-floor-excellent-cxt-052-dub-assam', 'Купить Ламинат Clix Floor Excellent CXT 052 Дуб Ассам', NULL, '<p><br data-mce-bogus=\"1\"></p>', 1, '2021-04-02 13:38:48', '2021-04-02 13:38:48'),
(1126, 'laminat/clix-floor-excellent/laminat-clix-floor-excellent-cxt-140-dub-kamenniy', 'Купить Ламинат Clix Floor Excellent CXT 140 Дуб Каменный', NULL, '<p><br data-mce-bogus=\"1\"></p>', 1, '2021-04-02 13:44:35', '2021-04-02 13:44:35'),
(1127, 'laminat/clix-floor-excellent/laminat-clix-floor-excellent-cxt-142-dub-norvezhskiy', 'Купить Ламинат Clix Floor Excellent CXT 142 Дуб Норвежский', NULL, '<p><br data-mce-bogus=\"1\"></p>', 1, '2021-04-02 13:47:09', '2021-04-02 13:47:09'),
(1128, 'laminat/clix-floor-excellent/laminat-clix-floor-excellent-cxt-143-dub-kantri', 'Купить Ламинат Clix Floor Excellent CXT 143 Дуб Кантри', NULL, '<p><br data-mce-bogus=\"1\"></p>', 1, '2021-04-02 13:49:34', '2021-04-02 13:49:34'),
(1129, 'laminat/clix-floor-excellent/laminat-clix-floor-excellent-cxt-406-dub-portofino', 'Купить Ламинат Clix Floor Excellent CXT 406 Дуб Портофино', NULL, '<p><br data-mce-bogus=\"1\"></p>', 1, '2021-04-02 13:51:55', '2021-04-02 13:51:55'),
(1130, 'laminat/clix-floor-excellent/laminat-clix-floor-excellent-cxt-407-dub-kapri', 'Купить Ламинат Clix Floor Excellent CXT 407 Дуб Капри', NULL, '<p><br data-mce-bogus=\"1\"></p>', 1, '2021-04-02 13:55:45', '2021-04-02 13:55:45'),
(1131, 'laminat/clix-floor-intense', 'Clix Floor Intense', NULL, '<h1>Clix Floor Intense<br></h1>', 1, '2021-04-02 15:21:35', '2021-04-02 15:21:35'),
(1132, 'laminat/clix-floor-intense/laminat-clix-floor-intense-cxi-145-dub-platinoviy', 'Купить Ламинат Clix Floor Intense CXI 145 Дуб платиновый', NULL, '<p><br data-mce-bogus=\"1\"></p>', 1, '2021-04-02 15:54:25', '2021-04-02 15:54:25'),
(1133, 'laminat/clix-floor-intense/laminat-clix-floor-intense-cxi-146-dub-martsipanoviy', 'Купить Ламинат Clix Floor Intense CXI 146 Дуб марципановый', NULL, '<p><br data-mce-bogus=\"1\"></p>', 1, '2021-04-02 15:56:06', '2021-04-02 15:56:06'),
(1134, 'laminat/clix-floor-intense/laminat-clix-floor-intense-cxi-147-dub-mindalniy', 'Купить Ламинат Clix Floor Intense CXI 147 Дуб миндальный', NULL, '<p><br data-mce-bogus=\"1\"></p>', 1, '2021-04-02 15:57:43', '2021-04-02 15:57:43'),
(1135, 'laminat/clix-floor-intense/laminat-clix-floor-intense-cxi-148-dub-tseylonskiy', 'Купить Ламинат Clix Floor Intense CXI 148 Дуб цейлонский', NULL, '<p><br data-mce-bogus=\"1\"></p>', 1, '2021-04-02 15:59:06', '2021-04-02 15:59:06'),
(1136, 'laminat/clix-floor-intense/laminat-clix-floor-intense-cxi-149-dub-pylno-seriy', 'Купить Ламинат Clix Floor Intense CXI 149 Дуб пыльно-серый', NULL, '<p><br data-mce-bogus=\"1\"></p>', 1, '2021-04-02 16:00:39', '2021-04-02 16:00:39'),
(1137, 'laminat/clix-floor-intense/laminat-clix-floor-intense-cxi-150-dub-khokkaydo', 'Купить Ламинат Clix Floor Intense CXI 150 Дуб Хоккайдо', NULL, '<p><br data-mce-bogus=\"1\"></p>', 1, '2021-04-02 16:01:50', '2021-04-02 16:01:50'),
(1138, 'laminat/clix-floor-intense/laminat-clix-floor-intense-cxi-151-dub-gastoniya', 'Купить Ламинат Clix Floor Intense CXI 151 Дуб Гастония', NULL, '<p><br data-mce-bogus=\"1\"></p>', 1, '2021-04-02 16:03:00', '2021-04-02 16:03:00'),
(1139, 'laminat/clix-floor-intense/laminat-clix-floor-intense-cxi-152-dub-marokkanskiy', 'Купить Ламинат Clix Floor Intense CXI 152 Дуб Марокканский', NULL, '<p><br data-mce-bogus=\"1\"></p>', 1, '2021-04-02 16:04:42', '2021-04-02 16:04:42'),
(1140, 'laminat/clix-floor-plus', 'Clix Floor Plus', NULL, '<h1>Clix Floor Plus<br></h1>', 1, '2021-04-02 16:08:15', '2021-04-02 16:08:15'),
(1141, 'laminat/clix-floor-plus/laminat-clix-floor-plus-cxp-084-dub-agat', 'Купить Ламинат Clix Floor Plus CXP 084 Дуб агат', NULL, '<p><br data-mce-bogus=\"1\"></p>', 1, '2021-04-02 16:22:21', '2021-04-02 16:22:21'),
(1142, 'laminat/clix-floor-plus/laminat-clix-floor-plus-cxp-085-dub-seriy-serebristiy', 'Купить Ламинат Clix Floor Plus CXP 085 Дуб серый серебристый', NULL, '<p><br data-mce-bogus=\"1\"></p>', 1, '2021-04-02 16:24:56', '2021-04-02 16:24:56'),
(1143, 'laminat/clix-floor-plus/laminat-clix-floor-plus-cxp-086-dub-lava-seriy', 'Купить Ламинат Clix Floor Plus CXP 086 Дуб Лава серый', NULL, '<p><br data-mce-bogus=\"1\"></p>', 1, '2021-04-02 16:26:59', '2021-04-02 16:26:59'),
(1144, 'laminat/clix-floor-plus/laminat-clix-floor-plus-cxp-087-dub-kofeyniy', 'Купить Ламинат Clix Floor Plus CXP 087 Дуб кофейный', NULL, '<p><br data-mce-bogus=\"1\"></p>', 1, '2021-04-02 16:29:44', '2021-04-02 16:29:44'),
(1145, 'laminat/clix-floor-plus/laminat-clix-floor-plus-cxp-088-dub-tyomniy-shokolad', 'Купить Ламинат Clix Floor Plus CXP 088 Дуб тёмный шоколад', NULL, '<p><br data-mce-bogus=\"1\"></p>', 1, '2021-04-02 16:31:04', '2021-04-02 16:31:04'),
(1146, 'laminat/clix-floor-plus/laminat-clix-floor-plus-cxp-089-dub-imperskiy-vybelenniy', 'Купить Ламинат Clix Floor Plus CXP 089 Дуб имперский выбеленный', NULL, '<p><br data-mce-bogus=\"1\"></p>', 1, '2021-04-02 16:33:04', '2021-04-02 16:33:04'),
(1147, 'laminat/clix-floor-extra', 'Clix Floor Extra', NULL, '<h1>Clix Floor Extra<br></h1>', 1, '2021-04-02 16:40:26', '2021-04-02 16:45:01'),
(1148, 'laminat/clix-floor-extra/laminat-clix-plus-extra-cpe-3477-dub-shelkoviy-naturalniy', 'Купить Ламинат Clix Plus Extra CPE 3477 Дуб шелковый натуральный', NULL, '<p><br data-mce-bogus=\"1\"></p>', 1, '2021-04-02 16:55:28', '2021-04-02 16:55:28'),
(1149, 'laminat/clix-floor-extra/laminat-clix-plus-extra-cpe-3479-dub-shelkoviy-beliy', 'Купить Ламинат Clix Plus Extra CPE 3479 Дуб шелковый белый', NULL, '<p><br data-mce-bogus=\"1\"></p>', 1, '2021-04-02 16:59:10', '2021-04-02 16:59:10'),
(1150, 'laminat/clix-floor-extra/laminat-clix-plus-extra-cpe-3587-dub-seriy-dymchatiy', 'Купить Ламинат Clix Plus Extra CPE 3587 Дуб серый дымчатый', NULL, '<p><br data-mce-bogus=\"1\"></p>', 1, '2021-04-02 17:01:02', '2021-04-02 17:01:02'),
(1151, 'laminat/clix-floor-extra/laminat-clix-plus-extra-cpe-4066-dub-selekt-svetlo-seriy', 'Купить Ламинат Clix Plus Extra CPE 4066 Дуб селект светло-серый', NULL, '<p><br data-mce-bogus=\"1\"></p>', 1, '2021-04-02 17:05:57', '2021-04-02 17:05:57'),
(1152, 'laminat/clix-floor-extra/laminat-clix-plus-extra-cpe-4963-dub-korichnevo-seriy', 'Ламинат Clix Plus Extra CPE 4963 Дуб коричнево-серый', NULL, '<p><br data-mce-bogus=\"1\"></p>', 1, '2021-04-02 17:08:01', '2021-04-02 17:08:01'),
(1153, 'laminat/clix-floor-extra/laminat-clix-plus-extra-cpe-4964-dub-kakao', 'Купить Ламинат Clix Plus Extra CPE 4964 Дуб какао', NULL, '<p><br data-mce-bogus=\"1\"></p>', 1, '2021-04-02 17:11:44', '2021-04-02 17:11:44');

-- --------------------------------------------------------

--
-- Структура таблицы `page_parameters`
--

CREATE TABLE `page_parameters` (
  `page_id` int(10) UNSIGNED NOT NULL,
  `parameterizable_id` int(10) UNSIGNED NOT NULL,
  `parameterizable_type` varchar(50) COLLATE utf8mb4_unicode_ci NOT NULL
) ENGINE=InnoDB DEFAULT CHARSET=utf8mb4 COLLATE=utf8mb4_unicode_ci;

-- --------------------------------------------------------

--
-- Структура таблицы `page_routes`
--

CREATE TABLE `page_routes` (
  `route_id` int(10) UNSIGNED NOT NULL,
  `page_id` int(10) UNSIGNED NOT NULL
) ENGINE=InnoDB DEFAULT CHARSET=utf8mb4 COLLATE=utf8mb4_unicode_ci;

--
-- Дамп данных таблицы `page_routes`
--

INSERT INTO `page_routes` (`route_id`, `page_id`) VALUES
(1, 33),
(1, 34),
(1, 35),
(1, 36),
(1, 37),
(1, 44),
(1, 1070),
(1, 1099),
(2, 32),
(2, 487),
(2, 520),
(2, 531),
(2, 568),
(2, 577),
(2, 610),
(2, 771),
(2, 795),
(2, 814),
(2, 835),
(2, 869),
(2, 870),
(2, 871),
(2, 872),
(2, 873),
(2, 874),
(2, 875),
(2, 876),
(2, 877),
(2, 1026),
(2, 1027),
(2, 1028),
(2, 1029),
(2, 1073),
(2, 1113),
(2, 1124),
(2, 1131),
(2, 1140),
(2, 1147),
(3, 1),
(3, 868),
(3, 878),
(3, 1025),
(4, 25),
(4, 26),
(4, 27),
(4, 28),
(4, 1071),
(4, 1072),
(5, 17),
(6, 24),
(8, 491),
(8, 612),
(8, 615),
(8, 617),
(8, 619),
(8, 621),
(8, 623),
(8, 625),
(8, 627),
(8, 629),
(8, 631),
(8, 633),
(8, 635),
(8, 637),
(8, 639),
(8, 641),
(8, 643),
(8, 645),
(8, 647),
(8, 649),
(8, 651),
(8, 653),
(8, 655),
(8, 657),
(8, 659),
(8, 661),
(8, 663),
(8, 665),
(8, 667),
(8, 669),
(8, 671),
(8, 673),
(8, 675),
(8, 677),
(8, 679),
(8, 681),
(8, 683),
(8, 685),
(8, 687),
(8, 689),
(8, 691),
(8, 693),
(8, 695),
(8, 697),
(8, 699),
(8, 701),
(8, 703),
(8, 705),
(8, 707),
(8, 709),
(8, 711),
(8, 713),
(8, 715),
(8, 717),
(8, 719),
(8, 721),
(8, 723),
(8, 725),
(8, 727),
(8, 731),
(8, 733),
(8, 735),
(8, 737),
(8, 739),
(8, 741),
(8, 744),
(8, 746),
(8, 749),
(8, 751),
(8, 753),
(8, 755),
(8, 757),
(8, 759),
(8, 761),
(8, 764),
(8, 766),
(8, 768),
(8, 770),
(8, 773),
(8, 775),
(8, 777),
(8, 779),
(8, 781),
(8, 784),
(8, 786),
(8, 788),
(8, 790),
(8, 792),
(8, 794),
(8, 816),
(8, 818),
(8, 820),
(8, 822),
(8, 824),
(8, 826),
(8, 828),
(8, 830),
(8, 832),
(8, 834),
(8, 839),
(8, 844),
(8, 846),
(8, 848),
(8, 850),
(8, 852),
(8, 854),
(8, 858),
(8, 861),
(8, 864),
(8, 882),
(8, 884),
(8, 886),
(8, 888),
(8, 890),
(8, 892),
(8, 894),
(8, 907),
(8, 909),
(8, 911),
(8, 913),
(8, 915),
(8, 917),
(8, 919),
(8, 921),
(8, 923),
(8, 925),
(8, 927),
(8, 929),
(8, 931),
(8, 933),
(8, 935),
(8, 946),
(8, 948),
(8, 950),
(8, 952),
(8, 954),
(8, 956),
(8, 958),
(8, 960),
(8, 974),
(8, 976),
(8, 978),
(8, 980),
(8, 982),
(8, 984),
(8, 986),
(8, 988),
(8, 990),
(8, 992),
(8, 994),
(8, 996),
(8, 998),
(8, 1000),
(8, 1002),
(8, 1004),
(8, 1006),
(8, 1008),
(8, 1010),
(8, 1012),
(8, 1014),
(8, 1016),
(8, 1018),
(8, 1020),
(8, 1022),
(8, 1024),
(8, 1031),
(8, 1036),
(8, 1038),
(8, 1040),
(8, 1053),
(8, 1056),
(8, 1058),
(8, 1060),
(8, 1063),
(8, 1065),
(8, 1069),
(9, 611),
(9, 613),
(9, 614),
(9, 616),
(9, 618),
(9, 620),
(9, 622),
(9, 624),
(9, 626),
(9, 628),
(9, 630),
(9, 632),
(9, 634),
(9, 636),
(9, 638),
(9, 640),
(9, 642),
(9, 644),
(9, 646),
(9, 648),
(9, 650),
(9, 652),
(9, 654),
(9, 656),
(9, 658),
(9, 660),
(9, 662),
(9, 664),
(9, 666),
(9, 668),
(9, 670),
(9, 672),
(9, 674),
(9, 676),
(9, 678),
(9, 680),
(9, 682),
(9, 684),
(9, 686),
(9, 688),
(9, 690),
(9, 692),
(9, 694),
(9, 696),
(9, 698),
(9, 700),
(9, 702),
(9, 704),
(9, 706),
(9, 708),
(9, 710),
(9, 712),
(9, 714),
(9, 716),
(9, 718),
(9, 720),
(9, 722),
(9, 724),
(9, 726),
(9, 728),
(9, 729),
(9, 730),
(9, 732),
(9, 734),
(9, 736),
(9, 738),
(9, 740),
(9, 742),
(9, 743),
(9, 745),
(9, 747),
(9, 748),
(9, 750),
(9, 752),
(9, 754),
(9, 756),
(9, 758),
(9, 760),
(9, 762),
(9, 763),
(9, 765),
(9, 767),
(9, 769),
(9, 772),
(9, 774),
(9, 776),
(9, 778),
(9, 780),
(9, 782),
(9, 783),
(9, 785),
(9, 787),
(9, 789),
(9, 791),
(9, 793),
(9, 796),
(9, 797),
(9, 798),
(9, 799),
(9, 800),
(9, 801),
(9, 802),
(9, 803),
(9, 804),
(9, 805),
(9, 806),
(9, 807),
(9, 808),
(9, 809),
(9, 810),
(9, 811),
(9, 812),
(9, 813),
(9, 815),
(9, 817),
(9, 819),
(9, 821),
(9, 823),
(9, 825),
(9, 827),
(9, 829),
(9, 831),
(9, 833),
(9, 836),
(9, 837),
(9, 838),
(9, 840),
(9, 841),
(9, 842),
(9, 843),
(9, 845),
(9, 847),
(9, 849),
(9, 851),
(9, 853),
(9, 855),
(9, 856),
(9, 857),
(9, 859),
(9, 860),
(9, 862),
(9, 863),
(9, 865),
(9, 866),
(9, 867),
(9, 1114),
(9, 1115),
(9, 1116),
(9, 1117),
(9, 1118),
(9, 1119),
(9, 1120),
(9, 1121),
(9, 1122),
(9, 1123),
(9, 1125),
(9, 1126),
(9, 1127),
(9, 1128),
(9, 1129),
(9, 1130),
(9, 1132),
(9, 1133),
(9, 1134),
(9, 1135),
(9, 1136),
(9, 1137),
(9, 1138),
(9, 1139),
(9, 1141),
(9, 1142),
(9, 1143),
(9, 1144),
(9, 1145),
(9, 1146),
(9, 1148),
(9, 1149),
(9, 1150),
(9, 1151),
(9, 1152),
(9, 1153),
(10, 1074),
(10, 1075),
(10, 1076),
(10, 1077),
(10, 1078),
(10, 1079),
(10, 1080),
(10, 1081),
(10, 1082),
(10, 1083),
(10, 1084),
(10, 1085),
(10, 1086),
(10, 1087),
(10, 1088),
(10, 1089),
(10, 1090),
(10, 1091),
(10, 1092),
(10, 1093),
(10, 1094),
(10, 1095),
(10, 1096),
(10, 1097),
(10, 1098),
(10, 1100),
(10, 1101),
(10, 1102),
(10, 1103),
(10, 1104),
(10, 1105),
(10, 1106),
(10, 1107),
(10, 1108),
(10, 1109),
(10, 1110),
(10, 1111),
(11, 881),
(11, 883),
(11, 885),
(11, 887),
(11, 889),
(11, 891),
(11, 893),
(11, 895),
(11, 896),
(11, 897),
(11, 898),
(11, 899),
(11, 900),
(11, 901),
(11, 902),
(11, 903),
(11, 904),
(11, 905),
(11, 906),
(11, 908),
(11, 910),
(11, 912),
(11, 914),
(11, 916),
(11, 918),
(11, 920),
(11, 922),
(11, 924),
(11, 926),
(11, 928),
(11, 930),
(11, 932),
(11, 934),
(11, 936),
(11, 937),
(11, 938),
(11, 939),
(11, 940),
(11, 941),
(11, 942),
(11, 943),
(11, 944),
(11, 945),
(11, 947),
(11, 949),
(11, 951),
(11, 953),
(11, 955),
(11, 957),
(11, 959),
(11, 961),
(11, 962),
(11, 963),
(11, 964),
(11, 965),
(11, 966),
(11, 967),
(11, 968),
(11, 969),
(11, 970),
(11, 971),
(11, 972),
(11, 973),
(11, 975),
(11, 977),
(11, 979),
(11, 981),
(11, 983),
(11, 985),
(11, 987),
(11, 989),
(11, 991),
(11, 993),
(11, 995),
(11, 997),
(11, 999),
(11, 1001),
(11, 1003),
(11, 1005),
(11, 1007),
(11, 1009),
(11, 1011),
(11, 1013),
(11, 1015),
(11, 1017),
(11, 1019),
(11, 1021),
(11, 1023),
(12, 1042),
(12, 1043),
(12, 1044),
(12, 1045),
(12, 1046),
(12, 1047),
(12, 1048),
(12, 1049),
(12, 1050),
(12, 1051),
(12, 1052),
(12, 1054),
(12, 1055),
(12, 1057),
(12, 1059),
(12, 1061),
(12, 1062),
(12, 1064),
(12, 1066),
(12, 1067),
(12, 1068),
(13, 1112);

-- --------------------------------------------------------

--
-- Структура таблицы `page_routes_old`
--

CREATE TABLE `page_routes_old` (
  `route_id` int(10) UNSIGNED NOT NULL,
  `page_id` int(10) UNSIGNED NOT NULL
) ENGINE=InnoDB DEFAULT CHARSET=utf8mb4 COLLATE=utf8mb4_unicode_ci;

--
-- Дамп данных таблицы `page_routes_old`
--

INSERT INTO `page_routes_old` (`route_id`, `page_id`) VALUES
(1, 4),
(1, 5),
(1, 18),
(1, 19),
(1, 20),
(1, 21),
(1, 22),
(1, 23),
(1, 33),
(1, 34),
(1, 35),
(1, 37),
(1, 44),
(1, 46),
(1, 48),
(1, 51),
(1, 53),
(1, 55),
(1, 57),
(1, 59),
(1, 61),
(1, 63),
(1, 65),
(1, 67),
(1, 69),
(1, 73),
(1, 75),
(1, 77),
(1, 79),
(1, 81),
(1, 83),
(1, 85),
(1, 87),
(1, 89),
(1, 91),
(1, 93),
(1, 95),
(1, 97),
(1, 99),
(1, 102),
(1, 103),
(1, 105),
(1, 107),
(1, 110),
(1, 112),
(1, 114),
(1, 116),
(1, 118),
(1, 120),
(1, 123),
(1, 124),
(1, 126),
(1, 128),
(1, 130),
(1, 132),
(1, 134),
(1, 136),
(1, 137),
(1, 139),
(1, 140),
(1, 141),
(1, 142),
(1, 143),
(1, 145),
(1, 147),
(1, 149),
(1, 151),
(1, 153),
(1, 155),
(1, 156),
(1, 159),
(1, 162),
(1, 163),
(1, 165),
(1, 167),
(1, 169),
(1, 171),
(1, 173),
(1, 175),
(1, 177),
(1, 178),
(1, 182),
(1, 184),
(1, 186),
(1, 188),
(1, 190),
(1, 192),
(1, 194),
(1, 196),
(1, 198),
(1, 200),
(1, 202),
(1, 204),
(1, 206),
(1, 208),
(1, 210),
(1, 212),
(1, 213),
(1, 217),
(1, 219),
(1, 221),
(1, 223),
(1, 226),
(1, 228),
(1, 230),
(1, 232),
(1, 234),
(1, 238),
(1, 240),
(1, 242),
(1, 244),
(1, 246),
(1, 248),
(1, 250),
(1, 251),
(1, 253),
(1, 255),
(1, 257),
(1, 258),
(1, 260),
(1, 262),
(1, 264),
(1, 266),
(1, 268),
(1, 270),
(1, 272),
(1, 274),
(1, 276),
(1, 278),
(1, 279),
(1, 281),
(1, 283),
(1, 285),
(1, 287),
(1, 289),
(1, 291),
(1, 293),
(1, 295),
(1, 297),
(1, 299),
(1, 301),
(1, 303),
(1, 305),
(1, 307),
(1, 309),
(1, 311),
(1, 313),
(1, 315),
(1, 317),
(1, 319),
(1, 321),
(1, 323),
(1, 325),
(1, 327),
(1, 329),
(1, 331),
(1, 333),
(1, 335),
(1, 337),
(1, 339),
(1, 341),
(1, 343),
(1, 345),
(1, 347),
(1, 348),
(1, 349),
(1, 350),
(1, 351),
(1, 352),
(1, 354),
(1, 356),
(1, 358),
(1, 359),
(1, 360),
(1, 361),
(1, 362),
(1, 363),
(1, 364),
(1, 365),
(1, 366),
(1, 367),
(1, 369),
(1, 370),
(1, 371),
(1, 372),
(1, 374),
(1, 375),
(1, 377),
(1, 379),
(1, 381),
(1, 383),
(1, 385),
(1, 387),
(1, 389),
(1, 391),
(1, 393),
(1, 395),
(1, 397),
(1, 399),
(1, 401),
(1, 403),
(1, 404),
(1, 405),
(1, 406),
(1, 408),
(1, 410),
(1, 412),
(1, 414),
(1, 416),
(1, 418),
(1, 419),
(1, 421),
(1, 423),
(1, 424),
(1, 426),
(1, 428),
(1, 430),
(1, 432),
(1, 435),
(1, 437),
(1, 439),
(1, 441),
(1, 443),
(1, 444),
(1, 446),
(1, 448),
(1, 450),
(1, 452),
(1, 454),
(1, 456),
(1, 458),
(1, 460),
(1, 462),
(1, 464),
(1, 466),
(1, 468),
(1, 470),
(1, 472),
(1, 474),
(1, 475),
(1, 477),
(1, 479),
(1, 480),
(1, 482),
(1, 484),
(1, 485),
(2, 2),
(2, 6),
(2, 7),
(2, 8),
(2, 10),
(2, 11),
(2, 12),
(2, 13),
(2, 14),
(2, 15),
(2, 16),
(2, 29),
(2, 32),
(2, 36),
(3, 1),
(4, 25),
(4, 26),
(4, 27),
(4, 28),
(5, 17),
(6, 24),
(8, 31),
(8, 38),
(8, 39),
(8, 40),
(8, 41),
(8, 42),
(8, 43),
(8, 45),
(8, 47),
(8, 50),
(8, 52),
(8, 54),
(8, 56),
(8, 58),
(8, 60),
(8, 62),
(8, 64),
(8, 66),
(8, 68),
(8, 70),
(8, 74),
(8, 76),
(8, 78),
(8, 80),
(8, 82),
(8, 84),
(8, 86),
(8, 88),
(8, 90),
(8, 92),
(8, 94),
(8, 96),
(8, 98),
(8, 100),
(8, 101),
(8, 104),
(8, 106),
(8, 111),
(8, 115),
(8, 117),
(8, 119),
(8, 122),
(8, 125),
(8, 127),
(8, 129),
(8, 131),
(8, 144),
(8, 146),
(8, 148),
(8, 150),
(8, 152),
(8, 154),
(8, 161),
(8, 164),
(8, 166),
(8, 168),
(8, 170),
(8, 172),
(8, 174),
(8, 176),
(8, 179),
(8, 180),
(8, 181),
(8, 183),
(8, 185),
(8, 187),
(8, 189),
(8, 191),
(8, 193),
(8, 195),
(8, 197),
(8, 199),
(8, 201),
(8, 203),
(8, 205),
(8, 207),
(8, 209),
(8, 211),
(8, 214),
(8, 218),
(8, 220),
(8, 222),
(8, 225),
(8, 227),
(8, 229),
(8, 231),
(8, 233),
(8, 235),
(8, 239),
(8, 241),
(8, 243),
(8, 245),
(8, 247),
(8, 249),
(8, 252),
(8, 254),
(8, 256),
(8, 259),
(8, 261),
(8, 263),
(8, 265),
(8, 267),
(8, 269),
(8, 271),
(8, 273),
(8, 275),
(8, 277),
(8, 280),
(8, 282),
(8, 284),
(8, 286),
(8, 288),
(8, 290),
(8, 292),
(8, 294),
(8, 296),
(8, 298),
(8, 300),
(8, 302),
(8, 304),
(8, 306),
(8, 308),
(8, 310),
(8, 312),
(8, 314),
(8, 316),
(8, 318),
(8, 320),
(8, 322),
(8, 324),
(8, 326),
(8, 328),
(8, 330),
(8, 332),
(8, 334),
(8, 336),
(8, 338),
(8, 340),
(8, 342),
(8, 344),
(8, 346),
(8, 353),
(8, 355),
(8, 357),
(8, 368),
(8, 373),
(8, 376),
(8, 378),
(8, 380),
(8, 382),
(8, 384),
(8, 386),
(8, 388),
(8, 390),
(8, 392),
(8, 394),
(8, 396),
(8, 398),
(8, 400),
(8, 402),
(8, 407),
(8, 409),
(8, 411),
(8, 413),
(8, 415),
(8, 417),
(8, 420),
(8, 422),
(8, 425),
(8, 427),
(8, 429),
(8, 431),
(8, 433),
(8, 436),
(8, 438),
(8, 440),
(8, 442),
(8, 445),
(8, 447),
(8, 449),
(8, 451),
(8, 453),
(8, 455),
(8, 457),
(8, 459),
(8, 461),
(8, 463),
(8, 465),
(8, 467),
(8, 469),
(8, 471),
(8, 473),
(8, 476),
(8, 478),
(8, 481),
(8, 483),
(8, 486);

-- --------------------------------------------------------

--
-- Структура таблицы `page_views`
--

CREATE TABLE `page_views` (
  `page_id` int(10) UNSIGNED NOT NULL
) ENGINE=InnoDB DEFAULT CHARSET=utf8mb4 COLLATE=utf8mb4_unicode_ci;

--
-- Дамп данных таблицы `page_views`
--

INSERT INTO `page_views` (`page_id`) VALUES
(25),
(26),
(27),
(28);

-- --------------------------------------------------------

--
-- Структура таблицы `password_resets`
--

CREATE TABLE `password_resets` (
  `email` varchar(255) COLLATE utf8mb4_unicode_ci NOT NULL,
  `token` varchar(255) COLLATE utf8mb4_unicode_ci NOT NULL,
  `created_at` timestamp NULL DEFAULT NULL
) ENGINE=InnoDB DEFAULT CHARSET=utf8mb4 COLLATE=utf8mb4_unicode_ci;

-- --------------------------------------------------------

--
-- Структура таблицы `plinth_views`
--

CREATE TABLE `plinth_views` (
  `product_id` int(10) UNSIGNED NOT NULL,
  `page_id` int(10) UNSIGNED NOT NULL
) ENGINE=InnoDB DEFAULT CHARSET=utf8mb4 COLLATE=utf8mb4_unicode_ci;

--
-- Дамп данных таблицы `plinth_views`
--

INSERT INTO `plinth_views` (`product_id`, `page_id`) VALUES
(481, 491),
(483, 612),
(486, 615),
(488, 617),
(490, 619),
(492, 621),
(494, 623),
(496, 625),
(498, 627),
(500, 629),
(502, 631),
(504, 633),
(506, 635),
(508, 637),
(510, 639),
(512, 641),
(514, 643),
(516, 645),
(518, 647),
(520, 649),
(522, 651),
(524, 653),
(526, 655),
(528, 657),
(530, 659),
(532, 661),
(534, 663),
(536, 665),
(538, 667),
(540, 669),
(542, 671),
(544, 673),
(546, 675),
(548, 677),
(550, 679),
(552, 681),
(554, 683),
(556, 685),
(558, 687),
(560, 689),
(562, 691),
(564, 693),
(566, 695),
(568, 697),
(570, 699),
(572, 701),
(574, 703),
(576, 705),
(578, 707),
(580, 709),
(582, 711),
(584, 713),
(586, 715),
(588, 717),
(590, 719),
(592, 721),
(594, 723),
(596, 725),
(598, 727),
(602, 731),
(604, 733),
(606, 735),
(608, 737),
(610, 739),
(612, 741),
(615, 744),
(617, 746),
(620, 749),
(622, 751),
(624, 753),
(626, 755),
(628, 757),
(630, 759),
(632, 761),
(635, 764),
(637, 766),
(639, 768),
(641, 770),
(643, 773),
(645, 775),
(647, 777),
(649, 779),
(651, 781),
(654, 784),
(656, 786),
(658, 788),
(660, 790),
(662, 792),
(664, 794),
(684, 816),
(686, 818),
(688, 820),
(690, 822),
(692, 824),
(694, 826),
(696, 828),
(698, 830),
(700, 832),
(702, 834),
(706, 839),
(711, 844),
(713, 846),
(715, 848),
(717, 850),
(719, 852),
(721, 854),
(725, 858),
(728, 861),
(731, 864),
(738, 882),
(740, 884),
(742, 886),
(744, 888),
(746, 890),
(748, 892),
(750, 894),
(763, 907),
(765, 909),
(767, 911),
(769, 913),
(772, 915),
(774, 917),
(776, 919),
(778, 921),
(780, 923),
(782, 925),
(784, 927),
(786, 929),
(788, 931),
(790, 933),
(801, 935),
(812, 946),
(814, 948),
(816, 950),
(818, 952),
(820, 954),
(822, 956),
(824, 958),
(826, 960),
(840, 974),
(842, 976),
(844, 978),
(846, 980),
(848, 982),
(850, 984),
(852, 986),
(854, 988),
(856, 990),
(858, 992),
(860, 994),
(862, 996),
(864, 998),
(866, 1000),
(868, 1002),
(870, 1004),
(872, 1006),
(874, 1008),
(876, 1010),
(878, 1012),
(880, 1014),
(882, 1016),
(884, 1018),
(886, 1020),
(888, 1022),
(890, 1024),
(892, 1031),
(897, 1036),
(899, 1038),
(901, 1040),
(914, 1053),
(917, 1056),
(919, 1058),
(921, 1060),
(924, 1063),
(926, 1065),
(930, 1069);

-- --------------------------------------------------------

--
-- Структура таблицы `prices`
--

CREATE TABLE `prices` (
  `product_id` int(10) UNSIGNED NOT NULL,
  `price_history_id` int(10) UNSIGNED NOT NULL
) ENGINE=InnoDB DEFAULT CHARSET=utf8mb4 COLLATE=utf8mb4_unicode_ci;

--
-- Дамп данных таблицы `prices`
--

INSERT INTO `prices` (`product_id`, `price_history_id`) VALUES
(12, 26),
(15, 29),
(523, 683),
(525, 685),
(527, 687),
(529, 689),
(531, 691),
(533, 693),
(535, 695),
(537, 697),
(539, 699),
(541, 701),
(543, 703),
(545, 705),
(547, 707),
(549, 709),
(551, 711),
(553, 713),
(555, 715),
(557, 717),
(559, 719),
(561, 721),
(563, 723),
(565, 725),
(642, 802),
(644, 804),
(646, 806),
(648, 808),
(650, 810),
(652, 812),
(653, 813),
(655, 815),
(657, 817),
(659, 819),
(661, 821),
(663, 823),
(665, 825),
(666, 826),
(667, 827),
(668, 828),
(669, 829),
(670, 830),
(671, 831),
(672, 832),
(673, 833),
(674, 834),
(675, 835),
(676, 836),
(677, 837),
(678, 838),
(679, 839),
(680, 840),
(681, 841),
(682, 842),
(683, 843),
(685, 845),
(687, 847),
(689, 849),
(691, 851),
(693, 853),
(695, 855),
(697, 857),
(699, 859),
(701, 861),
(703, 863),
(704, 864),
(705, 865),
(707, 867),
(708, 868),
(709, 869),
(710, 870),
(712, 872),
(714, 874),
(716, 876),
(718, 878),
(720, 880),
(722, 882),
(723, 883),
(724, 884),
(726, 886),
(727, 887),
(729, 889),
(730, 890),
(732, 892),
(733, 893),
(734, 894),
(737, 904),
(739, 906),
(741, 908),
(743, 910),
(745, 912),
(747, 914),
(749, 916),
(758, 925),
(759, 926),
(760, 927),
(761, 928),
(762, 929),
(764, 931),
(766, 933),
(768, 935),
(771, 939),
(773, 941),
(775, 943),
(777, 945),
(779, 947),
(781, 949),
(783, 951),
(785, 953),
(787, 955),
(789, 957),
(800, 968),
(827, 995),
(828, 996),
(829, 997),
(830, 998),
(831, 999),
(832, 1000),
(833, 1001),
(834, 1002),
(835, 1003),
(836, 1004),
(837, 1005),
(838, 1006),
(839, 1007),
(841, 1009),
(843, 1011),
(845, 1013),
(847, 1015),
(849, 1017),
(851, 1019),
(853, 1021),
(855, 1023),
(857, 1025),
(859, 1027),
(861, 1029),
(863, 1031),
(865, 1033),
(867, 1035),
(869, 1037),
(871, 1039),
(873, 1041),
(875, 1043),
(877, 1045),
(879, 1047),
(881, 1049),
(883, 1051),
(885, 1053),
(887, 1055),
(889, 1057),
(810, 1102),
(811, 1102),
(813, 1102),
(815, 1102),
(817, 1102),
(819, 1102),
(821, 1102),
(823, 1102),
(825, 1102),
(751, 1103),
(752, 1103),
(753, 1103),
(754, 1103),
(755, 1103),
(756, 1103),
(757, 1103),
(802, 1104),
(803, 1104),
(804, 1104),
(805, 1104),
(806, 1104),
(807, 1104),
(808, 1104),
(809, 1104),
(483, 1105),
(486, 1105),
(488, 1105),
(490, 1105),
(492, 1105),
(494, 1105),
(496, 1105),
(498, 1105),
(500, 1105),
(502, 1105),
(504, 1105),
(506, 1105),
(508, 1105),
(510, 1105),
(512, 1105),
(514, 1105),
(516, 1105),
(518, 1105),
(520, 1105),
(522, 1105),
(524, 1105),
(526, 1105),
(528, 1105),
(530, 1105),
(532, 1105),
(534, 1105),
(536, 1105),
(538, 1105),
(540, 1105),
(542, 1105),
(544, 1105),
(546, 1105),
(548, 1105),
(550, 1105),
(552, 1105),
(554, 1105),
(556, 1105),
(558, 1105),
(560, 1105),
(562, 1105),
(564, 1105),
(566, 1105),
(568, 1105),
(570, 1105),
(572, 1105),
(574, 1105),
(576, 1105),
(578, 1105),
(580, 1105),
(582, 1105),
(584, 1105),
(586, 1105),
(588, 1105),
(590, 1105),
(592, 1105),
(594, 1105),
(596, 1105),
(598, 1105),
(602, 1105),
(604, 1105),
(606, 1105),
(608, 1105),
(610, 1105),
(612, 1105),
(615, 1105),
(617, 1105),
(620, 1105),
(622, 1105),
(624, 1105),
(626, 1105),
(628, 1105),
(630, 1105),
(632, 1105),
(635, 1105),
(637, 1105),
(639, 1105),
(641, 1105),
(643, 1105),
(645, 1105),
(647, 1105),
(649, 1105),
(651, 1105),
(654, 1105),
(656, 1105),
(658, 1105),
(660, 1105),
(662, 1105),
(664, 1105),
(684, 1105),
(686, 1105),
(688, 1105),
(690, 1105),
(692, 1105),
(694, 1105),
(696, 1105),
(698, 1105),
(700, 1105),
(702, 1105),
(706, 1105),
(711, 1105),
(713, 1105),
(715, 1105),
(717, 1105),
(719, 1105),
(721, 1105),
(725, 1105),
(728, 1105),
(731, 1105),
(738, 1106),
(740, 1106),
(742, 1106),
(744, 1106),
(746, 1106),
(748, 1106),
(750, 1106),
(763, 1106),
(765, 1106),
(767, 1106),
(769, 1106),
(772, 1106),
(774, 1106),
(776, 1106),
(778, 1106),
(780, 1106),
(782, 1106),
(784, 1106),
(786, 1106),
(788, 1106),
(790, 1106),
(801, 1106),
(812, 1106),
(814, 1106),
(816, 1106),
(818, 1106),
(820, 1106),
(822, 1106),
(824, 1106),
(826, 1106),
(840, 1107),
(842, 1107),
(844, 1107),
(846, 1107),
(848, 1107),
(850, 1107),
(852, 1107),
(854, 1107),
(856, 1107),
(858, 1107),
(860, 1107),
(862, 1107),
(864, 1107),
(866, 1107),
(868, 1107),
(870, 1107),
(872, 1107),
(874, 1107),
(876, 1107),
(878, 1107),
(880, 1107),
(882, 1107),
(884, 1107),
(886, 1107),
(888, 1107),
(890, 1107),
(892, 1108),
(897, 1108),
(899, 1108),
(901, 1108),
(914, 1108),
(917, 1108),
(919, 1108),
(921, 1108),
(924, 1108),
(926, 1108),
(906, 1114),
(911, 1115),
(912, 1115),
(913, 1115),
(903, 1116),
(909, 1116),
(904, 1117),
(905, 1117),
(907, 1117),
(908, 1117),
(910, 1117),
(920, 1118),
(922, 1118),
(925, 1118),
(927, 1118),
(923, 1119),
(928, 1120),
(929, 1120),
(915, 1121),
(916, 1121),
(918, 1121),
(481, 1122),
(930, 1123),
(931, 1124),
(482, 1125),
(484, 1125),
(485, 1125),
(487, 1125),
(489, 1125),
(491, 1125),
(493, 1125),
(495, 1125),
(497, 1125),
(499, 1125),
(501, 1125),
(503, 1125),
(505, 1125),
(507, 1125),
(509, 1125),
(511, 1125),
(513, 1126),
(515, 1126),
(517, 1126),
(519, 1126),
(521, 1126),
(567, 1127),
(569, 1127),
(571, 1127),
(573, 1127),
(575, 1127),
(577, 1127),
(579, 1127),
(581, 1127),
(583, 1127),
(585, 1127),
(587, 1127),
(589, 1127),
(591, 1127),
(593, 1127),
(595, 1127),
(597, 1127),
(599, 1127),
(600, 1127),
(601, 1128),
(603, 1128),
(605, 1128),
(607, 1128),
(609, 1128),
(611, 1128),
(613, 1128),
(614, 1128),
(616, 1128),
(618, 1128),
(619, 1128),
(621, 1128),
(623, 1128),
(625, 1128),
(627, 1128),
(629, 1128),
(631, 1128),
(633, 1128),
(634, 1128),
(636, 1128),
(638, 1128),
(640, 1128),
(934, 1131),
(935, 1132),
(936, 1133),
(937, 1134),
(938, 1135),
(939, 1136),
(940, 1137),
(941, 1138),
(942, 1139),
(943, 1140),
(944, 1141),
(945, 1142),
(946, 1143),
(947, 1144),
(948, 1145),
(949, 1146),
(950, 1147),
(951, 1148),
(952, 1149),
(953, 1150),
(954, 1151),
(955, 1152),
(956, 1153),
(957, 1154),
(958, 1155),
(959, 1156),
(960, 1157),
(961, 1158),
(962, 1159),
(963, 1160),
(964, 1161),
(965, 1162),
(966, 1163),
(967, 1164),
(968, 1165),
(969, 1166),
(970, 1167),
(13, 1168),
(14, 1169),
(23, 1170),
(971, 1171),
(972, 1172),
(973, 1173),
(974, 1174),
(975, 1175),
(976, 1176),
(977, 1177),
(978, 1178),
(979, 1179),
(980, 1180),
(981, 1187),
(982, 1187),
(983, 1187),
(984, 1187),
(985, 1187),
(986, 1187),
(987, 1188),
(988, 1189),
(989, 1190),
(990, 1191),
(991, 1192),
(992, 1193),
(993, 1194),
(994, 1195),
(995, 1196),
(996, 1197),
(997, 1198),
(998, 1199),
(999, 1200),
(1000, 1201),
(1001, 1202),
(1002, 1203),
(1003, 1204),
(1004, 1205),
(1005, 1206),
(1006, 1207),
(933, 1209);

-- --------------------------------------------------------

--
-- Структура таблицы `price_histories`
--

CREATE TABLE `price_histories` (
  `id` int(10) UNSIGNED NOT NULL,
  `product_id` int(10) UNSIGNED NOT NULL,
  `price` int(11) NOT NULL,
  `actual_on` timestamp NOT NULL DEFAULT current_timestamp() ON UPDATE current_timestamp()
) ENGINE=InnoDB DEFAULT CHARSET=utf8mb4 COLLATE=utf8mb4_unicode_ci;

--
-- Дамп данных таблицы `price_histories`
--

INSERT INTO `price_histories` (`id`, `product_id`, `price`, `actual_on`) VALUES
(26, 12, 110000, '2020-09-28 09:05:19'),
(27, 13, 132000, '2020-09-28 09:37:35'),
(28, 14, 165000, '2020-09-28 09:45:02'),
(29, 15, 42000, '2020-09-28 20:41:46'),
(38, 23, 130000, '2020-10-16 12:08:15'),
(497, 481, 45000, '2020-11-10 21:57:22'),
(642, 482, 378880, '2020-11-19 22:24:04'),
(643, 483, 45000, '2020-11-19 22:24:07'),
(644, 484, 378880, '2020-11-19 22:24:11'),
(645, 485, 378880, '2020-11-19 22:24:16'),
(646, 486, 45000, '2020-11-19 22:24:19'),
(647, 487, 378880, '2020-11-19 22:24:33'),
(648, 488, 45000, '2020-11-19 22:24:36'),
(649, 489, 378880, '2020-11-19 22:24:39'),
(650, 490, 45000, '2020-11-19 22:24:42'),
(651, 491, 378880, '2020-11-19 22:24:49'),
(652, 492, 45000, '2020-11-19 22:24:53'),
(653, 493, 378880, '2020-11-19 22:25:04'),
(654, 494, 45000, '2020-11-19 22:25:08'),
(655, 495, 378880, '2020-11-19 22:25:13'),
(656, 496, 45000, '2020-11-19 22:25:16'),
(657, 497, 378880, '2020-11-19 22:25:23'),
(658, 498, 45000, '2020-11-19 22:25:27'),
(659, 499, 378880, '2020-11-19 22:25:32'),
(660, 500, 45000, '2020-11-19 22:25:35'),
(661, 501, 378880, '2020-11-19 22:25:45'),
(662, 502, 45000, '2020-11-19 22:25:48'),
(663, 503, 378880, '2020-11-19 22:25:55'),
(664, 504, 45000, '2020-11-19 22:25:58'),
(665, 505, 378880, '2020-11-19 22:26:12'),
(666, 506, 45000, '2020-11-19 22:26:16'),
(667, 507, 378880, '2020-11-19 22:26:26'),
(668, 508, 45000, '2020-11-19 22:26:30'),
(669, 509, 378880, '2020-11-19 22:26:40'),
(670, 510, 45000, '2020-11-19 22:26:44'),
(671, 511, 378880, '2020-11-19 22:27:04'),
(672, 512, 45000, '2020-11-19 22:27:08'),
(673, 513, 272794, '2020-11-19 22:45:00'),
(674, 514, 45000, '2020-11-19 22:45:04'),
(675, 515, 272794, '2020-11-19 22:45:16'),
(676, 516, 45000, '2020-11-19 22:45:19'),
(677, 517, 272794, '2020-11-19 22:45:30'),
(678, 518, 45000, '2020-11-19 22:45:34'),
(679, 519, 272794, '2020-11-19 22:45:44'),
(680, 520, 45000, '2020-11-19 22:45:47'),
(681, 521, 272794, '2020-11-19 22:45:56'),
(682, 522, 45000, '2020-11-19 22:46:00'),
(683, 523, 159600, '2020-11-19 23:01:17'),
(684, 524, 45000, '2020-11-19 23:01:20'),
(685, 525, 159600, '2020-11-19 23:01:26'),
(686, 526, 45000, '2020-11-19 23:01:30'),
(687, 527, 159600, '2020-11-19 23:01:35'),
(688, 528, 45000, '2020-11-19 23:01:39'),
(689, 529, 159600, '2020-11-19 23:01:46'),
(690, 530, 45000, '2020-11-19 23:01:50'),
(691, 531, 159600, '2020-11-19 23:02:05'),
(692, 532, 45000, '2020-11-19 23:02:09'),
(693, 533, 159600, '2020-11-19 23:02:14'),
(694, 534, 45000, '2020-11-19 23:02:17'),
(695, 535, 159600, '2020-11-19 23:02:21'),
(696, 536, 45000, '2020-11-19 23:02:24'),
(697, 537, 159600, '2020-11-19 23:02:28'),
(698, 538, 45000, '2020-11-19 23:02:31'),
(699, 539, 159600, '2020-11-19 23:02:36'),
(700, 540, 45000, '2020-11-19 23:02:51'),
(701, 541, 159600, '2020-11-19 23:02:57'),
(702, 542, 45000, '2020-11-19 23:03:00'),
(703, 543, 159600, '2020-11-19 23:03:06'),
(704, 544, 45000, '2020-11-19 23:03:09'),
(705, 545, 159600, '2020-11-19 23:03:14'),
(706, 546, 45000, '2020-11-19 23:03:18'),
(707, 547, 159600, '2020-11-19 23:03:23'),
(708, 548, 45000, '2020-11-19 23:03:26'),
(709, 549, 159600, '2020-11-19 23:03:30'),
(710, 550, 45000, '2020-11-19 23:03:34'),
(711, 551, 159600, '2020-11-19 23:03:40'),
(712, 552, 45000, '2020-11-19 23:03:43'),
(713, 553, 159600, '2020-11-19 23:03:48'),
(714, 554, 45000, '2020-11-19 23:03:53'),
(715, 555, 159600, '2020-11-20 23:14:53'),
(716, 556, 45000, '2020-11-20 23:14:57'),
(717, 557, 159600, '2020-11-20 23:15:02'),
(718, 558, 45000, '2020-11-20 23:15:06'),
(719, 559, 216111, '2020-11-21 13:05:14'),
(720, 560, 45000, '2020-11-21 13:05:18'),
(721, 561, 216111, '2020-11-21 13:05:24'),
(722, 562, 45000, '2020-11-21 13:05:28'),
(723, 563, 216111, '2020-11-21 13:05:33'),
(724, 564, 45000, '2020-11-21 13:05:37'),
(725, 565, 216111, '2020-11-21 13:05:43'),
(726, 566, 45000, '2020-11-21 13:05:46'),
(727, 567, 188559, '2020-11-21 18:46:39'),
(728, 568, 45000, '2020-11-21 18:46:43'),
(729, 569, 188559, '2020-11-21 18:46:49'),
(730, 570, 45000, '2020-11-21 18:46:53'),
(731, 571, 188559, '2020-11-21 18:46:58'),
(732, 572, 45000, '2020-11-21 18:47:01'),
(733, 573, 188559, '2020-11-21 18:47:07'),
(734, 574, 45000, '2020-11-21 18:47:10'),
(735, 575, 188559, '2020-11-21 18:47:16'),
(736, 576, 45000, '2020-11-21 18:47:19'),
(737, 577, 188559, '2020-11-21 18:47:25'),
(738, 578, 45000, '2020-11-21 18:47:28'),
(739, 579, 188559, '2020-11-21 18:47:34'),
(740, 580, 45000, '2020-11-21 18:47:37'),
(741, 581, 188559, '2020-11-21 18:47:43'),
(742, 582, 45000, '2020-11-21 18:47:46'),
(743, 583, 188559, '2020-11-21 18:47:51'),
(744, 584, 45000, '2020-11-21 18:47:55'),
(745, 585, 188559, '2020-11-21 18:48:00'),
(746, 586, 45000, '2020-11-21 18:48:03'),
(747, 587, 188559, '2020-11-21 18:48:10'),
(748, 588, 45000, '2020-11-21 18:48:14'),
(749, 589, 188559, '2020-11-21 18:48:21'),
(750, 590, 45000, '2020-11-21 18:48:25'),
(751, 591, 188559, '2020-11-21 18:48:31'),
(752, 592, 45000, '2020-11-21 18:48:34'),
(753, 593, 188559, '2020-11-21 18:48:39'),
(754, 594, 45000, '2020-11-21 18:48:43'),
(755, 595, 188559, '2020-11-21 18:48:49'),
(756, 596, 45000, '2020-11-21 18:48:52'),
(757, 597, 188559, '2020-11-21 18:48:58'),
(758, 598, 45000, '2020-11-21 18:49:01'),
(759, 599, 188559, '2020-11-21 18:49:06'),
(760, 600, 188559, '2020-11-21 18:49:13'),
(761, 601, 253230, '2020-11-21 20:45:10'),
(762, 602, 45000, '2020-11-21 20:45:13'),
(763, 603, 253230, '2020-11-21 20:45:20'),
(764, 604, 45000, '2020-11-21 20:45:23'),
(765, 605, 253230, '2020-11-21 20:45:29'),
(766, 606, 45000, '2020-11-21 20:45:32'),
(767, 607, 253230, '2020-11-21 20:45:37'),
(768, 608, 45000, '2020-11-21 20:45:40'),
(769, 609, 253230, '2020-11-21 20:45:46'),
(770, 610, 45000, '2020-11-21 20:45:49'),
(771, 611, 253230, '2020-11-21 20:45:55'),
(772, 612, 45000, '2020-11-21 20:45:59'),
(773, 613, 253230, '2020-11-21 20:46:05'),
(774, 614, 253230, '2020-11-21 20:46:12'),
(775, 615, 45000, '2020-11-21 20:46:16'),
(776, 616, 253230, '2020-11-21 20:46:21'),
(777, 617, 45000, '2020-11-21 20:46:24'),
(778, 618, 253230, '2020-11-21 20:46:32'),
(779, 619, 253230, '2020-11-21 20:46:40'),
(780, 620, 45000, '2020-11-21 20:46:44'),
(781, 621, 253230, '2020-11-21 20:46:49'),
(782, 622, 45000, '2020-11-21 20:46:52'),
(783, 623, 253230, '2020-11-21 20:47:17'),
(784, 624, 45000, '2020-11-21 20:47:21'),
(785, 625, 253230, '2020-11-21 20:47:27'),
(786, 626, 45000, '2020-11-21 20:47:31'),
(787, 627, 253230, '2020-11-21 20:47:37'),
(788, 628, 45000, '2020-11-21 20:47:41'),
(789, 629, 253230, '2020-11-21 20:47:45'),
(790, 630, 45000, '2020-11-21 20:47:49'),
(791, 631, 253230, '2020-11-21 20:47:55'),
(792, 632, 45000, '2020-11-21 20:47:58'),
(793, 633, 253230, '2020-11-21 20:48:06'),
(794, 634, 253230, '2020-11-21 20:48:14'),
(795, 635, 45000, '2020-11-21 20:48:18'),
(796, 636, 253230, '2020-11-21 20:48:27'),
(797, 637, 45000, '2020-11-21 20:48:32'),
(798, 638, 253230, '2020-11-21 20:48:40'),
(799, 639, 45000, '2020-11-21 20:48:44'),
(800, 640, 253230, '2020-11-21 20:48:50'),
(801, 641, 45000, '2020-11-21 20:48:53'),
(802, 642, 284200, '2020-11-21 22:39:25'),
(803, 643, 45000, '2020-11-21 22:39:29'),
(804, 644, 284200, '2020-11-21 22:39:35'),
(805, 645, 45000, '2020-11-21 22:39:38'),
(806, 646, 284200, '2020-11-21 22:39:46'),
(807, 647, 45000, '2020-11-21 22:39:49'),
(808, 648, 284200, '2020-11-21 22:39:57'),
(809, 649, 45000, '2020-11-21 22:40:00'),
(810, 650, 284200, '2020-11-21 22:40:06'),
(811, 651, 45000, '2020-11-21 22:40:09'),
(812, 652, 284200, '2020-11-21 22:40:14'),
(813, 653, 284200, '2020-11-21 22:40:41'),
(814, 654, 45000, '2020-11-21 22:41:36'),
(815, 655, 284200, '2020-11-21 22:41:43'),
(816, 656, 45000, '2020-11-21 22:41:46'),
(817, 657, 284200, '2020-11-21 22:41:51'),
(818, 658, 45000, '2020-11-21 22:41:54'),
(819, 659, 284200, '2020-11-21 22:42:01'),
(820, 660, 45000, '2020-11-21 22:42:04'),
(821, 661, 284200, '2020-11-21 22:42:09'),
(822, 662, 45000, '2020-11-21 22:42:12'),
(823, 663, 284200, '2020-11-21 22:42:18'),
(824, 664, 45000, '2020-11-21 22:42:28'),
(825, 665, 222215, '2020-11-21 23:11:36'),
(826, 666, 222215, '2020-11-21 23:11:45'),
(827, 667, 222215, '2020-11-21 23:11:51'),
(828, 668, 222215, '2020-11-21 23:11:59'),
(829, 669, 222215, '2020-11-21 23:12:05'),
(830, 670, 222215, '2020-11-21 23:12:14'),
(831, 671, 222215, '2020-11-21 23:12:26'),
(832, 672, 222215, '2020-11-21 23:12:34'),
(833, 673, 222215, '2020-11-21 23:12:42'),
(834, 674, 222215, '2020-11-21 23:12:48'),
(835, 675, 222215, '2020-11-21 23:13:15'),
(836, 676, 222215, '2020-11-21 23:23:41'),
(837, 677, 222215, '2020-11-21 23:23:57'),
(838, 678, 222215, '2020-11-21 23:24:03'),
(839, 679, 222215, '2020-11-21 23:24:11'),
(840, 680, 222215, '2020-11-21 23:24:18'),
(841, 681, 222215, '2020-11-21 23:24:25'),
(842, 682, 222215, '2020-11-21 23:24:32'),
(843, 683, 677484, '2020-11-22 12:34:36'),
(844, 684, 45000, '2020-11-22 12:34:39'),
(845, 685, 677484, '2020-11-22 12:34:49'),
(846, 686, 45000, '2020-11-22 12:34:52'),
(847, 687, 677484, '2020-11-22 12:34:59'),
(848, 688, 45000, '2020-11-22 12:35:02'),
(849, 689, 677484, '2020-11-22 12:35:06'),
(850, 690, 45000, '2020-11-22 12:35:09'),
(851, 691, 677484, '2020-11-22 12:35:15'),
(852, 692, 45000, '2020-11-22 12:35:18'),
(853, 693, 677484, '2020-11-22 12:35:25'),
(854, 694, 45000, '2020-11-22 12:35:29'),
(855, 695, 677484, '2020-11-22 12:35:34'),
(856, 696, 45000, '2020-11-22 12:35:38'),
(857, 697, 677484, '2020-11-22 12:35:44'),
(858, 698, 45000, '2020-11-22 12:35:47'),
(859, 699, 677484, '2020-11-22 12:35:52'),
(860, 700, 45000, '2020-11-22 12:35:56'),
(861, 701, 677484, '2020-11-22 12:36:05'),
(862, 702, 45000, '2020-11-22 12:36:09'),
(863, 703, 194403, '2020-11-22 20:58:56'),
(864, 704, 194403, '2020-11-22 20:59:04'),
(865, 705, 194403, '2020-11-22 20:59:12'),
(866, 706, 45000, '2020-11-22 20:59:15'),
(867, 707, 194403, '2020-11-22 20:59:21'),
(868, 708, 194403, '2020-11-22 20:59:28'),
(869, 709, 194403, '2020-11-22 20:59:33'),
(870, 710, 194403, '2020-11-22 20:59:40'),
(871, 711, 45000, '2020-11-22 20:59:43'),
(872, 712, 194403, '2020-11-22 20:59:51'),
(873, 713, 45000, '2020-11-22 20:59:54'),
(874, 714, 194403, '2020-11-22 21:00:00'),
(875, 715, 45000, '2020-11-22 21:00:05'),
(876, 716, 194403, '2020-11-22 21:00:12'),
(877, 717, 45000, '2020-11-22 21:00:16'),
(878, 718, 194403, '2020-11-22 21:00:21'),
(879, 719, 45000, '2020-11-22 21:00:24'),
(880, 720, 194403, '2020-11-22 21:00:30'),
(881, 721, 45000, '2020-11-22 21:00:34'),
(882, 722, 194403, '2020-11-22 21:00:39'),
(883, 723, 194403, '2020-11-22 21:00:46'),
(884, 724, 194403, '2020-11-22 21:00:52'),
(885, 725, 45000, '2020-11-22 21:00:56'),
(886, 726, 194403, '2020-11-22 21:01:08'),
(887, 727, 194403, '2020-11-22 21:01:17'),
(888, 728, 45000, '2020-11-22 21:01:20'),
(889, 729, 194403, '2020-11-22 21:01:25'),
(890, 730, 194403, '2020-11-22 21:01:31'),
(891, 731, 45000, '2020-11-22 21:01:35'),
(892, 732, 194403, '2020-11-22 21:01:40'),
(893, 733, 194403, '2020-11-22 21:01:48'),
(894, 734, 194403, '2020-11-22 21:01:55'),
(904, 737, 484640, '2020-11-29 14:43:29'),
(905, 738, 45000, '2020-11-29 14:43:38'),
(906, 739, 484640, '2020-11-29 14:43:46'),
(907, 740, 45000, '2020-11-29 14:43:50'),
(908, 741, 484640, '2020-11-29 14:44:12'),
(909, 742, 45000, '2020-11-29 14:44:16'),
(910, 743, 484640, '2020-11-29 14:44:21'),
(911, 744, 45000, '2020-11-29 14:44:24'),
(912, 745, 484640, '2020-11-29 14:44:30'),
(913, 746, 45000, '2020-11-29 14:44:33'),
(914, 747, 484640, '2020-11-29 14:44:38'),
(915, 748, 45000, '2020-11-29 14:44:41'),
(916, 749, 484640, '2020-11-29 14:44:52'),
(917, 750, 45000, '2020-11-29 14:44:55'),
(918, 751, 0, '2020-11-30 12:51:24'),
(919, 752, 0, '2020-11-30 12:51:32'),
(920, 753, 0, '2020-11-30 12:51:45'),
(921, 754, 0, '2020-11-30 12:51:51'),
(922, 755, 0, '2020-11-30 12:51:57'),
(923, 756, 0, '2020-11-30 12:52:05'),
(924, 757, 0, '2020-11-30 12:52:13'),
(925, 758, 522701, '2020-11-30 18:28:01'),
(926, 759, 522701, '2020-11-30 18:28:07'),
(927, 760, 522701, '2020-11-30 18:28:20'),
(928, 761, 522701, '2020-11-30 18:28:29'),
(929, 762, 490465, '2020-11-30 18:42:02'),
(930, 763, 45000, '2020-11-30 18:42:06'),
(931, 764, 490465, '2020-11-30 18:42:11'),
(932, 765, 45000, '2020-11-30 18:42:14'),
(933, 766, 490465, '2020-11-30 18:42:21'),
(934, 767, 45000, '2020-11-30 18:42:25'),
(935, 768, 490465, '2020-11-30 18:42:30'),
(936, 769, 45000, '2020-11-30 18:42:33'),
(939, 771, 490465, '2020-11-30 18:59:49'),
(940, 772, 45000, '2020-11-30 18:59:52'),
(941, 773, 490465, '2020-11-30 19:00:00'),
(942, 774, 45000, '2020-11-30 19:00:11'),
(943, 775, 490465, '2020-11-30 19:03:15'),
(944, 776, 45000, '2020-11-30 19:03:18'),
(945, 777, 490465, '2020-11-30 19:03:24'),
(946, 778, 45000, '2020-11-30 19:03:27'),
(947, 779, 490465, '2020-11-30 19:03:35'),
(948, 780, 45000, '2020-11-30 19:03:38'),
(949, 781, 490465, '2020-11-30 19:03:44'),
(950, 782, 45000, '2020-11-30 19:03:46'),
(951, 783, 490465, '2020-11-30 19:03:53'),
(952, 784, 45000, '2020-11-30 19:04:02'),
(953, 785, 490465, '2020-11-30 19:04:08'),
(954, 786, 45000, '2020-11-30 19:04:11'),
(955, 787, 490465, '2020-11-30 19:04:16'),
(956, 788, 45000, '2020-11-30 19:04:19'),
(957, 789, 490465, '2020-11-30 19:04:25'),
(958, 790, 45000, '2020-11-30 19:04:28'),
(968, 800, 490465, '2020-11-30 19:34:39'),
(969, 801, 45000, '2020-11-30 19:34:41'),
(970, 802, 0, '2020-11-30 20:46:52'),
(971, 803, 0, '2020-11-30 20:47:00'),
(972, 804, 0, '2020-11-30 20:47:08'),
(973, 805, 0, '2020-11-30 20:47:16'),
(974, 806, 0, '2020-11-30 20:47:23'),
(975, 807, 0, '2020-11-30 20:47:32'),
(976, 808, 0, '2020-11-30 20:47:39'),
(977, 809, 0, '2020-11-30 20:47:50'),
(978, 810, 0, '2020-11-30 21:07:38'),
(979, 811, 0, '2020-11-30 21:07:50'),
(980, 812, 45000, '2020-11-30 21:07:53'),
(981, 813, 0, '2020-11-30 21:07:59'),
(982, 814, 45000, '2020-11-30 21:08:02'),
(983, 815, 0, '2020-11-30 21:08:07'),
(984, 816, 45000, '2020-11-30 21:08:10'),
(985, 817, 0, '2020-11-30 21:08:15'),
(986, 818, 45000, '2020-11-30 21:08:18'),
(987, 819, 0, '2020-11-30 21:08:25'),
(988, 820, 45000, '2020-11-30 21:08:32'),
(989, 821, 0, '2020-11-30 21:08:38'),
(990, 822, 45000, '2020-11-30 21:08:41'),
(991, 823, 0, '2020-11-30 21:08:47'),
(992, 824, 45000, '2020-11-30 21:08:50'),
(993, 825, 0, '2020-11-30 21:08:56'),
(994, 826, 45000, '2020-11-30 21:08:59'),
(995, 827, 602224, '2020-11-30 21:22:59'),
(996, 828, 602224, '2020-11-30 21:23:07'),
(997, 829, 602224, '2020-11-30 21:23:15'),
(998, 830, 602224, '2020-11-30 21:23:22'),
(999, 831, 602224, '2020-11-30 21:23:28'),
(1000, 832, 602224, '2020-11-30 21:23:36'),
(1001, 833, 602224, '2020-11-30 21:23:42'),
(1002, 834, 602224, '2020-11-30 21:23:52'),
(1003, 835, 602224, '2020-11-30 21:23:59'),
(1004, 836, 602224, '2020-11-30 21:24:05'),
(1005, 837, 602224, '2020-11-30 21:24:10'),
(1006, 838, 602224, '2020-11-30 21:24:19'),
(1007, 839, 574980, '2020-11-30 21:35:09'),
(1008, 840, 45000, '2020-11-30 21:35:12'),
(1009, 841, 574980, '2020-11-30 21:35:17'),
(1010, 842, 45000, '2020-11-30 21:35:20'),
(1011, 843, 574980, '2020-11-30 21:35:25'),
(1012, 844, 45000, '2020-11-30 21:35:28'),
(1013, 845, 574980, '2020-11-30 21:35:37'),
(1014, 846, 45000, '2020-11-30 21:35:41'),
(1015, 847, 574980, '2020-11-30 21:35:46'),
(1016, 848, 45000, '2020-11-30 21:35:49'),
(1017, 849, 574980, '2020-11-30 21:36:10'),
(1018, 850, 45000, '2020-11-30 21:36:13'),
(1019, 851, 574980, '2020-11-30 21:36:18'),
(1020, 852, 45000, '2020-11-30 21:36:21'),
(1021, 853, 574980, '2020-11-30 21:36:26'),
(1022, 854, 45000, '2020-11-30 21:36:29'),
(1023, 855, 574980, '2020-11-30 21:36:53'),
(1024, 856, 45000, '2020-11-30 21:36:57'),
(1025, 857, 574980, '2020-11-30 21:37:02'),
(1026, 858, 45000, '2020-11-30 21:37:05'),
(1027, 859, 574980, '2020-11-30 21:37:11'),
(1028, 860, 45000, '2020-11-30 21:37:14'),
(1029, 861, 574980, '2020-11-30 21:37:20'),
(1030, 862, 45000, '2020-11-30 21:37:23'),
(1031, 863, 574980, '2020-11-30 21:37:28'),
(1032, 864, 45000, '2020-11-30 21:37:32'),
(1033, 865, 574980, '2020-11-30 21:37:44'),
(1034, 866, 45000, '2020-11-30 21:37:47'),
(1035, 867, 574980, '2020-11-30 21:37:51'),
(1036, 868, 45000, '2020-11-30 21:37:55'),
(1037, 869, 574980, '2020-11-30 21:38:00'),
(1038, 870, 45000, '2020-11-30 21:38:03'),
(1039, 871, 574980, '2020-11-30 21:38:12'),
(1040, 872, 45000, '2020-11-30 21:38:15'),
(1041, 873, 574980, '2020-11-30 21:38:23'),
(1042, 874, 45000, '2020-11-30 21:38:26'),
(1043, 875, 574980, '2020-11-30 21:38:34'),
(1044, 876, 45000, '2020-11-30 21:38:37'),
(1045, 877, 574980, '2020-11-30 21:38:42'),
(1046, 878, 45000, '2020-11-30 21:38:45'),
(1047, 879, 573138, '2020-11-30 22:29:59'),
(1048, 880, 45000, '2020-11-30 22:30:03'),
(1049, 881, 573138, '2020-11-30 22:30:08'),
(1050, 882, 45000, '2020-11-30 22:30:12'),
(1051, 883, 573138, '2020-11-30 22:30:19'),
(1052, 884, 45000, '2020-11-30 22:30:22'),
(1053, 885, 573138, '2020-11-30 22:30:26'),
(1054, 886, 45000, '2020-11-30 22:30:30'),
(1055, 887, 573138, '2020-11-30 22:30:41'),
(1056, 888, 45000, '2020-11-30 22:30:45'),
(1057, 889, 573138, '2020-11-30 22:30:52'),
(1058, 890, 45000, '2020-11-30 22:30:55'),
(1060, 892, 45000, '2020-12-01 00:11:37'),
(1065, 897, 45000, '2020-12-01 00:12:03'),
(1067, 899, 45000, '2020-12-01 00:12:10'),
(1070, 901, 45000, '2020-12-01 14:04:09'),
(1072, 903, 891229, '2020-12-01 14:25:35'),
(1073, 904, 891229, '2020-12-01 14:25:41'),
(1074, 905, 891229, '2020-12-01 14:25:48'),
(1075, 906, 891229, '2020-12-01 14:25:54'),
(1076, 907, 891229, '2020-12-01 14:26:01'),
(1077, 908, 891229, '2020-12-01 14:26:08'),
(1078, 909, 891229, '2020-12-01 14:26:13'),
(1079, 910, 891229, '2020-12-01 14:26:18'),
(1080, 911, 993168, '2020-12-01 14:44:03'),
(1081, 912, 993168, '2020-12-01 14:44:10'),
(1082, 913, 993168, '2020-12-01 14:44:17'),
(1083, 914, 45000, '2020-12-01 14:44:20'),
(1084, 915, 1868256, '2020-12-01 14:49:04'),
(1085, 916, 1868256, '2020-12-01 14:49:11'),
(1086, 917, 45000, '2020-12-01 14:49:15'),
(1087, 918, 1868256, '2020-12-01 14:49:22'),
(1088, 919, 45000, '2020-12-01 14:49:25'),
(1089, 920, 1020900, '2020-12-01 14:52:51'),
(1090, 921, 45000, '2020-12-01 14:52:55'),
(1091, 922, 1020900, '2020-12-01 14:53:02'),
(1092, 923, 1020900, '2020-12-01 14:53:09'),
(1093, 924, 45000, '2020-12-01 14:53:13'),
(1094, 925, 1020900, '2020-12-01 14:53:23'),
(1095, 926, 45000, '2020-12-01 14:53:27'),
(1096, 927, 1020900, '2020-12-01 14:53:34'),
(1097, 928, 1020900, '2020-12-01 14:53:40'),
(1098, 929, 1020900, '2020-12-01 14:53:48'),
(1099, 482, 155500, '2020-12-10 20:36:49'),
(1100, 482, 378880, '2020-12-10 20:37:08'),
(1101, 825, 710585, '2021-01-06 21:14:44'),
(1102, 825, 676175, '2021-01-06 21:17:35'),
(1103, 757, 710585, '2021-01-06 21:20:07'),
(1104, 809, 538880, '2021-01-06 21:22:53'),
(1105, 731, 50700, '2021-01-06 21:30:13'),
(1106, 826, 72600, '2021-01-06 21:31:59'),
(1107, 890, 78200, '2021-01-06 21:37:16'),
(1108, 926, 185700, '2021-01-06 21:40:29'),
(1109, 910, 799257, '2021-01-09 12:08:54'),
(1110, 903, 777253, '2021-01-09 12:11:10'),
(1111, 905, 732929, '2021-01-09 12:13:22'),
(1112, 909, 777253, '2021-01-09 12:15:31'),
(1113, 906, 1275107, '2021-01-09 12:21:06'),
(1114, 906, 1401747, '2021-01-09 12:38:58'),
(1115, 913, 1092872, '2021-01-09 12:43:20'),
(1116, 909, 854820, '2021-01-09 12:47:43'),
(1117, 910, 979877, '2021-01-09 12:52:41'),
(1118, 927, 1122575, '2021-01-09 12:58:12'),
(1119, 923, 1122575, '2021-01-09 12:59:01'),
(1120, 929, 1442125, '2021-01-09 13:01:02'),
(1121, 918, 2054208, '2021-01-09 13:04:03'),
(1122, 481, 50700, '2021-01-12 18:31:02'),
(1123, 930, 72600, '2021-01-19 10:32:36'),
(1124, 931, 531000, '2021-01-19 12:30:10'),
(1125, 511, 405504, '2021-01-19 14:30:59'),
(1126, 521, 284200, '2021-01-19 14:35:17'),
(1127, 600, 198030, '2021-01-19 14:38:35'),
(1128, 640, 266075, '2021-01-19 14:42:57'),
(1130, 933, 32200, '2021-02-08 12:57:21'),
(1131, 934, 304100, '2021-02-08 20:34:38'),
(1132, 935, 96800, '2021-02-08 20:40:14'),
(1133, 936, 162300, '2021-02-08 20:45:59'),
(1134, 937, 27700, '2021-02-08 21:00:37'),
(1135, 938, 260800, '2021-02-09 09:25:00'),
(1136, 939, 83400, '2021-02-09 10:09:48'),
(1137, 940, 139700, '2021-02-09 10:13:59'),
(1138, 941, 55900, '2021-02-09 10:45:27'),
(1139, 942, 467500, '2021-02-09 10:48:48'),
(1140, 943, 140400, '2021-02-09 10:56:14'),
(1141, 944, 236800, '2021-02-09 11:04:21'),
(1142, 945, 106500, '2021-02-09 12:53:44'),
(1143, 946, 177500, '2021-02-09 12:59:32'),
(1144, 947, 874000, '2021-02-09 13:40:11'),
(1145, 948, 728000, '2021-02-16 11:17:15'),
(1146, 949, 473000, '2021-02-16 19:25:44'),
(1147, 950, 728000, '2021-02-16 19:39:34'),
(1148, 951, 364000, '2021-02-16 19:47:05'),
(1149, 952, 332000, '2021-02-17 11:09:51'),
(1150, 953, 497000, '2021-02-17 11:25:05'),
(1151, 954, 909000, '2021-02-17 13:45:58'),
(1152, 955, 562000, '2021-02-17 13:57:23'),
(1153, 956, 247000, '2021-02-17 14:09:39'),
(1154, 957, 599000, '2021-02-17 14:37:39'),
(1155, 958, 455000, '2021-02-17 14:49:08'),
(1156, 959, 410000, '2021-02-17 15:00:33'),
(1157, 960, 198000, '2021-02-17 15:09:03'),
(1158, 961, 801000, '2021-02-17 15:22:46'),
(1159, 962, 381000, '2021-02-17 17:39:09'),
(1160, 963, 501000, '2021-02-17 17:54:21'),
(1161, 964, 326000, '2021-02-17 18:14:29'),
(1162, 965, 423000, '2021-02-17 18:25:02'),
(1163, 966, 275000, '2021-02-17 18:29:44'),
(1164, 967, 162000, '2021-02-17 18:41:21'),
(1165, 968, 460000, '2021-02-17 18:50:39'),
(1166, 969, 782000, '2021-02-17 18:59:08'),
(1167, 970, 340900, '2021-02-17 19:05:24'),
(1168, 13, 144000, '2021-02-17 20:16:49'),
(1169, 14, 130000, '2021-02-17 20:17:52'),
(1170, 23, 140000, '2021-02-17 20:18:03'),
(1171, 971, 179560, '2021-04-02 11:53:51'),
(1172, 972, 179560, '2021-04-02 12:03:59'),
(1173, 973, 179560, '2021-04-02 12:06:26'),
(1174, 974, 179560, '2021-04-02 12:08:38'),
(1175, 975, 179560, '2021-04-02 12:11:01'),
(1176, 976, 179560, '2021-04-02 12:13:15'),
(1177, 977, 179560, '2021-04-02 12:14:47'),
(1178, 978, 179560, '2021-04-02 12:16:10'),
(1179, 979, 179560, '2021-04-02 12:18:35'),
(1180, 980, 179560, '2021-04-02 12:20:16'),
(1181, 981, 179560, '2021-04-02 13:38:47'),
(1182, 982, 179560, '2021-04-02 13:44:35'),
(1183, 983, 179560, '2021-04-02 13:47:08'),
(1184, 984, 179560, '2021-04-02 13:49:33'),
(1185, 985, 179560, '2021-04-02 13:51:54'),
(1186, 986, 179560, '2021-04-02 13:55:45'),
(1187, 986, 163613, '2021-04-02 15:49:04'),
(1188, 987, 221637, '2021-04-02 15:54:24'),
(1189, 988, 221637, '2021-04-02 15:56:06'),
(1190, 989, 221637, '2021-04-02 15:57:42'),
(1191, 990, 221637, '2021-04-02 15:59:05'),
(1192, 991, 221637, '2021-04-02 16:00:38'),
(1193, 992, 221637, '2021-04-02 16:01:49'),
(1194, 993, 221637, '2021-04-02 16:03:00'),
(1195, 994, 221637, '2021-04-02 16:04:41'),
(1196, 995, 136937, '2021-04-02 16:22:20'),
(1197, 996, 136937, '2021-04-02 16:24:55'),
(1198, 997, 136937, '2021-04-02 16:26:58'),
(1199, 998, 136937, '2021-04-02 16:29:44'),
(1200, 999, 136937, '2021-04-02 16:31:03'),
(1201, 1000, 136937, '2021-04-02 16:33:04'),
(1202, 1001, 149705, '2021-04-02 16:55:27'),
(1203, 1002, 149705, '2021-04-02 16:59:09'),
(1204, 1003, 149705, '2021-04-02 17:01:01'),
(1205, 1004, 149705, '2021-04-02 17:05:57'),
(1206, 1005, 149705, '2021-04-02 17:08:00'),
(1207, 1006, 149705, '2021-04-02 17:11:43'),
(1208, 933, 32300, '2021-04-24 17:28:19'),
(1209, 933, 32200, '2021-04-24 17:28:23');

-- --------------------------------------------------------

--
-- Структура таблицы `products`
--

CREATE TABLE `products` (
  `id` int(10) UNSIGNED NOT NULL,
  `name` varchar(255) COLLATE utf8mb4_unicode_ci NOT NULL,
  `vendor_code` varchar(255) COLLATE utf8mb4_unicode_ci NOT NULL,
  `unit_id` int(10) UNSIGNED NOT NULL,
  `category_id` int(10) UNSIGNED NOT NULL,
  `created_at` timestamp NULL DEFAULT NULL,
  `updated_at` timestamp NULL DEFAULT NULL
) ENGINE=InnoDB DEFAULT CHARSET=utf8mb4 COLLATE=utf8mb4_unicode_ci;

--
-- Дамп данных таблицы `products`
--

INSERT INTO `products` (`id`, `name`, `vendor_code`, `unit_id`, `category_id`, `created_at`, `updated_at`) VALUES
(12, 'Подложка Profitex, 3 мм (10 м кв) рул', '0000010', 1, 17, '2020-09-28 09:05:19', '2020-09-28 09:05:19'),
(13, 'Подложка Quick Step, 3 мм (15 м кв) рул', '000011', 1, 17, '2020-09-28 09:37:34', '2020-09-28 09:37:34'),
(14, 'Подложка Tuplex, 3 мм (10 м кв) рул', '000012', 1, 17, '2020-09-28 09:45:02', '2020-09-28 09:45:02'),
(15, 'Герметик для бесклеевых ламинатов Click Guard', '000013', 1, 18, '2020-09-28 20:41:46', '2020-09-28 20:41:46'),
(23, 'Подложка пробковая, 2 мм (10 м кв) рул ', '000020', 1, 17, '2020-10-16 12:08:15', '2020-10-16 12:08:15'),
(481, 'Плинтус Quick Step (в цвет)', '000023', 5, 16, '2020-11-10 21:57:22', '2020-11-10 21:57:22'),
(482, 'Ламинат Quick Step Signature Дуб теплый натуральный брашированный SIG4762', '000024', 1, 19, '2020-11-19 22:24:04', '2020-11-19 22:24:04'),
(483, 'Стандартный плинтус Quick Step Дуб теплый натуральный брашированный QSSK04762', '000025', 5, 16, '2020-11-19 22:24:07', '2020-11-19 22:24:07'),
(484, 'Ламинат Quick Step Signature Дуб светлый лакированный SIG4759', '000026', 1, 19, '2020-11-19 22:24:10', '2020-11-19 22:24:10'),
(485, 'Ламинат Quick Step Signature Дуб белый премиум SIG4757', '000027', 1, 19, '2020-11-19 22:24:15', '2020-11-19 22:24:15'),
(486, 'Стандартный плинтус Quick Step Дуб белый премиум QSSK04757', '000028', 5, 16, '2020-11-19 22:24:19', '2020-11-19 22:24:19'),
(487, 'Ламинат Quick Step Signature Дуб бежевый брашированный SIG4764', '000029', 1, 19, '2020-11-19 22:24:33', '2020-11-19 22:24:33'),
(488, 'Стандартный плинтус Quick Step Дуб бежевый брашированный QSSK04764', '000030', 5, 16, '2020-11-19 22:24:36', '2020-11-19 22:24:36'),
(489, 'Ламинат Quick Step Signature Дуб бежевый лакированный SIG4750', '000031', 1, 19, '2020-11-19 22:24:39', '2020-11-19 22:24:39'),
(490, 'Стандартный плинтус Quick Step Дуб бежевый лакированный QSSK04750', '000032', 5, 16, '2020-11-19 22:24:42', '2020-11-19 22:24:42'),
(491, 'Ламинат Quick Step Signature Дуб натуральный брашированный SIG4763', '000033', 1, 19, '2020-11-19 22:24:49', '2020-11-19 22:24:49'),
(492, 'Стандартный плинтус Quick Step Дуб натуральный брашированный QSSK04763', '000034', 5, 16, '2020-11-19 22:24:53', '2020-11-19 22:24:53'),
(493, 'Ламинат Quick Step Signature Дуб светлый патина SIG4748', '000035', 1, 19, '2020-11-19 22:25:04', '2020-11-19 22:25:04'),
(494, 'Стандартный плинтус Quick Step Дуб светлый патина QSSK04748', '000036', 5, 16, '2020-11-19 22:25:07', '2020-11-19 22:25:07'),
(495, 'Ламинат Quick Step Signature Орех коричневый SIG4761', '000037', 1, 19, '2020-11-19 22:25:12', '2020-11-19 22:25:12'),
(496, 'Стандартный плинтус Quick Step Орех коричневый QSSK04761', '000038', 5, 16, '2020-11-19 22:25:16', '2020-11-19 22:25:16'),
(497, 'Ламинат Quick Step Signature Дуб серый патина SIG4752', '000039', 1, 19, '2020-11-19 22:25:23', '2020-11-19 22:25:23'),
(498, 'Стандартный плинтус Quick Step Дуб серый патина QSSK04752', '000040', 5, 16, '2020-11-19 22:25:27', '2020-11-19 22:25:27'),
(499, 'Ламинат Quick Step Signature Дуб серый брашированный SIG4765', '000041', 1, 19, '2020-11-19 22:25:32', '2020-11-19 22:25:32'),
(500, 'Стандартный плинтус Quick Step Дуб серый брашированный QSSK04765', '000042', 5, 16, '2020-11-19 22:25:35', '2020-11-19 22:25:35'),
(501, 'Ламинат Quick Step Signature Дуб коричневый патина SIG4751', '000043', 1, 19, '2020-11-19 22:25:45', '2020-11-19 22:25:45'),
(502, 'Стандартный плинтус Quick Step Дуб коричневый патина QSSK04751', '000044', 5, 16, '2020-11-19 22:25:48', '2020-11-19 22:25:48'),
(503, 'Ламинат Quick Step Signature Дуб потертый натуральный SIG4767', '000045', 1, 19, '2020-11-19 22:25:55', '2020-11-19 22:25:55'),
(504, 'Стандартный плинтус Quick Step Дуб потертый натуральный QSSK04767', '000046', 5, 16, '2020-11-19 22:25:58', '2020-11-19 22:25:58'),
(505, 'Ламинат Quick Step Signature Дуб белый крашеный SIG4753', '000047', 1, 19, '2020-11-19 22:26:12', '2020-11-19 22:26:12'),
(506, 'Стандартный плинтус Quick Step Дуб белый крашеный QSSK04753', '000048', 5, 16, '2020-11-19 22:26:16', '2020-11-19 22:26:16'),
(507, 'Ламинат Quick Step Signature Дуб коричневый брашированный SIG4766', '000049', 1, 19, '2020-11-19 22:26:26', '2020-11-19 22:26:26'),
(508, 'Стандартный плинтус Quick Step Дуб коричневый брашированный QSSK04766', '000050', 5, 16, '2020-11-19 22:26:30', '2020-11-19 22:26:30'),
(509, 'Ламинат Quick Step Signature Дуб коричневый вощеный SIG4756', '000051', 1, 19, '2020-11-19 22:26:39', '2020-11-19 22:26:39'),
(510, 'Стандартный плинтус Quick Step Дуб коричневый вощеный QSSK04756', '000052', 5, 16, '2020-11-19 22:26:44', '2020-11-19 22:26:44'),
(511, 'Ламинат Quick Step Signature Дуб розовый крашеный SIG4754', '000053', 1, 19, '2020-11-19 22:27:04', '2020-11-19 22:27:04'),
(512, 'Стандартный плинтус Quick Step Дуб розовый крашеный QSSK04754', '000054', 5, 16, '2020-11-19 22:27:07', '2020-11-19 22:27:07'),
(513, 'Ламинат Quick Step Castle Дуб капучино CA4160', '000055', 1, 20, '2020-11-19 22:45:00', '2020-11-19 22:45:00'),
(514, 'Стандартный плинтус Quick Step Дуб капучино QSSK04160', '000056', 5, 16, '2020-11-19 22:45:04', '2020-11-19 22:45:04'),
(515, 'Ламинат Quick Step Castle Дуб пепельный CA4159', '000057', 1, 20, '2020-11-19 22:45:16', '2020-11-19 22:45:16'),
(516, 'Стандартный плинтус Quick Step Дуб пепельный QSSK04159', '000058', 5, 16, '2020-11-19 22:45:19', '2020-11-19 22:45:19'),
(517, 'Ламинат Quick Step Castle Дуб горчичный CA4162', '000059', 1, 20, '2020-11-19 22:45:30', '2020-11-19 22:45:30'),
(518, 'Стандартный плинтус Quick Step Дуб горчичный QSSK04162', '000060', 5, 16, '2020-11-19 22:45:34', '2020-11-19 22:45:34'),
(519, 'Ламинат Quick Step Castle Дуб английский натуральный CA4161', '000061', 1, 20, '2020-11-19 22:45:44', '2020-11-19 22:45:44'),
(520, 'Стандартный плинтус Quick Step Дуб английский натуральный QSSK04161', '000062', 5, 16, '2020-11-19 22:45:47', '2020-11-19 22:45:47'),
(521, 'Ламинат Quick Step Castle Дуб светло-серый патина CA4158', '000063', 1, 20, '2020-11-19 22:45:56', '2020-11-19 22:45:56'),
(522, 'Стандартный плинтус Quick Step Дуб светло-серый патина QSSK04158', '000064', 5, 16, '2020-11-19 22:46:00', '2020-11-19 22:46:00'),
(523, 'Ламинат Quick Step Classic Кубинский дуб CLM1655', '000065', 1, 21, '2020-11-19 23:01:17', '2020-11-19 23:01:17'),
(524, 'Стандартный плинтус Quick Step Кубинский дуб QSSK01655', '000066', 5, 16, '2020-11-19 23:01:20', '2020-11-19 23:01:20'),
(525, 'Ламинат Quick Step Classic Лунный дуб CLM1658', '000067', 1, 21, '2020-11-19 23:01:26', '2020-11-19 23:01:26'),
(526, 'Стандартный плинтус Quick Step Лунный дуб QSSK01658', '000068', 5, 16, '2020-11-19 23:01:30', '2020-11-19 23:01:30'),
(527, 'Ламинат Quick Step Classic Доска дуба серого старинного CLM1382', '000069', 1, 21, '2020-11-19 23:01:35', '2020-11-19 23:01:35'),
(528, 'Стандартный плинтус Quick Step Доска дуба серого старинного QSSK01382', '000070', 5, 16, '2020-11-19 23:01:39', '2020-11-19 23:01:39'),
(529, 'Ламинат Quick Step Classic Доска дуба светло-серого старинного CLM1405', '000071', 1, 21, '2020-11-19 23:01:46', '2020-11-19 23:01:46'),
(530, 'Стандартный плинтус Quick Step Доска дуба светло-серого старинного QSSK01405', '000072', 5, 16, '2020-11-19 23:01:50', '2020-11-19 23:01:50'),
(531, 'Ламинат Quick Step Classic Дуб старинный темный CLM1383', '000073', 1, 21, '2020-11-19 23:02:05', '2020-11-19 23:02:05'),
(532, 'Стандартный плинтус Quick Step Дуб старинный темный QSSK01383', '000074', 5, 16, '2020-11-19 23:02:09', '2020-11-19 23:02:09'),
(533, 'Ламинат Quick Step Classic Доска дуба натурального старинного CLM1381', '000075', 1, 21, '2020-11-19 23:02:14', '2020-11-19 23:02:14'),
(534, 'Стандартный плинтус Quick Step Дуб старинный натуральный QSSK01381', '000076', 5, 16, '2020-11-19 23:02:17', '2020-11-19 23:02:17'),
(535, 'Ламинат Quick Step Classic Дуб бежевый премиум CLV4093', '000077', 1, 21, '2020-11-19 23:02:21', '2020-11-19 23:02:21'),
(536, 'Стандартный плинтус Quick Step Дуб бежевый премиум QSSK04093', '000078', 5, 16, '2020-11-19 23:02:24', '2020-11-19 23:02:24'),
(537, 'Ламинат Quick Step Classic Дуб теплый натуральный премиум CLV4095', '000079', 1, 21, '2020-11-19 23:02:28', '2020-11-19 23:02:28'),
(538, 'Стандартный плинтус Quick Step Дуб теплый натуральный премиум QSSK04095', '000080', 5, 16, '2020-11-19 23:02:31', '2020-11-19 23:02:31'),
(539, 'Ламинат Quick Step Classic Дуб натуральный рустикальный CLV4085', '000081', 1, 21, '2020-11-19 23:02:36', '2020-11-19 23:02:36'),
(540, 'Стандартный плинтус Quick Step Дуб натуральный рустикальный QSSK04085', '000082', 5, 16, '2020-11-19 23:02:51', '2020-11-19 23:02:51'),
(541, 'Ламинат Quick Step Classic Дуб белый отбеленный CL4087', '000083', 1, 21, '2020-11-19 23:02:57', '2020-11-19 23:02:57'),
(542, 'Стандартный плинтус Quick Step Дуб белый отбеленный QSSK04087', '000084', 5, 16, '2020-11-19 23:03:00', '2020-11-19 23:03:00'),
(543, 'Ламинат Quick Step Classic Дуб светлый натуральный премиум CLV4094', '000085', 1, 21, '2020-11-19 23:03:06', '2020-11-19 23:03:06'),
(544, 'Стандартный плинтус Quick Step Дуб белый промасленный QSSK01538', '000086', 5, 16, '2020-11-19 23:03:09', '2020-11-19 23:03:09'),
(545, 'Ламинат Quick Step Classic Дуб бежевый отбеленный CL4088', '000087', 1, 21, '2020-11-19 23:03:14', '2020-11-19 23:03:14'),
(546, 'Стандартный плинтус Quick Step Дуб бежевый отбеленный QSSK04088', '000088', 5, 16, '2020-11-19 23:03:18', '2020-11-19 23:03:18'),
(547, 'Ламинат Quick Step Classic Дуб бежевый рустикальный CLV4084', '000089', 1, 21, '2020-11-19 23:03:23', '2020-11-19 23:03:23'),
(548, 'Стандартный плинтус Quick Step Дуб бежевый рустикальный QSSK04084', '000090', 5, 16, '2020-11-19 23:03:26', '2020-11-19 23:03:26'),
(549, 'Ламинат Quick Step Classic Дуб натуральный отбеленный CL4089', '000091', 1, 21, '2020-11-19 23:03:30', '2020-11-19 23:03:30'),
(550, 'Стандартный плинтус Quick Step Дуб натуральный отбеленный QSSK04089', '000092', 5, 16, '2020-11-19 23:03:34', '2020-11-19 23:03:34'),
(551, 'Ламинат Quick Step Classic Дуб шоколадный рустикальный CLV4086', '000093', 1, 21, '2020-11-19 23:03:40', '2020-11-19 23:03:40'),
(552, 'Стандартный плинтус Quick Step Дуб шоколадный рустикальный QSSK04086', '000094', 5, 16, '2020-11-19 23:03:43', '2020-11-19 23:03:43'),
(553, 'Ламинат Quick Step Classic Дуб горный темно-коричневый CLM4092', '000095', 1, 21, '2020-11-19 23:03:48', '2020-11-19 23:03:48'),
(554, 'Стандартный плинтус Quick Step Дуб горный темно-коричневый QSSK04092', '000096', 5, 16, '2020-11-19 23:03:53', '2020-11-19 23:03:53'),
(555, 'Ламинат Quick Step Classic Дуб горный коричневый CLM4091', '000097', 1, 21, '2020-11-20 23:14:53', '2020-11-20 23:14:53'),
(556, 'Стандартный плинтус Quick Step Дуб горный коричневый QSSK04091', '000098', 5, 16, '2020-11-20 23:14:57', '2020-11-20 23:14:57'),
(557, 'Ламинат Quick Step Classic Дуб горный красный CLM4090', '000099', 1, 21, '2020-11-20 23:15:02', '2020-11-20 23:15:02'),
(558, 'Стандартный плинтус Quick Step Дуб горный красный QSSK04090', '000100', 5, 16, '2020-11-20 23:15:06', '2020-11-20 23:15:06'),
(559, 'Ламинат Quick Step Desire Дуб светло-серый серебристый UC3462', '000101', 1, 22, '2020-11-21 13:05:14', '2020-11-21 13:05:14'),
(560, 'Стандартный плинтус Quick Step Дуб светло-серый серебристый QSSK03462', '000102', 5, 16, '2020-11-21 13:05:18', '2020-11-21 13:05:18'),
(561, 'Ламинат Quick Step Desire Дуб серый серебристый UC3464', '000103', 1, 22, '2020-11-21 13:05:24', '2020-11-21 13:05:24'),
(562, 'Стандартный плинтус Quick Step Дуб серый серебристый QSSK03464', '000104', 5, 16, '2020-11-21 13:05:27', '2020-11-21 13:05:27'),
(563, 'Ламинат Quick Step Desire Дуб светло-серый золотистый UC3463', '000105', 1, 22, '2020-11-21 13:05:33', '2020-11-21 13:05:33'),
(564, 'Стандартный плинтус Quick Step Дуб светло-серый золотистый QSSK03463', '000106', 5, 16, '2020-11-21 13:05:37', '2020-11-21 13:05:37'),
(565, 'Ламинат Quick Step Desire Дуб натуральный золотистый UC3465', '000107', 1, 22, '2020-11-21 13:05:43', '2020-11-21 13:05:43'),
(566, 'Стандартный плинтус Quick Step Дуб натуральный золотистый QSSK03465', '000108', 5, 16, '2020-11-21 13:05:46', '2020-11-21 13:05:46'),
(567, 'Ламинат Quick Step Eligna Дуб итальянский светло-серый U3831', '000109', 1, 23, '2020-11-21 18:46:39', '2020-11-21 18:46:39'),
(568, 'Стандартный плинтус Quick Step Дуб итальянский светло-серый QSSK03573', '000110', 5, 16, '2020-11-21 18:46:42', '2020-11-21 18:46:42'),
(569, 'Ламинат Quick Step Eligna Дуб теплый серый промасленный U3459', '000111', 1, 23, '2020-11-21 18:46:49', '2020-11-21 18:46:49'),
(570, 'Стандартный плинтус Quick Step Дуб теплый серый промасленный QSSK03459', '000112', 5, 16, '2020-11-21 18:46:53', '2020-11-21 18:46:53'),
(571, 'Ламинат Quick Step Eligna Доска белого дуба лакированная U915', '000113', 1, 23, '2020-11-21 18:46:58', '2020-11-21 18:46:58'),
(572, 'Стандартный плинтус Quick Step Доска белого дуба лакированная QSSK00915', '000114', 5, 16, '2020-11-21 18:47:01', '2020-11-21 18:47:01'),
(573, 'Ламинат Quick Step Eligna Дуб светлый натуральный промасленный U3457', '000115', 1, 23, '2020-11-21 18:47:07', '2020-11-21 18:47:07'),
(574, 'Стандартный плинтус Quick Step Дуб светлый натуральный промасленный QSSK03457', '000116', 5, 16, '2020-11-21 18:47:09', '2020-11-21 18:47:09'),
(575, 'Ламинат Quick Step Eligna Дуб шоколадный промасленный U3461', '000117', 1, 23, '2020-11-21 18:47:16', '2020-11-21 18:47:16'),
(576, 'Стандартный плинтус Quick Step Дуб шоколадный промасленный QSSK03461', '000118', 5, 16, '2020-11-21 18:47:19', '2020-11-21 18:47:19'),
(577, 'Ламинат Quick Step Eligna Дуб теплый натуральный промасленный U3458', '000119', 1, 23, '2020-11-21 18:47:25', '2020-11-21 18:47:25'),
(578, 'Стандартный плинтус Quick Step Дуб теплый натуральный промасленный QSSK03458', '000120', 5, 16, '2020-11-21 18:47:28', '2020-11-21 18:47:28'),
(579, 'Ламинат Quick Step Eligna Дуб итальянский бежевый U3832', '000121', 1, 23, '2020-11-21 18:47:34', '2020-11-21 18:47:34'),
(580, 'Стандартный плинтус Quick Step Дуб итальянский бежевый QSSK03574', '000122', 5, 16, '2020-11-21 18:47:37', '2020-11-21 18:47:37'),
(581, 'Ламинат Quick Step Eligna Венге интенсивный U1300', '000123', 1, 23, '2020-11-21 18:47:43', '2020-11-21 18:47:43'),
(582, 'Стандартный плинтус Quick Step Венге интенсивный QSSK01300', '000124', 5, 16, '2020-11-21 18:47:46', '2020-11-21 18:47:46'),
(583, 'Ламинат Quick Step Eligna Доска натурального дуба лакированная U896', '000125', 1, 23, '2020-11-21 18:47:51', '2020-11-21 18:47:51'),
(584, 'Стандартный плинтус Quick Step Доска натурального дуба лакированная QSSK00896', '000126', 5, 16, '2020-11-21 18:47:55', '2020-11-21 18:47:55'),
(585, 'Ламинат Quick Step Eligna Доска ореховая промасленная U1043', '000127', 1, 23, '2020-11-21 18:48:00', '2020-11-21 18:48:00'),
(586, 'Стандартный плинтус Quick Step Доска ореховая промасленная QSSK01043', '000128', 5, 16, '2020-11-21 18:48:03', '2020-11-21 18:48:03'),
(587, 'Ламинат Quick Step Eligna Дуб изысканный темный U3833', '000129', 1, 23, '2020-11-21 18:48:10', '2020-11-21 18:48:10'),
(588, 'Стандартный плинтус Quick Step Дуб изысканный темный QSSK03581', '000130', 5, 16, '2020-11-21 18:48:13', '2020-11-21 18:48:13'),
(589, 'Ламинат Quick Step Eligna Дуб старинный бежевый U3576', '000131', 1, 23, '2020-11-21 18:48:21', '2020-11-21 18:48:21'),
(590, 'Стандартный плинтус Quick Step Дуб старинный бежевый QSSK03576', '000132', 5, 16, '2020-11-21 18:48:25', '2020-11-21 18:48:25'),
(591, 'Ламинат Quick Step Eligna Дуб темно-коричневый промасленный U3460', '000133', 1, 23, '2020-11-21 18:48:31', '2020-11-21 18:48:31'),
(592, 'Стандартный плинтус Quick Step Дуб темно-коричневый промасленный QSSK03460', '000134', 5, 16, '2020-11-21 18:48:34', '2020-11-21 18:48:34'),
(593, 'Ламинат Quick Step Eligna Доска венге U1000', '000135', 1, 23, '2020-11-21 18:48:39', '2020-11-21 18:48:39'),
(594, 'Стандартный плинтус Quick Step Доска венге QSSK01000', '000136', 5, 16, '2020-11-21 18:48:43', '2020-11-21 18:48:43'),
(595, 'Ламинат Quick Step Eligna Дуб природный натуральный U3578', '000137', 1, 23, '2020-11-21 18:48:49', '2020-11-21 18:48:49'),
(596, 'Стандартный плинтус Quick Step Дуб природный натуральный QSSK03578', '000138', 5, 16, '2020-11-21 18:48:52', '2020-11-21 18:48:52'),
(597, 'Ламинат Quick Step Eligna Сосна белая затертая U1235', '000139', 1, 23, '2020-11-21 18:48:58', '2020-11-21 18:48:58'),
(598, 'Стандартный плинтус Quick Step Сосна белая затертая QSSK01235', '000140', 5, 16, '2020-11-21 18:49:01', '2020-11-21 18:49:01'),
(599, 'Ламинат Quick Step Eligna Дуб итальянский светло-серый пэтчворк U3831P', '000141', 1, 23, '2020-11-21 18:49:06', '2020-11-21 18:49:06'),
(600, 'Ламинат Quick Step Eligna Дуб итальянский бежевый пэтчворк U3832P', '000142', 1, 23, '2020-11-21 18:49:13', '2020-11-21 18:49:13'),
(601, 'Ламинат Quick Step Impressive Дуб дымчатый IM1993', '000143', 1, 24, '2020-11-21 20:45:10', '2020-11-21 20:45:10'),
(602, 'Стандартный плинтус Quick Step Дуб дымчатый QSSK01993', '000144', 5, 16, '2020-11-21 20:45:13', '2020-11-21 20:45:13'),
(603, 'Ламинат Quick Step Impressive Дуб натуральный IM1848', '000145', 1, 24, '2020-11-21 20:45:20', '2020-11-21 20:45:20'),
(604, 'Стандартный плинтус Quick Step Дуб натуральный QSSK01848', '000146', 5, 16, '2020-11-21 20:45:23', '2020-11-21 20:45:23'),
(605, 'Ламинат Quick Step Impressive Дуб южный IM1994', '000147', 1, 24, '2020-11-21 20:45:29', '2020-11-21 20:45:29'),
(606, 'Стандартный плинтус Quick Step Дуб южный QSSK01994', '000148', 5, 16, '2020-11-21 20:45:32', '2020-11-21 20:45:32'),
(607, 'Ламинат Quick Step Impressive Дуб этнический коричневый IM3557', '000149', 1, 24, '2020-11-21 20:45:37', '2020-11-21 20:45:37'),
(608, 'Стандартный плинтус Quick Step Дуб этнический коричневый QSSK03557', '000150', 5, 16, '2020-11-21 20:45:40', '2020-11-21 20:45:40'),
(609, 'Ламинат Quick Step Impressive Дуб коричневый IM1849', '000151', 1, 24, '2020-11-21 20:45:46', '2020-11-21 20:45:46'),
(610, 'Стандартный плинтус Quick Step Дуб коричневый QSSK01849', '000152', 5, 16, '2020-11-21 20:45:49', '2020-11-21 20:45:49'),
(611, 'Ламинат Quick Step Impressive Дуб деревенский IM1851', '000153', 1, 24, '2020-11-21 20:45:55', '2020-11-21 20:45:55'),
(612, 'Стандартный плинтус Quick Step Дуб деревенский QSSK01851', '000154', 5, 16, '2020-11-21 20:45:59', '2020-11-21 20:45:59'),
(613, 'Ламинат Quick Step Impressive Доска белого дуба лакированная IM3105', '000155', 1, 24, '2020-11-21 20:46:05', '2020-11-21 20:46:05'),
(614, 'Ламинат Quick Step Impressive Дуб бордо IM1995', '000156', 1, 24, '2020-11-21 20:46:12', '2020-11-21 20:46:12'),
(615, 'Стандартный плинтус Quick Step Дуб бордо QSSK01995', '000157', 5, 16, '2020-11-21 20:46:16', '2020-11-21 20:46:16'),
(616, 'Ламинат Quick Step Impressive Дуб пепельный IM1992', '000158', 1, 24, '2020-11-21 20:46:21', '2020-11-21 20:46:21'),
(617, 'Стандартный плинтус Quick Step Доска белая QSSK01859', '000159', 5, 16, '2020-11-21 20:46:24', '2020-11-21 20:46:24'),
(618, 'Ламинат Quick Step Impressive Дуб серо-бежевый IM4663', '000160', 1, 24, '2020-11-21 20:46:32', '2020-11-21 20:46:32'),
(619, 'Ламинат Quick Step Impressive Дуб светлый натуральный IM4664', '000161', 1, 24, '2020-11-21 20:46:40', '2020-11-21 20:46:40'),
(620, 'Стандартный плинтус Quick Step Дуб Нэшвилл натуральный QSSK03180', '000162', 5, 16, '2020-11-21 20:46:43', '2020-11-21 20:46:43'),
(621, 'Ламинат Quick Step Impressive Дуб серый лакированный IM4665', '000163', 1, 24, '2020-11-21 20:46:48', '2020-11-21 20:46:48'),
(622, 'Стандартный плинтус Quick Step Standard Skirting Board (matching colour) QSSK03364', '000164', 5, 16, '2020-11-21 20:46:52', '2020-11-21 20:46:52'),
(623, 'Ламинат Quick Step Impressive Дуб светлый IM1847', '000165', 1, 24, '2020-11-21 20:47:17', '2020-11-21 20:47:17'),
(624, 'Стандартный плинтус Quick Step Дуб светлый QSSK01847', '000166', 5, 16, '2020-11-21 20:47:21', '2020-11-21 20:47:21'),
(625, 'Ламинат Quick Step Impressive Дуб песочный IM1853', '000167', 1, 24, '2020-11-21 20:47:27', '2020-11-21 20:47:27'),
(626, 'Стандартный плинтус Quick Step Дуб песочный QSSK01853', '000168', 5, 16, '2020-11-21 20:47:31', '2020-11-21 20:47:31'),
(627, 'Ламинат Quick Step Impressive Дуб фантазийный светло-серый IM3560', '000169', 1, 24, '2020-11-21 20:47:37', '2020-11-21 20:47:37'),
(628, 'Стандартный плинтус Quick Step Дуб фантазийный светло-серый QSSK03560', '000170', 5, 16, '2020-11-21 20:47:41', '2020-11-21 20:47:41'),
(629, 'Ламинат Quick Step Impressive Дуб фантазийный белый IM3559', '000171', 1, 24, '2020-11-21 20:47:45', '2020-11-21 20:47:45'),
(630, 'Стандартный плинтус Quick Step Дуб фантазийный белый QSSK03559', '000172', 5, 16, '2020-11-21 20:47:49', '2020-11-21 20:47:49'),
(631, 'Ламинат Quick Step Impressive Доска натурального дуба лакированная IM3106', '000173', 1, 24, '2020-11-21 20:47:55', '2020-11-21 20:47:55'),
(632, 'Стандартный плинтус Quick Step Дуб Виндзор QSSK03106', '000174', 5, 16, '2020-11-21 20:47:58', '2020-11-21 20:47:58'),
(633, 'Ламинат Quick Step Impressive Доска белая IM1859', '000175', 1, 24, '2020-11-21 20:48:06', '2020-11-21 20:48:06'),
(634, 'Ламинат Quick Step Impressive Дуб этнический серый IM3558', '000176', 1, 24, '2020-11-21 20:48:14', '2020-11-21 20:48:14'),
(635, 'Стандартный плинтус Quick Step Дуб этнический серый QSSK03558', '000177', 5, 16, '2020-11-21 20:48:18', '2020-11-21 20:48:18'),
(636, 'Ламинат Quick Step Impressive Дуб черная ночь IM1862', '000178', 1, 24, '2020-11-21 20:48:27', '2020-11-21 20:48:27'),
(637, 'Стандартный плинтус Quick Step Дуб черная ночь QSSK01862', '000179', 5, 16, '2020-11-21 20:48:32', '2020-11-21 20:48:32'),
(638, 'Ламинат Quick Step Impressive Сосна IM1860', '000180', 1, 24, '2020-11-21 20:48:40', '2020-11-21 20:48:40'),
(639, 'Стандартный плинтус Quick Step Сосна QSSK01860', '000181', 5, 16, '2020-11-21 20:48:44', '2020-11-21 20:48:44'),
(640, 'Ламинат Quick Step Impressive Светло-серый бетон IM1861', '000182', 1, 24, '2020-11-21 20:48:50', '2020-11-21 20:48:50'),
(641, 'Стандартный плинтус Quick Step Светло-серый бетон QSSK01861', '000183', 5, 16, '2020-11-21 20:48:53', '2020-11-21 20:48:53'),
(642, 'Ламинат Quick Step Impressive Patterns Мрамор бежевый IPE4506', '000184', 1, 25, '2020-11-21 22:39:25', '2020-11-21 22:39:25'),
(643, 'Стандартный плинтус Quick Step Мрамор бежевый QSSK04506', '000185', 5, 16, '2020-11-21 22:39:29', '2020-11-21 22:39:29'),
(644, 'Ламинат Quick Step Impressive Patterns Дуб палаццо белый IPE4501', '000186', 1, 25, '2020-11-21 22:39:35', '2020-11-21 22:39:35'),
(645, 'Стандартный плинтус Quick Step Стандартный плинтус (в цвет) QSSK04157', '000187', 5, 16, '2020-11-21 22:39:38', '2020-11-21 22:39:38'),
(646, 'Ламинат Quick Step Impressive Patterns Дуб песочный брашированный IPA4142', '000188', 1, 25, '2020-11-21 22:39:45', '2020-11-21 22:39:45'),
(647, 'Стандартный плинтус Quick Step Дуб песочный брашированный QSSK04142', '000189', 5, 16, '2020-11-21 22:39:49', '2020-11-21 22:39:49'),
(648, 'Ламинат Quick Step Impressive Patterns Бетон лофт IPE4508', '000190', 1, 25, '2020-11-21 22:39:57', '2020-11-21 22:39:57'),
(649, 'Стандартный плинтус Quick Step Бетон лофт QSSK04508', '000191', 5, 16, '2020-11-21 22:40:00', '2020-11-21 22:40:00'),
(650, 'Ламинат Quick Step Impressive Patterns Дуб палаццо бежевый IPE4672', '000192', 1, 25, '2020-11-21 22:40:06', '2020-11-21 22:40:06'),
(651, 'Стандартный плинтус Quick Step Дуб палаццо бежевый QSSK04672', '000193', 5, 16, '2020-11-21 22:40:09', '2020-11-21 22:40:09'),
(652, 'Ламинат Quick Step Impressive Patterns Дуб серый теплый брашированный IPA4141', '000194', 1, 25, '2020-11-21 22:40:14', '2020-11-21 22:40:14'),
(653, 'Ламинат Quick Step Impressive Patterns Дуб медный брашированный IPA4144', '000195', 1, 25, '2020-11-21 22:40:41', '2020-11-21 22:40:41'),
(654, 'Стандартный плинтус Quick Step Дуб медный брашированный QSSK04144', '000196', 5, 16, '2020-11-21 22:41:36', '2020-11-21 22:41:36'),
(655, 'Ламинат Quick Step Impressive Patterns Травертин бежевый IPE4510', '000197', 1, 25, '2020-11-21 22:41:43', '2020-11-21 22:41:43'),
(656, 'Стандартный плинтус Quick Step Плитка белая QSSK01553', '000198', 5, 16, '2020-11-21 22:41:46', '2020-11-21 22:41:46'),
(657, 'Ламинат Quick Step Impressive Patterns Дуб палаццо коричневый IPE4504', '000199', 1, 25, '2020-11-21 22:41:51', '2020-11-21 22:41:51'),
(658, 'Стандартный плинтус Quick Step Дуб палаццо коричневый QSSK04504', '000200', 5, 16, '2020-11-21 22:41:54', '2020-11-21 22:41:54'),
(659, 'Ламинат Quick Step Impressive Patterns Дуб природный бежевый брашированный IPA4143', '000201', 1, 25, '2020-11-21 22:42:01', '2020-11-21 22:42:01'),
(660, 'Стандартный плинтус Quick Step Дуб природный бежевый брашированный QSSK04143', '000202', 5, 16, '2020-11-21 22:42:04', '2020-11-21 22:42:04'),
(661, 'Ламинат Quick Step Impressive Patterns Текстиль натуральный IPE4511', '000203', 1, 25, '2020-11-21 22:42:09', '2020-11-21 22:42:09'),
(662, 'Стандартный плинтус Quick Step Холст QSSK01557', '000204', 5, 16, '2020-11-21 22:42:12', '2020-11-21 22:42:12'),
(663, 'Ламинат Quick Step Impressive Patterns Дуб кофейный брашированный IPA4145', '000205', 1, 25, '2020-11-21 22:42:18', '2020-11-21 22:42:18'),
(664, 'Стандартный плинтус Quick Step Дуб кофейный брашированный QSSK04145', '000206', 5, 16, '2020-11-21 22:42:28', '2020-11-21 22:42:28'),
(665, 'Ламинат Quick Step Impressive Ultra Дуб светлый IMU1847', '000207', 1, 26, '2020-11-21 23:11:36', '2020-11-21 23:11:36'),
(666, 'Ламинат Quick Step Impressive Ultra Дуб натуральный IMU1848', '000208', 1, 26, '2020-11-21 23:11:45', '2020-11-21 23:11:45'),
(667, 'Ламинат Quick Step Impressive Ultra Дуб коричневый IMU1849', '000209', 1, 26, '2020-11-21 23:11:51', '2020-11-21 23:11:51'),
(668, 'Ламинат Quick Step Impressive Ultra Дуб дымчатый IMU1993', '000210', 1, 26, '2020-11-21 23:11:59', '2020-11-21 23:11:59'),
(669, 'Ламинат Quick Step Impressive Ultra Дуб южный IMU1994', '000211', 1, 26, '2020-11-21 23:12:05', '2020-11-21 23:12:05'),
(670, 'Ламинат Quick Step Impressive Ultra Дуб фантазийный белый IMU3559', '000212', 1, 26, '2020-11-21 23:12:14', '2020-11-21 23:12:14'),
(671, 'Ламинат Quick Step Impressive Ultra Дуб деревенский IMU1851', '000213', 1, 26, '2020-11-21 23:12:26', '2020-11-21 23:12:26'),
(672, 'Ламинат Quick Step Impressive Ultra Доска натурального дуба лакированная IMU3106', '000214', 1, 26, '2020-11-21 23:12:34', '2020-11-21 23:12:34'),
(673, 'Ламинат Quick Step Impressive Ultra Доска белого дуба лакированная IMU3105', '000215', 1, 26, '2020-11-21 23:12:42', '2020-11-21 23:12:42'),
(674, 'Ламинат Quick Step Impressive Ultra Дуб пепельный IMU1992', '000216', 1, 26, '2020-11-21 23:12:47', '2020-11-21 23:12:47'),
(675, 'Ламинат Quick Step Impressive Ultra Дуб бордо IMU1995', '000217', 1, 26, '2020-11-21 23:13:15', '2020-11-21 23:13:15'),
(676, 'Ламинат Quick Step Impressive Ultra Дуб светлый натуральный IMU4664', '000218', 1, 26, '2020-11-21 23:23:41', '2020-11-21 23:23:41'),
(677, 'Ламинат Quick Step Impressive Ultra Дуб серо-бежевый IMU4663', '000219', 1, 26, '2020-11-21 23:23:57', '2020-11-21 23:23:57'),
(678, 'Ламинат Quick Step Impressive Ultra Дуб серый лакированный IMU4665', '000220', 1, 26, '2020-11-21 23:24:03', '2020-11-21 23:24:03'),
(679, 'Ламинат Quick Step Impressive Ultra Дуб фантазийный светло-серый IMU3560', '000221', 1, 26, '2020-11-21 23:24:11', '2020-11-21 23:24:11'),
(680, 'Ламинат Quick Step Impressive Ultra Дуб песочный IMU1853', '000222', 1, 26, '2020-11-21 23:24:18', '2020-11-21 23:24:18'),
(681, 'Ламинат Quick Step Impressive Ultra Дуб этнический серый IMU3558', '000223', 1, 26, '2020-11-21 23:24:25', '2020-11-21 23:24:25'),
(682, 'Ламинат Quick Step Impressive Ultra Светло-серый бетон IMU1861', '000224', 1, 26, '2020-11-21 23:24:32', '2020-11-21 23:24:32'),
(683, 'Ламинат Quick Step Majestic Дуб пустынный теплый натуральный MJ3551', '000225', 1, 27, '2020-11-22 12:34:35', '2020-11-22 12:34:35'),
(684, 'Стандартный плинтус Quick Step Дуб пустынный теплый натуральный QSSK03551', '000226', 5, 16, '2020-11-22 12:34:39', '2020-11-22 12:34:39'),
(685, 'Ламинат Quick Step Majestic Дуб долинный светло-бежевый MJ3554', '000227', 1, 27, '2020-11-22 12:34:49', '2020-11-22 12:34:49'),
(686, 'Стандартный плинтус Quick Step Дуб долинный светло-бежевый QSSK03554', '000228', 5, 16, '2020-11-22 12:34:52', '2020-11-22 12:34:52'),
(687, 'Ламинат Quick Step Majestic Дуб лесной массив коричневый MJ3548', '000229', 1, 27, '2020-11-22 12:34:58', '2020-11-22 12:34:58'),
(688, 'Стандартный плинтус Quick Step Дуб лесной массив коричневый QSSK03548', '000230', 5, 16, '2020-11-22 12:35:02', '2020-11-22 12:35:02'),
(689, 'Ламинат Quick Step Majestic Дуб пустынный светлый натуральный MJ3550', '000231', 1, 27, '2020-11-22 12:35:06', '2020-11-22 12:35:06'),
(690, 'Стандартный плинтус Quick Step Дуб пустынный светлый натуральный QSSK03550', '000232', 5, 16, '2020-11-22 12:35:09', '2020-11-22 12:35:09'),
(691, 'Ламинат Quick Step Majestic Дуб лесной массив светло-серый MJ3547', '000233', 1, 27, '2020-11-22 12:35:15', '2020-11-22 12:35:15'),
(692, 'Стандартный плинтус Quick Step Дуб лесной массив светло-серый QSSK03547', '000234', 5, 16, '2020-11-22 12:35:18', '2020-11-22 12:35:18'),
(693, 'Ламинат Quick Step Majestic Дуб пустынный шлифованный темно-коричневый MJ3553', '000235', 1, 27, '2020-11-22 12:35:25', '2020-11-22 12:35:25'),
(694, 'Стандартный плинтус Quick Step Дуб пустынный шлифованный темно-коричневый QSSK03553', '000236', 5, 16, '2020-11-22 12:35:29', '2020-11-22 12:35:29'),
(695, 'Ламинат Quick Step Majestic Дуб пустынный шлифованный серый MJ3552', '000237', 1, 27, '2020-11-22 12:35:34', '2020-11-22 12:35:34'),
(696, 'Стандартный плинтус Quick Step Дуб пустынный шлифованный серый QSSK03552', '000238', 5, 16, '2020-11-22 12:35:38', '2020-11-22 12:35:38'),
(697, 'Ламинат Quick Step Majestic Дуб долинный светло-коричневый MJ3555', '000239', 1, 27, '2020-11-22 12:35:44', '2020-11-22 12:35:44'),
(698, 'Стандартный плинтус Quick Step Дуб долинный светло-коричневый QSSK03555', '000240', 5, 16, '2020-11-22 12:35:47', '2020-11-22 12:35:47'),
(699, 'Ламинат Quick Step Majestic Дуб лесной массив бежевый MJ3545', '000241', 1, 27, '2020-11-22 12:35:52', '2020-11-22 12:35:52'),
(700, 'Стандартный плинтус Quick Step Дуб лесной массив бежевый QSSK03545', '000242', 5, 16, '2020-11-22 12:35:56', '2020-11-22 12:35:56'),
(701, 'Ламинат Quick Step Majestic Дуб лесной массив натуральный MJ3546', '000243', 1, 27, '2020-11-22 12:36:05', '2020-11-22 12:36:05'),
(702, 'Стандартный плинтус Quick Step Дуб лесной массив натуральный QSSK03546', '000244', 5, 16, '2020-11-22 12:36:09', '2020-11-22 12:36:09'),
(703, 'Ламинат Quick Step Perspective Дуб итальянский бежевый UF3832', '000245', 1, 28, '2020-11-22 20:58:56', '2020-11-22 20:58:56'),
(704, 'Ламинат Quick Step Perspective Дуб итальянский светло-серый UF3831', '000246', 1, 28, '2020-11-22 20:59:03', '2020-11-22 20:59:03'),
(705, 'Ламинат Quick Step Perspective Дуб природный коричневый UF3579', '000247', 1, 28, '2020-11-22 20:59:12', '2020-11-22 20:59:12'),
(706, 'Стандартный плинтус Quick Step Дуб природный коричневый QSSK03579', '000248', 5, 16, '2020-11-22 20:59:15', '2020-11-22 20:59:15'),
(707, 'Ламинат Quick Step Perspective Доска дуба светло-серого старинного UF1406', '000249', 1, 28, '2020-11-22 20:59:21', '2020-11-22 20:59:21'),
(708, 'Ламинат Quick Step Perspective Доска дуба серого старинного UF1388', '000250', 1, 28, '2020-11-22 20:59:28', '2020-11-22 20:59:28'),
(709, 'Ламинат Quick Step Perspective Дуб природный натуральный UF3578', '000251', 1, 28, '2020-11-22 20:59:33', '2020-11-22 20:59:33'),
(710, 'Ламинат Quick Step Perspective Доска дуба белого светлая UF1491', '000252', 1, 28, '2020-11-22 20:59:40', '2020-11-22 20:59:40'),
(711, 'Стандартный плинтус Quick Step Доска дуба белого светлая QSSK01491', '000253', 5, 16, '2020-11-22 20:59:43', '2020-11-22 20:59:43'),
(712, 'Ламинат Quick Step Perspective Доска дуба белого медиум UF1492', '000254', 1, 28, '2020-11-22 20:59:51', '2020-11-22 20:59:51'),
(713, 'Стандартный плинтус Quick Step Доска дуба белого медиум QSSK01492', '000255', 5, 16, '2020-11-22 20:59:54', '2020-11-22 20:59:54'),
(714, 'Ламинат Quick Step Perspective Доска дубовая светлая потертая UF1303', '000256', 1, 28, '2020-11-22 21:00:00', '2020-11-22 21:00:00'),
(715, 'Стандартный плинтус Quick Step Доска дубовая светлая потертая QSSK01303', '000257', 5, 16, '2020-11-22 21:00:05', '2020-11-22 21:00:05'),
(716, 'Ламинат Quick Step Perspective Доска дуба белого затемненная UF1496', '000258', 1, 28, '2020-11-22 21:00:12', '2020-11-22 21:00:12'),
(717, 'Стандартный плинтус Quick Step Доска дуба белого затемненная QSSK01496', '000259', 5, 16, '2020-11-22 21:00:16', '2020-11-22 21:00:16'),
(718, 'Ламинат Quick Step Perspective Дуб старинный серый UF3575', '000260', 1, 28, '2020-11-22 21:00:21', '2020-11-22 21:00:21'),
(719, 'Стандартный плинтус Quick Step Дуб старинный серый QSSK03575', '000261', 5, 16, '2020-11-22 21:00:24', '2020-11-22 21:00:24'),
(720, 'Ламинат Quick Step Perspective Доска дуба матовая промасленная UF312-2', '000262', 1, 28, '2020-11-22 21:00:30', '2020-11-22 21:00:30'),
(721, 'Стандартный плинтус Quick Step Доска дуба матовая промасленная QSSK00312', '000263', 5, 16, '2020-11-22 21:00:34', '2020-11-22 21:00:34'),
(722, 'Ламинат Quick Step Perspective Доска белого дуба лакированная UF915-2', '000264', 1, 28, '2020-11-22 21:00:39', '2020-11-22 21:00:39'),
(723, 'Ламинат Quick Step Perspective Венге интенсивный UF1300-2', '000265', 1, 28, '2020-11-22 21:00:45', '2020-11-22 21:00:45'),
(724, 'Ламинат Quick Step Perspective Доска дубовая светло-серая лакированная UF1304-2', '000266', 1, 28, '2020-11-22 21:00:52', '2020-11-22 21:00:52'),
(725, 'Стандартный плинтус Quick Step Доска дубовая светло-серая лакированная QSSK01304', '000267', 5, 16, '2020-11-22 21:00:56', '2020-11-22 21:00:56'),
(726, 'Ламинат Quick Step Perspective Сосна белая затертая UF1235-2', '000268', 1, 28, '2020-11-22 21:01:08', '2020-11-22 21:01:08'),
(727, 'Ламинат Quick Step Perspective Дуб почтенный натуральный промасленный UF1157-2', '000269', 1, 28, '2020-11-22 21:01:17', '2020-11-22 21:01:17'),
(728, 'Стандартный плинтус Quick Step Дуб почтенный натуральный промасленный QSSK01157', '000270', 5, 16, '2020-11-22 21:01:20', '2020-11-22 21:01:20'),
(729, 'Ламинат Quick Step Perspective Дуб итальянский светло-серый пэтчворк UF3831P', '000271', 1, 28, '2020-11-22 21:01:24', '2020-11-22 21:01:24'),
(730, 'Ламинат Quick Step Perspective Доска мербау UF996-2', '000272', 1, 28, '2020-11-22 21:01:31', '2020-11-22 21:01:31'),
(731, 'Стандартный плинтус Quick Step Доска мербау QSSK00996', '000273', 5, 16, '2020-11-22 21:01:35', '2020-11-22 21:01:35'),
(732, 'Ламинат Quick Step Perspective Доска ореховая промасленная UF1043-2', '000274', 1, 28, '2020-11-22 21:01:40', '2020-11-22 21:01:40'),
(733, 'Ламинат Quick Step Perspective Дуб итальянский бежевый пэтчворк UF3832P', '000275', 1, 28, '2020-11-22 21:01:48', '2020-11-22 21:01:48'),
(734, 'Ламинат Quick Step Perspective Доска венге UF1000-2', '000276', 1, 28, '2020-11-22 21:01:55', '2020-11-22 21:01:55'),
(737, 'Винил Quick Step Ambient Click Бетон тёплый серый AMCL40050', '000277', 1, 30, '2020-11-29 14:43:29', '2020-11-29 14:43:29'),
(738, 'Плинтус Стандартный для LIVYN BALANCE Quick Step Бетон тёплый серый QSVSKRA40050', '000278', 5, 16, '2020-11-29 14:43:38', '2020-11-29 14:43:38'),
(739, 'Винил Quick Step Ambient Click Мрамор каррарский белый AMCL40136', '000279', 1, 30, '2020-11-29 14:43:46', '2020-11-29 14:43:46'),
(740, 'Плинтус Стандартный для LIVYN BALANCE Quick Step Мрамор каррарский белый QSVSKRA40136', '000280', 5, 16, '2020-11-29 14:43:50', '2020-11-29 14:43:50'),
(741, 'Винил Quick Step Ambient Click Сланец чёрный AMCL40035', '000281', 1, 30, '2020-11-29 14:44:12', '2020-11-29 14:44:12'),
(742, 'Плинтус Стандартный для LIVYN BALANCE Quick Step Сланец чёрный QSVSKRA40035', '000282', 5, 16, '2020-11-29 14:44:16', '2020-11-29 14:44:16'),
(743, 'Винил Quick Step Ambient Click Бетон светлый AMCL40049', '000283', 1, 30, '2020-11-29 14:44:21', '2020-11-29 14:44:21'),
(744, 'Плинтус Стандартный для LIVYN BALANCE Quick Step Бетон светлый QSVSKRA40049', '000284', 5, 16, '2020-11-29 14:44:24', '2020-11-29 14:44:24'),
(745, 'Винил Quick Step Ambient Click Минеральная крошка песочная AMCL40137', '000285', 1, 30, '2020-11-29 14:44:30', '2020-11-29 14:44:30'),
(746, 'Плинтус Стандартный для LIVYN BALANCE Quick Step Минеральная крошка песочная QSVSKRA40137', '000286', 5, 16, '2020-11-29 14:44:33', '2020-11-29 14:44:33'),
(747, 'Винил Quick Step Ambient Click Минеральная крошка серая AMCL40138', '000287', 1, 30, '2020-11-29 14:44:38', '2020-11-29 14:44:38'),
(748, 'Плинтус Стандартный для LIVYN BALANCE Quick Step Минеральная крошка серая QSVSKRA40138', '000288', 5, 16, '2020-11-29 14:44:41', '2020-11-29 14:44:41'),
(749, 'Винил Quick Step Ambient Click Шлифованный бетон темно-серый AMCL40141', '000289', 1, 30, '2020-11-29 14:44:52', '2020-11-29 14:44:52'),
(750, 'Плинтус Стандартный для LIVYN BALANCE Quick Step Шлифованный бетон темно-серый QSVSKRA40141', '000290', 5, 16, '2020-11-29 14:44:54', '2020-11-29 14:44:54'),
(751, 'Винил Quick Step Ambient Glue Plus Сланец чёрный AMGP40035', '000291', 1, 31, '2020-11-30 12:51:24', '2020-11-30 12:51:24'),
(752, 'Винил Quick Step Ambient Glue Plus Бетон светлый AMGP40049', '000292', 1, 31, '2020-11-30 12:51:32', '2020-11-30 12:51:32'),
(753, 'Винил Quick Step Ambient Glue Plus Мрамор каррарский белый AMGP40136', '000293', 1, 31, '2020-11-30 12:51:44', '2020-11-30 12:51:44'),
(754, 'Винил Quick Step Ambient Glue Plus Бетон тёплый серый AMGP40050', '000294', 1, 31, '2020-11-30 12:51:51', '2020-11-30 12:51:51'),
(755, 'Винил Quick Step Ambient Glue Plus Минеральная крошка серая AMGP40138', '000295', 1, 31, '2020-11-30 12:51:57', '2020-11-30 12:51:57'),
(756, 'Винил Quick Step Ambient Glue Plus Минеральная крошка песочная AMGP40137', '000296', 1, 31, '2020-11-30 12:52:05', '2020-11-30 12:52:05'),
(757, 'Винил Quick Step Ambient Glue Plus Шлифованный бетон темно-серый AMGP40141', '000297', 1, 31, '2020-11-30 12:52:13', '2020-11-30 12:52:13'),
(758, 'Винил Quick Step Ambient Rigid Click Мрамор каррарский белый RAMCL40136', '000298', 1, 32, '2020-11-30 18:28:00', '2020-11-30 18:28:00'),
(759, 'Винил Quick Step Ambient Rigid Click Сланец серый RAMCL40034', '000299', 1, 32, '2020-11-30 18:28:07', '2020-11-30 18:28:07'),
(760, 'Винил Quick Step Ambient Rigid Click Шлифованный бетон светло-серый RAMCL40139', '000300', 1, 32, '2020-11-30 18:28:20', '2020-11-30 18:28:20'),
(761, 'Винил Quick Step Ambient Rigid Click Шлифованный бетон серый RAMCL40140', '000301', 1, 32, '2020-11-30 18:28:29', '2020-11-30 18:28:29'),
(762, 'Винил Quick Step Balance Click Каштан винтажный натуральный BACL40029', '000302', 1, 33, '2020-11-30 18:42:02', '2020-11-30 18:42:02'),
(763, 'Плинтус Стандартный для LIVYN BALANCE Quick Step Каштан винтажный натуральный QSVSKRA40029', '000303', 5, 16, '2020-11-30 18:42:06', '2020-11-30 18:42:06'),
(764, 'Винил Quick Step Balance Click Классический натуральный дуб BACL40023', '000304', 1, 33, '2020-11-30 18:42:11', '2020-11-30 18:42:11'),
(765, 'Плинтус Стандартный для LIVYN BALANCE Quick Step Классический натуральный дуб QSVSKRA40023', '000305', 5, 16, '2020-11-30 18:42:14', '2020-11-30 18:42:14'),
(766, 'Винил Quick Step Balance Click Дуб каньон бежевый BACL40038', '000306', 1, 33, '2020-11-30 18:42:21', '2020-11-30 18:42:21'),
(767, 'Плинтус Стандартный для LIVYN BALANCE Quick Step Дуб каньон бежевый QSVSKRA40038', '000307', 5, 16, '2020-11-30 18:42:25', '2020-11-30 18:42:25'),
(768, 'Винил Quick Step Balance Click Дуб каньон светлый пилёный BACL40128', '000308', 1, 33, '2020-11-30 18:42:30', '2020-11-30 18:42:30'),
(769, 'Плинтус Стандартный для LIVYN BALANCE Quick Step Дуб каньон светлый пилёный QSVSKRA40128', '000309', 5, 16, '2020-11-30 18:42:33', '2020-11-30 18:42:33'),
(771, 'Винил Quick Step Balance Click Артизан серый BACL40040', '000311', 1, 33, '2020-11-30 18:59:49', '2020-11-30 18:59:49'),
(772, 'Плинтус Стандартный для LIVYN BALANCE Quick Step Артизан серый QSVSKRA40040', '000312', 5, 16, '2020-11-30 18:59:52', '2020-11-30 18:59:52'),
(773, 'Винил Quick Step Balance Click Дуб коттедж темно-коричневый BACL40027', '000313', 1, 33, '2020-11-30 19:00:00', '2020-11-30 19:00:00'),
(774, 'Плинтус Стандартный для LIVYN BALANCE Quick Step Дуб коттедж темно-коричневый QSVSKRA40027', '000314', 5, 16, '2020-11-30 19:00:11', '2020-11-30 19:00:11'),
(775, 'Винил Quick Step Balance Click Дуб светлый отборный BACL40032', '000315', 1, 33, '2020-11-30 19:03:15', '2020-11-30 19:03:15'),
(776, 'Плинтус Стандартный для LIVYN BALANCE Quick Step Дуб светлый отборный QSVSKRA40032', '000316', 5, 16, '2020-11-30 19:03:18', '2020-11-30 19:03:18'),
(777, 'Винил Quick Step Balance Click Жемчужный серо-коричневый дуб BACL40133', '000317', 1, 33, '2020-11-30 19:03:24', '2020-11-30 19:03:24'),
(778, 'Плинтус Стандартный для LIVYN BALANCE Quick Step Жемчужный серо-коричневый дуб QSVSKRA40133', '000318', 5, 16, '2020-11-30 19:03:27', '2020-11-30 19:03:27'),
(779, 'Винил Quick Step Balance Click Дуб бархатный бежевый BACL40158', '000319', 1, 33, '2020-11-30 19:03:35', '2020-11-30 19:03:35'),
(780, 'Плинтус Стандартный для LIVYN BALANCE Quick Step Дуб бархатный бежевый QSVSKRA40158', '000320', 5, 16, '2020-11-30 19:03:38', '2020-11-30 19:03:38'),
(781, 'Винил Quick Step Balance Click Дуб бархатный светлый BACL40157', '000321', 1, 33, '2020-11-30 19:03:44', '2020-11-30 19:03:44'),
(782, 'Плинтус Стандартный для LIVYN BALANCE Quick Step Дуб бархатный светлый QSVSKRA40157', '000322', 5, 16, '2020-11-30 19:03:46', '2020-11-30 19:03:46'),
(783, 'Винил Quick Step Balance Click Бежевый дуб BACL40018', '000323', 1, 33, '2020-11-30 19:03:53', '2020-11-30 19:03:53'),
(784, 'Плинтус Стандартный для LIVYN BALANCE Quick Step Бежевый дуб QSVSKRA40018', '000324', 5, 16, '2020-11-30 19:04:02', '2020-11-30 19:04:02'),
(785, 'Винил Quick Step Balance Click Дуб бархатный коричневый BACL40160', '000325', 1, 33, '2020-11-30 19:04:08', '2020-11-30 19:04:08'),
(786, 'Плинтус Стандартный для LIVYN BALANCE Quick Step Дуб бархатный коричневый QSVSKRA40160', '000326', 5, 16, '2020-11-30 19:04:11', '2020-11-30 19:04:11'),
(787, 'Винил Quick Step Balance Click Дуб королевский натуральный BACL40156', '000327', 1, 33, '2020-11-30 19:04:16', '2020-11-30 19:04:16'),
(788, 'Плинтус Стандартный для LIVYN BALANCE Quick Step Дуб королевский натуральный QSVSKRA40156', '000328', 5, 16, '2020-11-30 19:04:19', '2020-11-30 19:04:19'),
(789, 'Винил Quick Step Balance Click Дуб бархатный песочный BACL40159', '000329', 1, 33, '2020-11-30 19:04:25', '2020-11-30 19:04:25'),
(790, 'Плинтус Стандартный для LIVYN BALANCE Quick Step Дуб бархатный песочный QSVSKRA40159', '000330', 5, 16, '2020-11-30 19:04:28', '2020-11-30 19:04:28'),
(800, 'Винил Quick Step Balance Click Дуб каньон светло-коричневый пилёный BACL40031', '000331', 1, 33, '2020-11-30 19:34:38', '2020-11-30 19:34:38'),
(801, 'Плинтус Стандартный для LIVYN BALANCE Quick Step Дуб каньон светло-коричневый пилёный QSVSKRA40031', '000332', 5, 16, '2020-11-30 19:34:41', '2020-11-30 19:34:41'),
(802, 'Винил Quick Step Balance Click Plus Дуб каньон светлый пилёный BACP40128', '000333', 1, 34, '2020-11-30 20:46:52', '2020-11-30 20:46:52'),
(803, 'Винил Quick Step Balance Click Plus Бежевый дуб BACP40018', '000334', 1, 34, '2020-11-30 20:47:00', '2020-11-30 20:47:00'),
(804, 'Винил Quick Step Balance Click Plus Каштан винтажный натуральный BACP40029', '000335', 1, 34, '2020-11-30 20:47:08', '2020-11-30 20:47:08'),
(805, 'Винил Quick Step Balance Click Plus Дуб каньон светло-коричневый пилёный BACP40031', '000336', 1, 34, '2020-11-30 20:47:16', '2020-11-30 20:47:16'),
(806, 'Винил Quick Step Balance Click Plus Дуб бархатный светлый BACP40157', '000337', 1, 34, '2020-11-30 20:47:23', '2020-11-30 20:47:23'),
(807, 'Винил Quick Step Balance Click Plus Дуб каньон бежевый BACP40038', '000338', 1, 34, '2020-11-30 20:47:32', '2020-11-30 20:47:32'),
(808, 'Винил Quick Step Balance Click Plus Классический натуральный дуб BACP40023', '000339', 1, 34, '2020-11-30 20:47:39', '2020-11-30 20:47:39'),
(809, 'Винил Quick Step Balance Click Plus Дуб коттедж темно-коричневый BACP40027', '000340', 1, 34, '2020-11-30 20:47:50', '2020-11-30 20:47:50'),
(810, 'Винил Quick Step Balance Glue Plus Дуб каньон бежевый BAGP40038', '000341', 1, 35, '2020-11-30 21:07:38', '2020-11-30 21:07:38'),
(811, 'Винил Quick Step Balance Glue Plus Дуб коттедж натуральный BAGP40025', '000342', 1, 35, '2020-11-30 21:07:50', '2020-11-30 21:07:50'),
(812, 'Плинтус Стандартный для LIVYN BALANCE Quick Step Дуб коттедж натуральный QSVSKRA40025', '000343', 5, 16, '2020-11-30 21:07:53', '2020-11-30 21:07:53'),
(813, 'Винил Quick Step Balance Glue Plus Дуб каньон серый пилёный BAGP40030', '000344', 1, 35, '2020-11-30 21:07:59', '2020-11-30 21:07:59'),
(814, 'Плинтус Стандартный для LIVYN BALANCE Quick Step Дуб каньон серый пилёный QSVSKRA40030', '000345', 5, 16, '2020-11-30 21:08:02', '2020-11-30 21:08:02'),
(815, 'Винил Quick Step Balance Glue Plus Дуб коттедж серо-коричневый BAGP40026', '000346', 1, 35, '2020-11-30 21:08:07', '2020-11-30 21:08:07'),
(816, 'Плинтус Стандартный для LIVYN BALANCE Quick Step Дуб коттедж серо-коричневый QSVSKRA40026', '000347', 5, 16, '2020-11-30 21:08:10', '2020-11-30 21:08:10'),
(817, 'Винил Quick Step Balance Glue Plus Шелковый темно-серый дуб BAGP40060', '000348', 1, 35, '2020-11-30 21:08:15', '2020-11-30 21:08:15'),
(818, 'Плинтус Стандартный для LIVYN BALANCE Quick Step Шелковый темно-серый дуб QSVSKRA40060', '000349', 5, 16, '2020-11-30 21:08:18', '2020-11-30 21:08:18'),
(819, 'Винил Quick Step Balance Glue Plus Дуб натуральный отборный BAGP40033', '000350', 1, 35, '2020-11-30 21:08:25', '2020-11-30 21:08:25'),
(820, 'Плинтус Стандартный для LIVYN BALANCE Quick Step Дуб натуральный отборный QSVSKRA40033', '000351', 5, 16, '2020-11-30 21:08:32', '2020-11-30 21:08:32'),
(821, 'Винил Quick Step Balance Glue Plus Дуб каньон натуральный BAGP40039', '000352', 1, 35, '2020-11-30 21:08:38', '2020-11-30 21:08:38'),
(822, 'Плинтус Стандартный для LIVYN BALANCE Quick Step Дуб каньон натуральный QSVSKRA40039', '000353', 5, 16, '2020-11-30 21:08:41', '2020-11-30 21:08:41'),
(823, 'Винил Quick Step Balance Glue Plus Дуб каньон коричневый BAGP40127', '000354', 1, 35, '2020-11-30 21:08:47', '2020-11-30 21:08:47'),
(824, 'Плинтус Стандартный для LIVYN BALANCE Quick Step Дуб каньон коричневый QSVSKRA40127', '000355', 5, 16, '2020-11-30 21:08:50', '2020-11-30 21:08:50'),
(825, 'Винил Quick Step Balance Glue Plus Серо-бурый шелковый дуб BAGP40053', '000356', 1, 35, '2020-11-30 21:08:55', '2020-11-30 21:08:55'),
(826, 'Плинтус Стандартный для LIVYN BALANCE Quick Step Серо-бурый шелковый дуб QSVSKRA40053', '000357', 5, 16, '2020-11-30 21:08:59', '2020-11-30 21:08:59'),
(827, 'Винил Quick Step Balance Rigid Click Дуб каньон бежевый RBACL40038', '000358', 1, 36, '2020-11-30 21:22:59', '2020-11-30 21:22:59'),
(828, 'Винил Quick Step Balance Rigid Click Дуб каньон серый пилёный RBACL40030', '000359', 1, 36, '2020-11-30 21:23:07', '2020-11-30 21:23:07'),
(829, 'Винил Quick Step Balance Rigid Click Дуб каньон натуральный RBACL40039', '000360', 1, 36, '2020-11-30 21:23:15', '2020-11-30 21:23:15'),
(830, 'Винил Quick Step Balance Rigid Click Дуб коттедж серо-коричневый RBACL40026', '000361', 1, 36, '2020-11-30 21:23:22', '2020-11-30 21:23:22'),
(831, 'Винил Quick Step Balance Rigid Click Дуб каньон темно-коричневый пилёный RBACL40059', '000362', 1, 36, '2020-11-30 21:23:28', '2020-11-30 21:23:28'),
(832, 'Винил Quick Step Balance Rigid Click Шёлковый дуб светлый RBACL40052', '000363', 1, 36, '2020-11-30 21:23:36', '2020-11-30 21:23:36'),
(833, 'Винил Quick Step Balance Rigid Click Дуб натуральный отборный RBACL40033', '000364', 1, 36, '2020-11-30 21:23:42', '2020-11-30 21:23:42'),
(834, 'Винил Quick Step Balance Rigid Click Дуб коттедж натуральный RBACL40025', '000365', 1, 36, '2020-11-30 21:23:52', '2020-11-30 21:23:52'),
(835, 'Винил Quick Step Balance Rigid Click Шелковый темно-серый дуб RBACL40060', '000366', 1, 36, '2020-11-30 21:23:59', '2020-11-30 21:23:59'),
(836, 'Винил Quick Step Balance Rigid Click Дуб шелковый теплый натуральный RBACL40130', '000367', 1, 36, '2020-11-30 21:24:05', '2020-11-30 21:24:05'),
(837, 'Винил Quick Step Balance Rigid Click Серо-бурый шелковый дуб RBACL40053', '000368', 1, 36, '2020-11-30 21:24:10', '2020-11-30 21:24:10'),
(838, 'Винил Quick Step Balance Rigid Click Дуб каньон коричневый RBACL40127', '000369', 1, 36, '2020-11-30 21:24:19', '2020-11-30 21:24:19'),
(839, 'Винил Quick Step Pulse Click Дуб осенний коричневый PUCL40090', '000370', 1, 37, '2020-11-30 21:35:09', '2020-11-30 21:35:09'),
(840, 'Плинтус Стандартный для LIVYN PULSE Quick Step Дуб осенний коричневый QSVSKRB40090', '000371', 5, 16, '2020-11-30 21:35:12', '2020-11-30 21:35:12'),
(841, 'Винил Quick Step Pulse Click Дуб осенний теплый серый PUCL40089', '000372', 1, 37, '2020-11-30 21:35:17', '2020-11-30 21:35:17'),
(842, 'Плинтус Стандартный для LIVYN PULSE Quick Step Дуб осенний теплый серый QSVSKRB40089', '000373', 5, 16, '2020-11-30 21:35:20', '2020-11-30 21:35:20'),
(843, 'Винил Quick Step Pulse Click Дуб теплый натуральный PUCL40094', '000374', 1, 37, '2020-11-30 21:35:25', '2020-11-30 21:35:25'),
(844, 'Плинтус Стандартный для LIVYN PULSE Quick Step Дуб теплый натуральный QSVSKRB40094', '000375', 5, 16, '2020-11-30 21:35:28', '2020-11-30 21:35:28'),
(845, 'Винил Quick Step Pulse Click Дуб морской бежевый PUCL40080', '000376', 1, 37, '2020-11-30 21:35:37', '2020-11-30 21:35:37'),
(846, 'Плинтус Стандартный для LIVYN PULSE Quick Step Дуб морской бежевый QSVSKRB40080', '000377', 5, 16, '2020-11-30 21:35:41', '2020-11-30 21:35:41'),
(847, 'Винил Quick Step Pulse Click Дуб морской светлый PUCL40079', '000378', 1, 37, '2020-11-30 21:35:46', '2020-11-30 21:35:46'),
(848, 'Плинтус Стандартный для LIVYN PULSE Quick Step Дуб морской светлый QSVSKRB40079', '000379', 5, 16, '2020-11-30 21:35:49', '2020-11-30 21:35:49'),
(849, 'Винил Quick Step Pulse Click Дуб хлопковый бежевый PUCL40103', '000380', 1, 37, '2020-11-30 21:36:10', '2020-11-30 21:36:10'),
(850, 'Плинтус Стандартный для LIVYN PULSE Quick Step Дуб хлопковый бежевый QSVSKRB40103', '000381', 5, 16, '2020-11-30 21:36:13', '2020-11-30 21:36:13'),
(851, 'Винил Quick Step Pulse Click Дуб охра PUCL40093', '000382', 1, 37, '2020-11-30 21:36:18', '2020-11-30 21:36:18'),
(852, 'Плинтус Стандартный для LIVYN PULSE Quick Step Дуб охра QSVSKRB40093', '000383', 5, 16, '2020-11-30 21:36:21', '2020-11-30 21:36:21');
INSERT INTO `products` (`id`, `name`, `vendor_code`, `unit_id`, `category_id`, `created_at`, `updated_at`) VALUES
(853, 'Винил Quick Step Pulse Click Дуб хлопковый темно-серый пилёный PUCL40106', '000384', 1, 37, '2020-11-30 21:36:26', '2020-11-30 21:36:26'),
(854, 'Плинтус Стандартный для LIVYN PULSE Quick Step Дуб хлопковый темно-серый пилёный QSVSKRB40106', '000385', 5, 16, '2020-11-30 21:36:29', '2020-11-30 21:36:29'),
(855, 'Винил Quick Step Pulse Click Дуб хлопковый натуральный PUCL40104', '000386', 1, 37, '2020-11-30 21:36:53', '2020-11-30 21:36:53'),
(856, 'Плинтус Стандартный для LIVYN PULSE Quick Step Дуб хлопковый натуральный QSVSKRB40104', '000387', 5, 16, '2020-11-30 21:36:57', '2020-11-30 21:36:57'),
(857, 'Винил Quick Step Pulse Click Дуб осенний светлый натуральный PUCL40087', '000388', 1, 37, '2020-11-30 21:37:02', '2020-11-30 21:37:02'),
(858, 'Плинтус Стандартный для LIVYN PULSE Quick Step Дуб осенний светлый натуральный QSVSKRB40087', '000389', 5, 16, '2020-11-30 21:37:05', '2020-11-30 21:37:05'),
(859, 'Винил Quick Step Pulse Click Коричневая сосна PUCL40075', '000390', 1, 37, '2020-11-30 21:37:11', '2020-11-30 21:37:11'),
(860, 'Плинтус Стандартный для LIVYN PULSE Quick Step Коричневая сосна QSVSKRB40075', '000391', 5, 16, '2020-11-30 21:37:14', '2020-11-30 21:37:14'),
(861, 'Винил Quick Step Pulse Click Дуб чистый медовый PUCL40098', '000392', 1, 37, '2020-11-30 21:37:20', '2020-11-30 21:37:20'),
(862, 'Плинтус Стандартный для LIVYN PULSE Quick Step Дуб чистый медовый QSVSKRB40098', '000393', 5, 16, '2020-11-30 21:37:23', '2020-11-30 21:37:23'),
(863, 'Винил Quick Step Pulse Click Дуб осенний медовый PUCL40088', '000394', 1, 37, '2020-11-30 21:37:28', '2020-11-30 21:37:28'),
(864, 'Плинтус Стандартный для LIVYN PULSE Quick Step Дуб осенний медовый QSVSKRB40088', '000395', 5, 16, '2020-11-30 21:37:32', '2020-11-30 21:37:32'),
(865, 'Винил Quick Step Pulse Click Дуб чистый натуральный PUCL40097', '000396', 1, 37, '2020-11-30 21:37:44', '2020-11-30 21:37:44'),
(866, 'Плинтус Стандартный для LIVYN PULSE Quick Step Дуб чистый натуральный QSVSKRB40097', '000397', 5, 16, '2020-11-30 21:37:47', '2020-11-30 21:37:47'),
(867, 'Винил Quick Step Pulse Click Дуб песчаный теплый коричневый PUCL40086', '000398', 1, 37, '2020-11-30 21:37:51', '2020-11-30 21:37:51'),
(868, 'Плинтус Стандартный для LIVYN PULSE Quick Step Дуб песчаный теплый коричневый QSVSKRB40086', '000399', 5, 16, '2020-11-30 21:37:55', '2020-11-30 21:37:55'),
(869, 'Винил Quick Step Pulse Click Дуб морской натуральный PUCL40081', '000400', 1, 37, '2020-11-30 21:38:00', '2020-11-30 21:38:00'),
(870, 'Плинтус Стандартный для LIVYN PULSE Quick Step Дуб морской натуральный QSVSKRB40081', '000401', 5, 16, '2020-11-30 21:38:03', '2020-11-30 21:38:03'),
(871, 'Винил Quick Step Pulse Click Дуб хлопковый светло-серый PUCL40105', '000402', 1, 37, '2020-11-30 21:38:12', '2020-11-30 21:38:12'),
(872, 'Плинтус Стандартный для LIVYN PULSE Quick Step Дуб хлопковый светло-серый QSVSKRB40105', '000403', 5, 16, '2020-11-30 21:38:15', '2020-11-30 21:38:15'),
(873, 'Винил Quick Step Pulse Click Утренняя сосна PUCL40074', '000404', 1, 37, '2020-11-30 21:38:23', '2020-11-30 21:38:23'),
(874, 'Плинтус Стандартный для LIVYN PULSE Quick Step Утренняя сосна QSVSKRB40074', '000405', 5, 16, '2020-11-30 21:38:26', '2020-11-30 21:38:26'),
(875, 'Винил Quick Step Pulse Click Дуб плетеный коричневый PUCL40078', '000406', 1, 37, '2020-11-30 21:38:34', '2020-11-30 21:38:34'),
(876, 'Плинтус Стандартный для LIVYN PULSE Quick Step Дуб плетеный коричневый QSVSKRB40078', '000407', 5, 16, '2020-11-30 21:38:37', '2020-11-30 21:38:37'),
(877, 'Винил Quick Step Pulse Click Дуб песчаный теплый серый PUCL40083', '000408', 1, 37, '2020-11-30 21:38:42', '2020-11-30 21:38:42'),
(878, 'Плинтус Стандартный для LIVYN PULSE Quick Step Дуб песчаный теплый серый QSVSKRB40083', '000409', 5, 16, '2020-11-30 21:38:45', '2020-11-30 21:38:45'),
(879, 'Винил Quick Step Pulse Rigid Click Дуб хлопковый белый RPUCL40200', '000410', 1, 38, '2020-11-30 22:29:59', '2020-11-30 22:29:59'),
(880, 'Плинтус Стандартный для LIVYN PULSE Quick Step Дуб хлопковый белый QSVSKRB40200', '000411', 5, 16, '2020-11-30 22:30:03', '2020-11-30 22:30:03'),
(881, 'Винил Quick Step Pulse Rigid Click Сосна светло-серая RPUCL40204', '000412', 1, 38, '2020-11-30 22:30:08', '2020-11-30 22:30:08'),
(882, 'Плинтус Стандартный для LIVYN PULSE Quick Step Сосна светло-серая QSVSKRB40204', '000413', 5, 16, '2020-11-30 22:30:12', '2020-11-30 22:30:12'),
(883, 'Винил Quick Step Pulse Rigid Click Дуб осенний шоколадный RPUCL40199', '000414', 1, 38, '2020-11-30 22:30:18', '2020-11-30 22:30:18'),
(884, 'Плинтус Стандартный для LIVYN PULSE Quick Step Дуб осенний шоколадный QSVSKRB40199', '000415', 5, 16, '2020-11-30 22:30:22', '2020-11-30 22:30:22'),
(885, 'Винил Quick Step Pulse Rigid Click Дуб хлопковый светло-серый RPUCL40201', '000416', 1, 38, '2020-11-30 22:30:26', '2020-11-30 22:30:26'),
(886, 'Плинтус Стандартный для LIVYN PULSE Quick Step Дуб хлопковый светло-серый QSVSKRB40201', '000417', 5, 16, '2020-11-30 22:30:30', '2020-11-30 22:30:30'),
(887, 'Винил Quick Step Pulse Rigid Click Дуб хлопковый бежевый натуральный RPUCL40203', '000418', 1, 38, '2020-11-30 22:30:41', '2020-11-30 22:30:41'),
(888, 'Плинтус Стандартный для LIVYN PULSE Quick Step Дуб хлопковый бежевый QSVSKRB40203', '000419', 5, 16, '2020-11-30 22:30:45', '2020-11-30 22:30:45'),
(889, 'Винил Quick Step Pulse Rigid Click Дуб хлопковый темно-серый RPUCL40202', '000420', 1, 38, '2020-11-30 22:30:52', '2020-11-30 22:30:52'),
(890, 'Плинтус Стандартный для LIVYN PULSE Quick Step Дуб хлопковый темно-серый QSVSKRB40202', '000421', 5, 16, '2020-11-30 22:30:55', '2020-11-30 22:30:55'),
(892, 'Плинтус для паркета (в цвет) Quick Step QSWPPSKR01478', '000423', 5, 16, '2020-12-01 00:11:37', '2020-12-01 00:11:37'),
(897, 'Плинтус для паркета (в цвет) Quick Step QSWPPSKR01352', '000428', 5, 16, '2020-12-01 00:12:03', '2020-12-01 00:12:03'),
(899, 'Плинтус для паркета (в цвет) Quick Step QSWPPSKR01354', '000430', 5, 16, '2020-12-01 00:12:10', '2020-12-01 00:12:10'),
(901, 'Плинтус для паркета (в цвет) Quick Step QSWPPSKR01334', '000432', 5, 16, '2020-12-01 14:04:09', '2020-12-01 14:04:09'),
(903, 'Паркет Quick Step Castello Дуб капучино промасленный CAS1478S', '000433', 1, 41, '2020-12-01 14:25:35', '2020-12-01 14:25:35'),
(904, 'Паркет Quick Step Castello Дуб песочный промасленный CAS4259S', '000434', 1, 41, '2020-12-01 14:25:41', '2020-12-01 14:25:41'),
(905, 'Паркет Quick Step Castello Дуб медовый промасленный CAS4258S', '000435', 1, 41, '2020-12-01 14:25:47', '2020-12-01 14:25:47'),
(906, 'Паркет Quick Step Castello Орех классический CAS4256S', '000436', 1, 41, '2020-12-01 14:25:54', '2020-12-01 14:25:54'),
(907, 'Паркет Quick Step Castello Дуб кофейный матовый CAS1352S', '000437', 1, 41, '2020-12-01 14:26:01', '2020-12-01 14:26:01'),
(908, 'Паркет Quick Step Castello Дуб закопченный матовый CAS1354S', '000438', 1, 41, '2020-12-01 14:26:08', '2020-12-01 14:26:08'),
(909, 'Паркет Quick Step Castello Дуб традиционный натуральный матовый CAS1338S', '000439', 1, 41, '2020-12-01 14:26:13', '2020-12-01 14:26:13'),
(910, 'Паркет Quick Step Castello Дуб безупречный матовый CAS4261S', '000440', 1, 41, '2020-12-01 14:26:18', '2020-12-01 14:26:18'),
(911, 'Паркет Quick Step Imperio Дуб промасленный IMP1626S', '000441', 1, 42, '2020-12-01 14:44:03', '2020-12-01 14:44:03'),
(912, 'Паркет Quick Step Imperio Дуб белый Эверест экстраматовый IMP3793S', '000442', 1, 42, '2020-12-01 14:44:10', '2020-12-01 14:44:10'),
(913, 'Паркет Quick Step Imperio Дуб натуральный экстраматовый IMP3792S', '000443', 1, 42, '2020-12-01 14:44:17', '2020-12-01 14:44:17'),
(914, 'Плинтус для паркета (в цвет) Quick Step QSWPPSKR01341', '000444', 5, 16, '2020-12-01 14:44:20', '2020-12-01 14:44:20'),
(915, 'Паркет Quick Step Massimo Дуб Капучино блонд экстра матовый MAS3566S', '000445', 1, 43, '2020-12-01 14:49:04', '2020-12-01 14:49:04'),
(916, 'Паркет Quick Step Massimo Дуб зимний промасленный экстраматовый MAS3563S', '000446', 1, 43, '2020-12-01 14:49:11', '2020-12-01 14:49:11'),
(917, 'Плинтус для паркета (в цвет) Quick Step QSWPPSKR03563', '000447', 5, 16, '2020-12-01 14:49:15', '2020-12-01 14:49:15'),
(918, 'Паркет Quick Step Massimo Дуб темный шоколад промасленный экстраматовый MAS3564S', '000448', 1, 43, '2020-12-01 14:49:22', '2020-12-01 14:49:22'),
(919, 'Плинтус для паркета (в цвет) Quick Step QSWPPSKR03564', '000449', 5, 16, '2020-12-01 14:49:25', '2020-12-01 14:49:25'),
(920, 'Паркет Quick Step Palazzo Дуб горный промасленный PAL3094S', '000450', 1, 44, '2020-12-01 14:52:51', '2020-12-01 14:52:51'),
(921, 'Плинтус для паркета (в цвет) Quick Step QSWPPSKR03094', '000451', 5, 16, '2020-12-01 14:52:55', '2020-12-01 14:52:55'),
(922, 'Паркет Quick Step Palazzo Дуб бетон промасленный PAL3795S', '000452', 1, 44, '2020-12-01 14:53:02', '2020-12-01 14:53:02'),
(923, 'Паркет Quick Step Palazzo Дуб полуночный промасленный PAL3889S', '000453', 1, 44, '2020-12-01 14:53:09', '2020-12-01 14:53:09'),
(924, 'Плинтус для паркета (в цвет) Quick Step QSWPPSKR03889', '000454', 5, 16, '2020-12-01 14:53:13', '2020-12-01 14:53:13'),
(925, 'Паркет Quick Step Palazzo Дуб корица экстраматовый PAL3096S', '000455', 1, 44, '2020-12-01 14:53:23', '2020-12-01 14:53:23'),
(926, 'Плинтус для паркета (в цвет) Quick Step QSWPPSKR03096', '000456', 5, 16, '2020-12-01 14:53:27', '2020-12-01 14:53:27'),
(927, 'Паркет Quick Step Palazzo Дуб лаймовый экстраматовый PAL3887S', '000457', 1, 44, '2020-12-01 14:53:34', '2020-12-01 14:53:34'),
(928, 'Паркет Quick Step Palazzo Дуб матовый промасленный PAL4260S', '000458', 1, 44, '2020-12-01 14:53:40', '2020-12-01 14:53:40'),
(929, 'Паркет Quick Step Palazzo Дуб имбирный кекс экстраматовый PAL3888S', '000459', 1, 44, '2020-12-01 14:53:48', '2020-12-01 14:53:48'),
(930, 'Плинтус Стандартный для LIVYN BALANCE Quick Step (в цвет)', '000460', 5, 16, '2021-01-19 10:32:36', '2021-01-19 10:32:36'),
(931, 'Подложка Quick-Step Livyn Basic для плитки пвх, 1 мм (15 м кв) рул', '000461', 1, 17, '2021-01-19 12:30:10', '2021-01-19 12:30:10'),
(933, 'Клей Arlok 33 водно-дисперсионный клей 1,3 кг', 'ARLOK 33 1,3', 1, 45, '2021-02-08 12:52:09', '2021-02-08 12:52:09'),
(934, 'Клей Arlok 33 водно-дисперсионный клей 14 кг', 'ARLOK 33 14', 1, 45, '2021-02-08 20:34:38', '2021-02-08 20:34:38'),
(935, 'Клей Arlok 33 водно-дисперсионный клей 4 кг', 'ARLOK 33 4', 1, 45, '2021-02-08 20:40:14', '2021-02-08 20:40:14'),
(936, 'Клей Arlok 33 водно-дисперсионный клей 7 кг', 'ARLOK 33 7', 1, 45, '2021-02-08 20:45:59', '2021-02-08 20:45:59'),
(937, 'Клей Arlok 34 водно-дисперсионный клей 1,3 кг', 'ARLOK 34 1,3', 1, 45, '2021-02-08 21:00:37', '2021-02-08 21:00:37'),
(938, 'Клей Arlok 34 водно-дисперсионный клей 14 кг', 'ARLOK 34 14', 1, 45, '2021-02-09 09:25:00', '2021-02-09 09:25:00'),
(939, 'Клей Arlok 34 водно-дисперсионный клей 4 кг', 'ARLOK 34 4', 1, 45, '2021-02-09 10:09:48', '2021-02-09 10:09:48'),
(940, 'Клей Arlok 34 водно-дисперсионный клей 7 кг', 'ARLOK 34 7', 1, 45, '2021-02-09 10:13:59', '2021-02-09 10:13:59'),
(941, 'Клей Arlok 35 водно-дисперсионный клей 1,3 кг', 'ARLOK 35 1,3', 1, 45, '2021-02-09 10:45:27', '2021-02-09 10:45:27'),
(942, 'Клей Arlok 35 водно-дисперсионный клей 13 кг', 'ARLOK 35 13', 1, 45, '2021-02-09 10:48:48', '2021-02-09 10:48:48'),
(943, 'Клей Arlok 35 водно-дисперсионный клей 3,5 кг', 'ARLOK 35 3,5', 1, 45, '2021-02-09 10:56:14', '2021-02-09 10:56:14'),
(944, 'Клей Arlok 35 водно-дисперсионный клей 6,5 кг', 'ARLOK 35 6,5', 1, 45, '2021-02-09 11:04:21', '2021-02-09 11:04:21'),
(945, 'Клей Arlok 39 водно-дисперсионный клей 3 кг', 'ARLOK 39 3', 1, 45, '2021-02-09 12:53:44', '2021-02-09 12:53:44'),
(946, 'Клей Arlok 39 водно-дисперсионный клей 5 кг', 'ARLOK 39 5', 1, 45, '2021-02-09 12:59:32', '2021-02-09 12:59:32'),
(947, 'Клей Forbo 140 Euromix PU Pro 2К 13,4кг', 'FORBO 140', 1, 45, '2021-02-09 13:40:11', '2021-02-09 13:40:11'),
(948, 'Клей Forbo 522 Eurosafe Star Tack 20кг', 'FORBO 522 20КГ', 1, 45, '2021-02-16 11:17:15', '2021-02-16 11:17:15'),
(949, 'Клей Forbo 522 Eurosafe Star Tack 13кг', 'FORBO 522 13КГ', 1, 45, '2021-02-16 19:25:44', '2021-02-16 19:25:44'),
(950, 'Клей Forbo 599 Eurosafe Super 20кг', 'FORBO 599 20КГ', 1, 45, '2021-02-16 19:39:34', '2021-02-16 19:39:34'),
(951, 'Клей Forbo 599 Eurosafe Super 10кг', 'FORBO 599 10КГ', 1, 45, '2021-02-16 19:47:05', '2021-02-16 19:47:05'),
(952, 'Клей Forbo 144 Euromix PU Multi 2К 7кг', 'FORBO 144', 1, 45, '2021-02-17 11:09:51', '2021-02-17 11:09:51'),
(953, 'Клей Forbo 541 Eurofix Anti Slip 10кг', 'FORBO 541 10КГ', 1, 45, '2021-02-17 11:25:05', '2021-02-17 11:25:05'),
(954, 'Клей Forbo 233 Eurosol Contact 10кг', 'FORBO 233', 1, 45, '2021-02-17 13:45:58', '2021-02-17 13:45:58'),
(955, 'Клей Forbo 523 Eurostar Tack EC 12кг', 'FORBO 523 12КГ', 1, 45, '2021-02-17 13:57:23', '2021-02-17 13:57:23'),
(956, 'Клей Forbo 236 Eurosol Contact Plus 3.8кг', 'FORBO 236', 1, 45, '2021-02-17 14:09:39', '2021-02-17 14:09:39'),
(957, 'Клей Forbo 149 Euromix Turf 2К 13,2кг', 'FORBO 149', 1, 45, '2021-02-17 14:37:38', '2021-02-17 14:37:38'),
(958, 'Клей Forbo 545 Polaris 13кг', 'FORBO 545 13КГ', 1, 45, '2021-02-17 14:49:08', '2021-02-17 14:49:08'),
(959, 'Клей Forbo 418 Euroflex Lino Polaris 14кг', 'FORBO 418 14КГ', 1, 45, '2021-02-17 15:00:33', '2021-02-17 15:00:33'),
(960, 'Клей Forbo 150 Parquet Doctor 0,75кг', 'FORBO 150', 1, 45, '2021-02-17 15:09:03', '2021-02-17 15:09:03'),
(961, 'Клей Forbo 160 Euromix Turf Pro 2К 13,8кг', 'FORBO 160', 1, 45, '2021-02-17 15:22:46', '2021-02-17 15:22:46'),
(962, 'Клей Forbo 528 Eurostar allround 13кг', 'FORBO 528 13КГ', 1, 45, '2021-02-17 17:39:09', '2021-02-17 17:39:09'),
(963, 'Клей Forbo 525 Eurosafe Basic 20кг', 'FORBO 525 20КГ', 1, 45, '2021-02-17 17:54:21', '2021-02-17 17:54:21'),
(964, 'Клей Forbo 525 Eurosafe Basic 13кг', 'FORBO 525 13КГ', 1, 45, '2021-02-17 18:14:29', '2021-02-17 18:14:29'),
(965, 'Клей Forbo 425 Euroflex Standard 20кг', 'FORBO 425 20КГ', 1, 45, '2021-02-17 18:25:02', '2021-02-17 18:25:02'),
(966, 'Клей Forbo 425 Euroflex Standard 13кг', 'FORBO 425 13КГ', 1, 45, '2021-02-17 18:29:44', '2021-02-17 18:29:44'),
(967, 'Клей Forbo 177 SH Helmipur 0,8кг', 'FORBO 177', 1, 45, '2021-02-17 18:41:21', '2021-02-17 18:41:21'),
(968, 'Клей Forbo 148 Euromix Wood 2К 9,6кг', 'FORBO 148', 1, 45, '2021-02-17 18:50:39', '2021-02-17 18:50:39'),
(969, 'Клей Forbo 157 Eurowood MS 16кг', 'FORBO 157', 1, 45, '2021-02-17 18:59:08', '2021-02-17 18:59:08'),
(970, 'Клей Forbo 640 Eurostar Unicol 13кг', 'FORBO 640 13КГ', 1, 45, '2021-02-17 19:05:24', '2021-02-17 19:05:24'),
(971, 'Ламинат Clix Floor Charm CXC 153-2 Дуб Крем', 'Clix Floor Charm CXC 153-2 Дуб Крем', 1, 46, '2021-04-02 11:53:51', '2021-04-02 11:53:51'),
(972, 'Ламинат Clix Floor Charm CXC 155-2 Дуб Антик', 'Clix Floor Charm CXC 155-2 Дуб Антик', 1, 46, '2021-04-02 12:03:59', '2021-04-02 12:03:59'),
(973, 'Ламинат Clix Floor Charm CXC 156-2 Орех Элегант', 'Clix Floor Charm CXC 156-2 Орех Элегант', 1, 46, '2021-04-02 12:06:26', '2021-04-02 12:06:26'),
(974, 'Ламинат Clix Floor Charm CXC 157-2 Дуб Полар', 'Clix Floor Charm CXC 157-2 Дуб Полар', 1, 46, '2021-04-02 12:08:38', '2021-04-02 12:08:38'),
(975, 'Ламинат Clix Floor Charm CXC 158-2 Дуб Ледяной', 'Clix Floor Charm CXC 158-2 Дуб Ледяной', 1, 46, '2021-04-02 12:11:01', '2021-04-02 12:11:01'),
(976, 'Ламинат Clix Floor Charm CXC 160-2 Дуб Вековой', 'Clix Floor Charm CXC 160-2 Дуб Вековой', 1, 46, '2021-04-02 12:13:15', '2021-04-02 12:13:15'),
(977, 'Ламинат Clix Floor Charm CXC 161-2 Дуб Ваниль', 'Clix Floor Charm CXC 161-2 Дуб Ваниль', 1, 46, '2021-04-02 12:14:47', '2021-04-02 12:14:47'),
(978, 'Ламинат Clix Floor Charm CXC 162-2 Дуб Карамель', 'Clix Floor Charm CXC 162-2 Дуб Карамель', 1, 46, '2021-04-02 12:16:09', '2021-04-02 12:16:09'),
(979, 'Ламинат Clix Floor Charm CXC 287 Дуб Кварц', 'Clix Floor Charm CXC 287 Дуб Кварц', 1, 46, '2021-04-02 12:18:35', '2021-04-02 12:18:35'),
(980, 'Ламинат Clix Floor Charm CXC 413 Дуб Антрацит', 'Clix Floor Charm CXC 413 Дуб Антрацит', 1, 46, '2021-04-02 12:20:16', '2021-04-02 12:20:16'),
(981, 'Ламинат Clix Floor Excellent CXT 052 Дуб Ассам', 'Clix Floor Excellent CXT 052 Дуб Ассам', 1, 47, '2021-04-02 13:38:47', '2021-04-02 13:38:47'),
(982, 'Ламинат Clix Floor Excellent CXT 140 Дуб Каменный', 'Clix Floor Excellent CXT 140 Дуб Каменный', 1, 47, '2021-04-02 13:44:35', '2021-04-02 13:44:35'),
(983, 'Ламинат Clix Floor Excellent CXT 142 Дуб Норвежский', 'Clix Floor Excellent CXT 142 Дуб Норвежский', 1, 47, '2021-04-02 13:47:08', '2021-04-02 13:47:08'),
(984, 'Ламинат Clix Floor Excellent CXT 143 Дуб Кантри', 'Clix Floor Excellent CXT 143 Дуб Кантри', 1, 47, '2021-04-02 13:49:33', '2021-04-02 13:49:33'),
(985, 'Ламинат Clix Floor Excellent CXT 406 Дуб Портофино', 'Clix Floor Excellent CXT 406 Дуб Портофино', 1, 47, '2021-04-02 13:51:54', '2021-04-02 13:51:54'),
(986, 'Ламинат Clix Floor Excellent CXT 407 Дуб Капри', 'Clix Floor Excellent CXT 407 Дуб Капри', 1, 47, '2021-04-02 13:55:45', '2021-04-02 13:55:45'),
(987, 'Ламинат Clix Floor Intense CXI 145 Дуб платиновый', 'Clix Floor Intense CXI 145 Дуб платиновый', 1, 48, '2021-04-02 15:54:24', '2021-04-02 15:54:24'),
(988, 'Ламинат Clix Floor Intense CXI 146 Дуб марципановый', 'Clix Floor Intense CXI 146 Дуб марципановый', 1, 48, '2021-04-02 15:56:06', '2021-04-02 15:56:06'),
(989, 'Ламинат Clix Floor Intense CXI 147 Дуб миндальный', 'Clix Floor Intense CXI 147 Дуб миндальный', 1, 48, '2021-04-02 15:57:42', '2021-04-02 15:57:42'),
(990, 'Ламинат Clix Floor Intense CXI 148 Дуб цейлонский', 'Clix Floor Intense CXI 148 Дуб цейлонский', 1, 48, '2021-04-02 15:59:05', '2021-04-02 15:59:05'),
(991, 'Ламинат Clix Floor Intense CXI 149 Дуб пыльно-серый', 'Clix Floor Intense CXI 149 Дуб пыльно-серый', 1, 48, '2021-04-02 16:00:38', '2021-04-02 16:00:38'),
(992, 'Ламинат Clix Floor Intense CXI 150 Дуб Хоккайдо', 'Clix Floor Intense CXI 150 Дуб Хоккайдо', 1, 48, '2021-04-02 16:01:49', '2021-04-02 16:01:49'),
(993, 'Ламинат Clix Floor Intense CXI 151 Дуб Гастония', 'Clix Floor Intense CXI 151 Дуб Гастония', 1, 48, '2021-04-02 16:02:59', '2021-04-02 16:02:59'),
(994, 'Ламинат Clix Floor Intense CXI 152 Дуб Марокканский', 'Clix Floor Intense CXI 152 Дуб Марокканский', 1, 48, '2021-04-02 16:04:41', '2021-04-02 16:04:41'),
(995, 'Ламинат Clix Floor Plus CXP 084 Дуб агат', 'Clix Floor Plus CXP 084 Дуб агат', 1, 49, '2021-04-02 16:22:20', '2021-04-02 16:22:20'),
(996, 'Ламинат Clix Floor Plus CXP 085 Дуб серый серебристый', 'Clix Floor Plus CXP 085 Дуб серый серебристый', 1, 49, '2021-04-02 16:24:55', '2021-04-02 16:24:55'),
(997, 'Ламинат Clix Floor Plus CXP 086 Дуб Лава серый', 'Clix Floor Plus CXP 086 Дуб Лава серый', 1, 49, '2021-04-02 16:26:58', '2021-04-02 16:26:58'),
(998, 'Ламинат Clix Floor Plus CXP 087 Дуб кофейный', 'Clix Floor Plus CXP 087 Дуб кофейный', 1, 49, '2021-04-02 16:29:43', '2021-04-02 16:29:43'),
(999, 'Ламинат Clix Floor Plus CXP 088 Дуб тёмный шоколад', 'Clix Floor Plus CXP 088 Дуб тёмный шоколад', 1, 49, '2021-04-02 16:31:03', '2021-04-02 16:31:03'),
(1000, 'Ламинат Clix Floor Plus CXP 089 Дуб имперский выбеленный', 'Clix Floor Plus CXP 089 Дуб имперский выбеленный', 1, 49, '2021-04-02 16:33:03', '2021-04-02 16:33:03'),
(1001, 'Ламинат Clix Plus Extra CPE 3477 Дуб шелковый натуральный', 'Clix Plus Extra CPE 3477 Дуб натур', 1, 50, '2021-04-02 16:55:27', '2021-04-02 16:55:27'),
(1002, 'Ламинат Clix Plus Extra CPE 3479 Дуб шелковый белый', 'Clix Plus Extra CPE 3479 Дуб жемчужина', 1, 50, '2021-04-02 16:59:09', '2021-04-02 16:59:09'),
(1003, 'Ламинат Clix Plus Extra CPE 3587 Дуб серый дымчатый', 'Clix Plus Extra CPE 3587 Дуб серый дымчатый', 1, 50, '2021-04-02 17:01:01', '2021-04-02 17:01:01'),
(1004, 'Ламинат Clix Plus Extra CPE 4066 Дуб селект светло-серый', 'Clix Plus Extra CPE 4066 Дуб селект', 1, 50, '2021-04-02 17:05:57', '2021-04-02 17:05:57'),
(1005, 'Ламинат Clix Plus Extra CPE 4963 Дуб коричнево-серый', 'Clix Plus Extra CPE 4963 Дуб коричнево-серый', 1, 50, '2021-04-02 17:08:00', '2021-04-02 17:08:00'),
(1006, 'Ламинат Clix Plus Extra CPE 4964 Дуб какао', 'Clix Plus Extra CPE 4964 Дуб какао', 1, 50, '2021-04-02 17:11:43', '2021-04-02 17:11:43');

-- --------------------------------------------------------

--
-- Структура таблицы `products_views`
--

CREATE TABLE `products_views` (
  `category_id` int(10) UNSIGNED NOT NULL,
  `page_id` int(10) UNSIGNED NOT NULL
) ENGINE=InnoDB DEFAULT CHARSET=utf8mb4 COLLATE=utf8mb4_unicode_ci;

--
-- Дамп данных таблицы `products_views`
--

INSERT INTO `products_views` (`category_id`, `page_id`) VALUES
(17, 32),
(18, 36),
(19, 487),
(20, 520),
(21, 531),
(22, 568),
(23, 577),
(24, 610),
(25, 771),
(26, 795),
(27, 814),
(28, 835),
(30, 869),
(31, 870),
(32, 871),
(33, 872),
(34, 873),
(35, 874),
(36, 875),
(37, 876),
(38, 877),
(41, 1026),
(42, 1027),
(43, 1028),
(44, 1029),
(45, 1073),
(46, 1113),
(47, 1124),
(48, 1131),
(49, 1140),
(50, 1147);

-- --------------------------------------------------------

--
-- Структура таблицы `product_characteristics`
--

CREATE TABLE `product_characteristics` (
  `product_id` int(10) UNSIGNED NOT NULL,
  `characteristic_id` int(10) UNSIGNED NOT NULL,
  `value` varchar(500) COLLATE utf8mb4_unicode_ci NOT NULL
) ENGINE=InnoDB DEFAULT CHARSET=utf8mb4 COLLATE=utf8mb4_unicode_ci;

--
-- Дамп данных таблицы `product_characteristics`
--

INSERT INTO `product_characteristics` (`product_id`, `characteristic_id`, `value`) VALUES
(12, 57, '10000'),
(12, 58, '1000'),
(12, 59, '3'),
(12, 63, 'Profitex'),
(12, 64, 'Россия'),
(12, 69, '10'),
(12, 71, 'Да'),
(13, 57, '15000'),
(13, 58, '1000'),
(13, 59, '3'),
(13, 63, 'Quick Step'),
(13, 64, 'Россия'),
(13, 69, '15'),
(13, 71, 'Да'),
(14, 57, '9100'),
(14, 58, '1100'),
(14, 59, '3'),
(14, 63, 'Tuplex'),
(14, 64, 'Россия'),
(14, 69, '10'),
(14, 71, 'Да'),
(15, 69, '8'),
(23, 57, '10000'),
(23, 58, '1000'),
(23, 59, '2'),
(23, 69, '10'),
(23, 71, 'Да'),
(23, 73, 'Да'),
(481, 57, '2400'),
(481, 59, '12'),
(481, 63, 'Quick Step'),
(481, 64, 'Россия'),
(481, 72, '58'),
(482, 57, '1380'),
(482, 58, '212'),
(482, 59, '9'),
(482, 60, '32'),
(482, 61, '4'),
(482, 62, '1'),
(482, 63, 'Quick Step'),
(482, 64, 'Россия'),
(482, 65, 'под дерево'),
(482, 66, 'гостиная, спальная'),
(482, 67, 'замковое'),
(482, 68, '7'),
(482, 69, '2.048'),
(482, 71, 'Да'),
(483, 57, '2400'),
(483, 59, '12'),
(483, 63, 'Quick Step'),
(483, 64, 'Россия'),
(483, 72, '58'),
(484, 57, '1380'),
(484, 58, '212'),
(484, 59, '9'),
(484, 60, '32'),
(484, 61, '4'),
(484, 62, '1'),
(484, 63, 'Quick Step'),
(484, 64, 'Россия'),
(484, 65, 'под дерево'),
(484, 66, 'гостиная, спальная'),
(484, 67, 'замковое'),
(484, 68, '7'),
(484, 69, '2.048'),
(484, 71, 'Да'),
(485, 57, '1380'),
(485, 58, '212'),
(485, 59, '9'),
(485, 60, '32'),
(485, 61, '4'),
(485, 62, '1'),
(485, 63, 'Quick Step'),
(485, 64, 'Россия'),
(485, 65, 'под дерево'),
(485, 66, 'гостиная, спальная'),
(485, 67, 'замковое'),
(485, 68, '7'),
(485, 69, '2.048'),
(485, 71, 'Да'),
(486, 57, '2400'),
(486, 59, '12'),
(486, 63, 'Quick Step'),
(486, 64, 'Россия'),
(486, 72, '58'),
(487, 57, '1380'),
(487, 58, '212'),
(487, 59, '9'),
(487, 60, '32'),
(487, 61, '4'),
(487, 62, '1'),
(487, 63, 'Quick Step'),
(487, 64, 'Россия'),
(487, 65, 'под дерево'),
(487, 66, 'гостиная, спальная'),
(487, 67, 'замковое'),
(487, 68, '7'),
(487, 69, '2.048'),
(487, 71, 'Да'),
(488, 57, '2400'),
(488, 59, '12'),
(488, 63, 'Quick Step'),
(488, 64, 'Россия'),
(488, 72, '58'),
(489, 57, '1380'),
(489, 58, '212'),
(489, 59, '9'),
(489, 60, '32'),
(489, 61, '4'),
(489, 62, '1'),
(489, 63, 'Quick Step'),
(489, 64, 'Россия'),
(489, 65, 'под дерево'),
(489, 66, 'гостиная, спальная'),
(489, 67, 'замковое'),
(489, 68, '7'),
(489, 69, '2.048'),
(489, 71, 'Да'),
(490, 57, '2400'),
(490, 59, '12'),
(490, 63, 'Quick Step'),
(490, 64, 'Россия'),
(490, 72, '58'),
(491, 57, '1380'),
(491, 58, '212'),
(491, 59, '9'),
(491, 60, '32'),
(491, 61, '4'),
(491, 62, '1'),
(491, 63, 'Quick Step'),
(491, 64, 'Россия'),
(491, 65, 'под дерево'),
(491, 66, 'гостиная, спальная'),
(491, 67, 'замковое'),
(491, 68, '7'),
(491, 69, '2.048'),
(491, 71, 'Да'),
(492, 57, '2400'),
(492, 59, '12'),
(492, 63, 'Quick Step'),
(492, 64, 'Россия'),
(492, 72, '58'),
(493, 57, '1380'),
(493, 58, '212'),
(493, 59, '9'),
(493, 60, '32'),
(493, 61, '4'),
(493, 62, '1'),
(493, 63, 'Quick Step'),
(493, 64, 'Россия'),
(493, 65, 'под дерево'),
(493, 66, 'гостиная, спальная'),
(493, 67, 'замковое'),
(493, 68, '7'),
(493, 69, '2.048'),
(493, 71, 'Да'),
(494, 57, '2400'),
(494, 59, '12'),
(494, 63, 'Quick Step'),
(494, 64, 'Россия'),
(494, 72, '58'),
(495, 57, '1380'),
(495, 58, '212'),
(495, 59, '9'),
(495, 60, '32'),
(495, 61, '4'),
(495, 62, '1'),
(495, 63, 'Quick Step'),
(495, 64, 'Россия'),
(495, 65, 'под дерево'),
(495, 66, 'гостиная, спальная'),
(495, 67, 'замковое'),
(495, 68, '7'),
(495, 69, '2.048'),
(495, 71, 'Да'),
(496, 57, '2400'),
(496, 59, '12'),
(496, 63, 'Quick Step'),
(496, 64, 'Россия'),
(496, 72, '58'),
(497, 57, '1380'),
(497, 58, '212'),
(497, 59, '9'),
(497, 60, '32'),
(497, 61, '4'),
(497, 62, '1'),
(497, 63, 'Quick Step'),
(497, 64, 'Россия'),
(497, 65, 'под дерево'),
(497, 66, 'гостиная, спальная'),
(497, 67, 'замковое'),
(497, 68, '7'),
(497, 69, '2.048'),
(497, 71, 'Да'),
(498, 57, '2400'),
(498, 59, '12'),
(498, 63, 'Quick Step'),
(498, 64, 'Россия'),
(498, 72, '58'),
(499, 57, '1380'),
(499, 58, '212'),
(499, 59, '9'),
(499, 60, '32'),
(499, 61, '4'),
(499, 62, '1'),
(499, 63, 'Quick Step'),
(499, 64, 'Россия'),
(499, 65, 'под дерево'),
(499, 66, 'гостиная, спальная'),
(499, 67, 'замковое'),
(499, 68, '7'),
(499, 69, '2.048'),
(499, 71, 'Да'),
(500, 57, '2400'),
(500, 59, '12'),
(500, 63, 'Quick Step'),
(500, 64, 'Россия'),
(500, 72, '58'),
(501, 57, '1380'),
(501, 58, '212'),
(501, 59, '9'),
(501, 60, '32'),
(501, 61, '4'),
(501, 62, '1'),
(501, 63, 'Quick Step'),
(501, 64, 'Россия'),
(501, 65, 'под дерево'),
(501, 66, 'гостиная, спальная'),
(501, 67, 'замковое'),
(501, 68, '7'),
(501, 69, '2.048'),
(501, 71, 'Да'),
(502, 57, '2400'),
(502, 59, '12'),
(502, 63, 'Quick Step'),
(502, 64, 'Россия'),
(502, 72, '58'),
(503, 57, '1380'),
(503, 58, '212'),
(503, 59, '9'),
(503, 60, '32'),
(503, 61, '4'),
(503, 62, '1'),
(503, 63, 'Quick Step'),
(503, 64, 'Россия'),
(503, 65, 'под дерево'),
(503, 66, 'гостиная, спальная'),
(503, 67, 'замковое'),
(503, 68, '7'),
(503, 69, '2.048'),
(503, 71, 'Да'),
(504, 57, '2400'),
(504, 59, '12'),
(504, 63, 'Quick Step'),
(504, 64, 'Россия'),
(504, 72, '58'),
(505, 57, '1380'),
(505, 58, '212'),
(505, 59, '9'),
(505, 60, '32'),
(505, 61, '4'),
(505, 62, '1'),
(505, 63, 'Quick Step'),
(505, 64, 'Россия'),
(505, 65, 'под дерево'),
(505, 66, 'гостиная, спальная'),
(505, 67, 'замковое'),
(505, 68, '7'),
(505, 69, '2.048'),
(505, 71, 'Да'),
(506, 57, '2400'),
(506, 59, '12'),
(506, 63, 'Quick Step'),
(506, 64, 'Россия'),
(506, 72, '58'),
(507, 57, '1380'),
(507, 58, '212'),
(507, 59, '9'),
(507, 60, '32'),
(507, 61, '4'),
(507, 62, '1'),
(507, 63, 'Quick Step'),
(507, 64, 'Россия'),
(507, 65, 'под дерево'),
(507, 66, 'гостиная, спальная'),
(507, 67, 'замковое'),
(507, 68, '7'),
(507, 69, '2.048'),
(507, 71, 'Да'),
(508, 57, '2400'),
(508, 59, '12'),
(508, 63, 'Quick Step'),
(508, 64, 'Россия'),
(508, 72, '58'),
(509, 57, '1380'),
(509, 58, '212'),
(509, 59, '9'),
(509, 60, '32'),
(509, 61, '4'),
(509, 62, '1'),
(509, 63, 'Quick Step'),
(509, 64, 'Россия'),
(509, 65, 'под дерево'),
(509, 66, 'гостиная, спальная'),
(509, 67, 'замковое'),
(509, 68, '7'),
(509, 69, '2.048'),
(509, 71, 'Да'),
(510, 57, '2400'),
(510, 59, '12'),
(510, 63, 'Quick Step'),
(510, 64, 'Россия'),
(510, 72, '58'),
(511, 57, '1380'),
(511, 58, '212'),
(511, 59, '9'),
(511, 60, '32'),
(511, 61, '4'),
(511, 62, '1'),
(511, 63, 'Quick Step'),
(511, 64, 'Россия'),
(511, 65, 'под дерево'),
(511, 66, 'гостиная, спальная'),
(511, 67, 'замковое'),
(511, 68, '7'),
(511, 69, '2.048'),
(511, 71, 'Да'),
(512, 57, '2400'),
(512, 59, '12'),
(512, 63, 'Quick Step'),
(512, 64, 'Россия'),
(512, 72, '58'),
(513, 57, '1200'),
(513, 58, '396'),
(513, 59, '8'),
(513, 60, '33'),
(513, 61, '2'),
(513, 63, 'Quick Step'),
(513, 64, 'Россия'),
(513, 65, 'под художественный паркет'),
(513, 66, 'гостиная, спальная'),
(513, 67, 'замковое'),
(513, 68, '4'),
(513, 69, '1.901'),
(513, 71, 'Да'),
(514, 57, '2400'),
(514, 59, '12'),
(514, 63, 'Quick Step'),
(514, 64, 'Россия'),
(514, 72, '58'),
(515, 57, '1200'),
(515, 58, '396'),
(515, 59, '8'),
(515, 60, '33'),
(515, 61, '2'),
(515, 63, 'Quick Step'),
(515, 64, 'Россия'),
(515, 65, 'под художественный паркет'),
(515, 66, 'гостиная, спальная'),
(515, 67, 'замковое'),
(515, 68, '4'),
(515, 69, '1.901'),
(515, 71, 'Да'),
(516, 57, '2400'),
(516, 59, '12'),
(516, 63, 'Quick Step'),
(516, 64, 'Россия'),
(516, 72, '58'),
(517, 57, '1200'),
(517, 58, '396'),
(517, 59, '8'),
(517, 60, '33'),
(517, 61, '2'),
(517, 63, 'Quick Step'),
(517, 64, 'Россия'),
(517, 65, 'под художественный паркет'),
(517, 66, 'гостиная, спальная'),
(517, 67, 'замковое'),
(517, 68, '4'),
(517, 69, '1.901'),
(517, 71, 'Да'),
(518, 57, '2400'),
(518, 59, '12'),
(518, 63, 'Quick Step'),
(518, 64, 'Россия'),
(518, 72, '58'),
(519, 57, '1200'),
(519, 58, '396'),
(519, 59, '8'),
(519, 60, '33'),
(519, 61, '2'),
(519, 63, 'Quick Step'),
(519, 64, 'Россия'),
(519, 65, 'под художественный паркет'),
(519, 66, 'гостиная, спальная'),
(519, 67, 'замковое'),
(519, 68, '4'),
(519, 69, '1.901'),
(519, 71, 'Да'),
(520, 57, '2400'),
(520, 59, '12'),
(520, 63, 'Quick Step'),
(520, 64, 'Россия'),
(520, 72, '58'),
(521, 57, '1200'),
(521, 58, '396'),
(521, 59, '8'),
(521, 60, '33'),
(521, 61, '2'),
(521, 63, 'Quick Step'),
(521, 64, 'Россия'),
(521, 65, 'под художественный паркет'),
(521, 66, 'гостиная, спальная'),
(521, 67, 'замковое'),
(521, 68, '4'),
(521, 69, '1.901'),
(521, 71, 'Да'),
(522, 57, '2400'),
(522, 59, '12'),
(522, 63, 'Quick Step'),
(522, 64, 'Россия'),
(522, 72, '58'),
(523, 57, '1200'),
(523, 58, '190'),
(523, 59, '8'),
(523, 60, '32'),
(523, 61, 'без фаски'),
(523, 62, '1'),
(523, 63, 'Quick Step'),
(523, 64, 'Россия'),
(523, 65, 'под дерево'),
(523, 66, 'гостиная, спальная'),
(523, 67, 'замковое'),
(523, 68, '7'),
(523, 69, '1.596'),
(523, 70, '14'),
(524, 57, '2400'),
(524, 59, '12'),
(524, 63, 'Quick Step'),
(524, 64, 'Россия'),
(524, 72, '58'),
(525, 57, '1200'),
(525, 58, '190'),
(525, 59, '8'),
(525, 60, '32'),
(525, 61, 'без фаски'),
(525, 62, '1'),
(525, 63, 'Quick Step'),
(525, 64, 'Россия'),
(525, 65, 'под дерево'),
(525, 66, 'гостиная, спальная'),
(525, 67, 'замковое'),
(525, 68, '7'),
(525, 69, '1.596'),
(525, 70, '14'),
(526, 57, '2400'),
(526, 59, '12'),
(526, 63, 'Quick Step'),
(526, 64, 'Россия'),
(526, 72, '58'),
(527, 57, '1200'),
(527, 58, '190'),
(527, 59, '8'),
(527, 60, '32'),
(527, 61, 'без фаски'),
(527, 62, '1'),
(527, 63, 'Quick Step'),
(527, 64, 'Россия'),
(527, 65, 'под дерево'),
(527, 66, 'гостиная, спальная'),
(527, 67, 'замковое'),
(527, 68, '7'),
(527, 69, '1.596'),
(527, 70, '14'),
(528, 57, '2400'),
(528, 59, '12'),
(528, 63, 'Quick Step'),
(528, 64, 'Россия'),
(528, 72, '58'),
(529, 57, '1200'),
(529, 58, '190'),
(529, 59, '8'),
(529, 60, '32'),
(529, 61, 'без фаски'),
(529, 62, '1'),
(529, 63, 'Quick Step'),
(529, 64, 'Россия'),
(529, 65, 'под дерево'),
(529, 66, 'гостиная, спальная'),
(529, 67, 'замковое'),
(529, 68, '7'),
(529, 69, '1.596'),
(529, 70, '14'),
(530, 57, '2400'),
(530, 59, '12'),
(530, 63, 'Quick Step'),
(530, 64, 'Россия'),
(530, 72, '58'),
(531, 57, '1200'),
(531, 58, '190'),
(531, 59, '8'),
(531, 60, '32'),
(531, 61, 'без фаски'),
(531, 62, '1'),
(531, 63, 'Quick Step'),
(531, 64, 'Россия'),
(531, 65, 'под дерево'),
(531, 66, 'гостиная, спальная'),
(531, 67, 'замковое'),
(531, 68, '7'),
(531, 69, '1.596'),
(531, 70, '14'),
(532, 57, '2400'),
(532, 59, '12'),
(532, 63, 'Quick Step'),
(532, 64, 'Россия'),
(532, 72, '58'),
(533, 57, '1200'),
(533, 58, '190'),
(533, 59, '8'),
(533, 60, '32'),
(533, 61, 'без фаски'),
(533, 62, '1'),
(533, 63, 'Quick Step'),
(533, 64, 'Россия'),
(533, 65, 'под дерево'),
(533, 66, 'гостиная, спальная'),
(533, 67, 'замковое'),
(533, 68, '7'),
(533, 69, '1.596'),
(533, 70, '14'),
(534, 57, '2400'),
(534, 59, '12'),
(534, 63, 'Quick Step'),
(534, 64, 'Россия'),
(534, 72, '58'),
(535, 57, '1200'),
(535, 58, '190'),
(535, 59, '8'),
(535, 60, '32'),
(535, 61, 'без фаски'),
(535, 62, '1'),
(535, 63, 'Quick Step'),
(535, 64, 'Россия'),
(535, 65, 'под дерево'),
(535, 66, 'гостиная, спальная'),
(535, 67, 'замковое'),
(535, 68, '7'),
(535, 69, '1.596'),
(535, 70, '14'),
(536, 57, '2400'),
(536, 59, '12'),
(536, 63, 'Quick Step'),
(536, 64, 'Россия'),
(536, 72, '58'),
(537, 57, '1200'),
(537, 58, '190'),
(537, 59, '8'),
(537, 60, '32'),
(537, 61, 'без фаски'),
(537, 62, '1'),
(537, 63, 'Quick Step'),
(537, 64, 'Россия'),
(537, 65, 'под дерево'),
(537, 66, 'гостиная, спальная'),
(537, 67, 'замковое'),
(537, 68, '7'),
(537, 69, '1.596'),
(537, 70, '14'),
(538, 57, '2400'),
(538, 59, '12'),
(538, 63, 'Quick Step'),
(538, 64, 'Россия'),
(538, 72, '58'),
(539, 57, '1200'),
(539, 58, '190'),
(539, 59, '8'),
(539, 60, '32'),
(539, 61, 'без фаски'),
(539, 62, '1'),
(539, 63, 'Quick Step'),
(539, 64, 'Россия'),
(539, 65, 'под дерево'),
(539, 66, 'гостиная, спальная'),
(539, 67, 'замковое'),
(539, 68, '7'),
(539, 69, '1.596'),
(539, 70, '14'),
(540, 57, '2400'),
(540, 59, '12'),
(540, 63, 'Quick Step'),
(540, 64, 'Россия'),
(540, 72, '58'),
(541, 57, '1200'),
(541, 58, '190'),
(541, 59, '8'),
(541, 60, '32'),
(541, 61, 'без фаски'),
(541, 62, '1'),
(541, 63, 'Quick Step'),
(541, 64, 'Россия'),
(541, 65, 'под дерево'),
(541, 66, 'гостиная, спальная'),
(541, 67, 'замковое'),
(541, 68, '7'),
(541, 69, '1.596'),
(541, 70, '14'),
(542, 57, '2400'),
(542, 59, '12'),
(542, 63, 'Quick Step'),
(542, 64, 'Россия'),
(542, 72, '58'),
(543, 57, '1200'),
(543, 58, '190'),
(543, 59, '8'),
(543, 60, '32'),
(543, 61, 'без фаски'),
(543, 62, '1'),
(543, 63, 'Quick Step'),
(543, 64, 'Россия'),
(543, 65, 'под дерево'),
(543, 66, 'гостиная, спальная'),
(543, 67, 'замковое'),
(543, 68, '7'),
(543, 69, '1.596'),
(543, 70, '14'),
(544, 57, '2400'),
(544, 59, '12'),
(544, 63, 'Quick Step'),
(544, 64, 'Россия'),
(544, 72, '58'),
(545, 57, '1200'),
(545, 58, '190'),
(545, 59, '8'),
(545, 60, '32'),
(545, 61, 'без фаски'),
(545, 62, '1'),
(545, 63, 'Quick Step'),
(545, 64, 'Россия'),
(545, 65, 'под дерево'),
(545, 66, 'гостиная, спальная'),
(545, 67, 'замковое'),
(545, 68, '7'),
(545, 69, '1.596'),
(545, 70, '14'),
(546, 57, '2400'),
(546, 59, '12'),
(546, 63, 'Quick Step'),
(546, 64, 'Россия'),
(546, 72, '58'),
(547, 57, '1200'),
(547, 58, '190'),
(547, 59, '8'),
(547, 60, '32'),
(547, 61, 'без фаски'),
(547, 62, '1'),
(547, 63, 'Quick Step'),
(547, 64, 'Россия'),
(547, 65, 'под дерево'),
(547, 66, 'гостиная, спальная'),
(547, 67, 'замковое'),
(547, 68, '7'),
(547, 69, '1.596'),
(547, 70, '14'),
(548, 57, '2400'),
(548, 59, '12'),
(548, 63, 'Quick Step'),
(548, 64, 'Россия'),
(548, 72, '58'),
(549, 57, '1200'),
(549, 58, '190'),
(549, 59, '8'),
(549, 60, '32'),
(549, 61, 'без фаски'),
(549, 62, '1'),
(549, 63, 'Quick Step'),
(549, 64, 'Россия'),
(549, 65, 'под дерево'),
(549, 66, 'гостиная, спальная'),
(549, 67, 'замковое'),
(549, 68, '7'),
(549, 69, '1.596'),
(549, 70, '14'),
(550, 57, '2400'),
(550, 59, '12'),
(550, 63, 'Quick Step'),
(550, 64, 'Россия'),
(550, 72, '58'),
(551, 57, '1200'),
(551, 58, '190'),
(551, 59, '8'),
(551, 60, '32'),
(551, 61, 'без фаски'),
(551, 62, '1'),
(551, 63, 'Quick Step'),
(551, 64, 'Россия'),
(551, 65, 'под дерево'),
(551, 66, 'гостиная, спальная'),
(551, 67, 'замковое'),
(551, 68, '7'),
(551, 69, '1.596'),
(551, 70, '14'),
(552, 57, '2400'),
(552, 59, '12'),
(552, 63, 'Quick Step'),
(552, 64, 'Россия'),
(552, 72, '58'),
(553, 57, '1200'),
(553, 58, '190'),
(553, 59, '8'),
(553, 60, '32'),
(553, 61, 'без фаски'),
(553, 62, '1'),
(553, 63, 'Quick Step'),
(553, 64, 'Россия'),
(553, 65, 'под дерево'),
(553, 66, 'гостиная, спальная'),
(553, 67, 'замковое'),
(553, 68, '7'),
(553, 69, '1.596'),
(553, 70, '14'),
(554, 57, '2400'),
(554, 59, '12'),
(554, 63, 'Quick Step'),
(554, 64, 'Россия'),
(554, 72, '58'),
(555, 57, '1200'),
(555, 58, '190'),
(555, 59, '8'),
(555, 60, '32'),
(555, 61, 'без фаски'),
(555, 62, '1'),
(555, 63, 'Quick Step'),
(555, 64, 'Россия'),
(555, 65, 'под дерево'),
(555, 66, 'гостиная, спальная'),
(555, 67, 'замковое'),
(555, 68, '7'),
(555, 69, '1.596'),
(555, 70, '14'),
(556, 57, '2400'),
(556, 59, '12'),
(556, 63, 'Quick Step'),
(556, 64, 'Россия'),
(556, 72, '58'),
(557, 57, '1200'),
(557, 58, '190'),
(557, 59, '8'),
(557, 60, '32'),
(557, 61, 'без фаски'),
(557, 62, '1'),
(557, 63, 'Quick Step'),
(557, 64, 'Россия'),
(557, 65, 'под дерево'),
(557, 66, 'гостиная, спальная'),
(557, 67, 'замковое'),
(557, 68, '7'),
(557, 69, '1.596'),
(557, 70, '14'),
(558, 57, '2400'),
(558, 59, '12'),
(558, 63, 'Quick Step'),
(558, 64, 'Россия'),
(558, 72, '58'),
(559, 57, '1380'),
(559, 58, '156'),
(559, 59, '8'),
(559, 60, '32'),
(559, 61, 'без фаски'),
(559, 62, '1'),
(559, 63, 'Quick Step'),
(559, 64, 'Россия'),
(559, 65, 'под дерево'),
(559, 66, 'гостиная, кухня, спальная'),
(559, 67, 'замковое'),
(559, 68, '8'),
(559, 69, '1.722'),
(559, 70, '13'),
(560, 57, '2400'),
(560, 59, '12'),
(560, 63, 'Quick Step'),
(560, 64, 'Россия'),
(560, 72, '58'),
(561, 57, '1380'),
(561, 58, '156'),
(561, 59, '8'),
(561, 60, '32'),
(561, 61, 'без фаски'),
(561, 62, '1'),
(561, 63, 'Quick Step'),
(561, 64, 'Россия'),
(561, 65, 'под дерево'),
(561, 66, 'гостиная, кухня, спальная'),
(561, 67, 'замковое'),
(561, 68, '8'),
(561, 69, '1.722'),
(561, 70, '13'),
(562, 57, '2400'),
(562, 59, '12'),
(562, 63, 'Quick Step'),
(562, 64, 'Россия'),
(562, 72, '58'),
(563, 57, '1380'),
(563, 58, '156'),
(563, 59, '8'),
(563, 60, '32'),
(563, 61, 'без фаски'),
(563, 62, '1'),
(563, 63, 'Quick Step'),
(563, 64, 'Россия'),
(563, 65, 'под дерево'),
(563, 66, 'гостиная, кухня, спальная'),
(563, 67, 'замковое'),
(563, 68, '8'),
(563, 69, '1.722'),
(563, 70, '13'),
(564, 57, '2400'),
(564, 59, '12'),
(564, 63, 'Quick Step'),
(564, 64, 'Россия'),
(564, 72, '58'),
(565, 57, '1380'),
(565, 58, '156'),
(565, 59, '8'),
(565, 60, '32'),
(565, 61, 'без фаски'),
(565, 62, '1'),
(565, 63, 'Quick Step'),
(565, 64, 'Россия'),
(565, 65, 'под дерево'),
(565, 66, 'гостиная, кухня, спальная'),
(565, 67, 'замковое'),
(565, 68, '8'),
(565, 69, '1.722'),
(565, 70, '13'),
(566, 57, '2400'),
(566, 59, '12'),
(566, 63, 'Quick Step'),
(566, 64, 'Россия'),
(566, 72, '58'),
(567, 57, '1380'),
(567, 58, '156'),
(567, 59, '8'),
(567, 60, '32'),
(567, 61, 'без фаски'),
(567, 62, '1'),
(567, 63, 'Quick Step'),
(567, 64, 'Россия'),
(567, 65, 'под дерево'),
(567, 66, 'гостиная, коридор, офис, спальная'),
(567, 67, 'замковое'),
(567, 68, '8'),
(567, 69, '1.722'),
(567, 70, '13'),
(567, 71, 'Да'),
(568, 57, '2400'),
(568, 59, '12'),
(568, 63, 'Quick Step'),
(568, 64, 'Россия'),
(568, 72, '58'),
(569, 57, '1380'),
(569, 58, '156'),
(569, 59, '8'),
(569, 60, '32'),
(569, 61, 'без фаски'),
(569, 62, '1'),
(569, 63, 'Quick Step'),
(569, 64, 'Россия'),
(569, 65, 'под дерево'),
(569, 66, 'гостиная, коридор, офис, спальная'),
(569, 67, 'замковое'),
(569, 68, '8'),
(569, 69, '1.722'),
(569, 70, '13'),
(569, 71, 'Да'),
(570, 57, '2400'),
(570, 59, '12'),
(570, 63, 'Quick Step'),
(570, 64, 'Россия'),
(570, 72, '58'),
(571, 57, '1380'),
(571, 58, '156'),
(571, 59, '8'),
(571, 60, '32'),
(571, 61, 'без фаски'),
(571, 62, '1'),
(571, 63, 'Quick Step'),
(571, 64, 'Россия'),
(571, 65, 'под дерево'),
(571, 66, 'гостиная, коридор, офис, спальная'),
(571, 67, 'замковое'),
(571, 68, '8'),
(571, 69, '1.722'),
(571, 70, '13'),
(571, 71, 'Да'),
(572, 57, '2400'),
(572, 59, '12'),
(572, 63, 'Quick Step'),
(572, 64, 'Россия'),
(572, 72, '58'),
(573, 57, '1380'),
(573, 58, '156'),
(573, 59, '8'),
(573, 60, '32'),
(573, 61, 'без фаски'),
(573, 62, '1'),
(573, 63, 'Quick Step'),
(573, 64, 'Россия'),
(573, 65, 'под дерево'),
(573, 66, 'гостиная, коридор, офис, спальная'),
(573, 67, 'замковое'),
(573, 68, '8'),
(573, 69, '1.722'),
(573, 70, '13'),
(573, 71, 'Да'),
(574, 57, '2400'),
(574, 59, '12'),
(574, 63, 'Quick Step'),
(574, 64, 'Россия'),
(574, 72, '58'),
(575, 57, '1380'),
(575, 58, '156'),
(575, 59, '8'),
(575, 60, '32'),
(575, 61, 'без фаски'),
(575, 62, '1'),
(575, 63, 'Quick Step'),
(575, 64, 'Россия'),
(575, 65, 'под дерево'),
(575, 66, 'гостиная, коридор, офис, спальная'),
(575, 67, 'замковое'),
(575, 68, '8'),
(575, 69, '1.722'),
(575, 70, '13'),
(575, 71, 'Да'),
(576, 57, '2400'),
(576, 59, '12'),
(576, 63, 'Quick Step'),
(576, 64, 'Россия'),
(576, 72, '58'),
(577, 57, '1380'),
(577, 58, '156'),
(577, 59, '8'),
(577, 60, '32'),
(577, 61, 'без фаски'),
(577, 62, '1'),
(577, 63, 'Quick Step'),
(577, 64, 'Россия'),
(577, 65, 'под дерево'),
(577, 66, 'гостиная, коридор, офис, спальная'),
(577, 67, 'замковое'),
(577, 68, '8'),
(577, 69, '1.722'),
(577, 70, '13'),
(577, 71, 'Да'),
(578, 57, '2400'),
(578, 59, '12'),
(578, 63, 'Quick Step'),
(578, 64, 'Россия'),
(578, 72, '58'),
(579, 57, '1380'),
(579, 58, '156'),
(579, 59, '8'),
(579, 60, '32'),
(579, 61, 'без фаски'),
(579, 62, '1'),
(579, 63, 'Quick Step'),
(579, 64, 'Россия'),
(579, 65, 'под дерево'),
(579, 66, 'гостиная, коридор, офис, спальная'),
(579, 67, 'замковое'),
(579, 68, '8'),
(579, 69, '1.722'),
(579, 70, '13'),
(579, 71, 'Да'),
(580, 57, '2400'),
(580, 59, '12'),
(580, 63, 'Quick Step'),
(580, 64, 'Россия'),
(580, 72, '58'),
(581, 57, '1380'),
(581, 58, '156'),
(581, 59, '8'),
(581, 60, '32'),
(581, 61, 'без фаски'),
(581, 62, '1'),
(581, 63, 'Quick Step'),
(581, 64, 'Россия'),
(581, 65, 'под дерево'),
(581, 66, 'гостиная, коридор, офис, спальная'),
(581, 67, 'замковое'),
(581, 68, '8'),
(581, 69, '1.722'),
(581, 70, '13'),
(581, 71, 'Да'),
(582, 57, '2400'),
(582, 59, '12'),
(582, 63, 'Quick Step'),
(582, 64, 'Россия'),
(582, 72, '58'),
(583, 57, '1380'),
(583, 58, '156'),
(583, 59, '8'),
(583, 60, '32'),
(583, 61, 'без фаски'),
(583, 62, '1'),
(583, 63, 'Quick Step'),
(583, 64, 'Россия'),
(583, 65, 'под дерево'),
(583, 66, 'гостиная, коридор, офис, спальная'),
(583, 67, 'замковое'),
(583, 68, '8'),
(583, 69, '1.722'),
(583, 70, '13'),
(583, 71, 'Да'),
(584, 57, '2400'),
(584, 59, '12'),
(584, 63, 'Quick Step'),
(584, 64, 'Россия'),
(584, 72, '58'),
(585, 57, '1380'),
(585, 58, '156'),
(585, 59, '8'),
(585, 60, '32'),
(585, 61, 'без фаски'),
(585, 62, '1'),
(585, 63, 'Quick Step'),
(585, 64, 'Россия'),
(585, 65, 'под дерево'),
(585, 66, 'гостиная, коридор, офис, спальная'),
(585, 67, 'замковое'),
(585, 68, '8'),
(585, 69, '1.722'),
(585, 70, '13'),
(585, 71, 'Да'),
(586, 57, '2400'),
(586, 59, '12'),
(586, 63, 'Quick Step'),
(586, 64, 'Россия'),
(586, 72, '58'),
(587, 57, '1380'),
(587, 58, '156'),
(587, 59, '8'),
(587, 60, '32'),
(587, 61, 'без фаски'),
(587, 62, '1'),
(587, 63, 'Quick Step'),
(587, 64, 'Россия'),
(587, 65, 'под дерево'),
(587, 66, 'гостиная, коридор, офис, спальная'),
(587, 67, 'замковое'),
(587, 68, '8'),
(587, 69, '1.722'),
(587, 70, '13'),
(587, 71, 'Да'),
(588, 57, '2400'),
(588, 59, '12'),
(588, 63, 'Quick Step'),
(588, 64, 'Россия'),
(588, 72, '58'),
(589, 57, '1380'),
(589, 58, '156'),
(589, 59, '8'),
(589, 60, '32'),
(589, 61, 'без фаски'),
(589, 62, '1'),
(589, 63, 'Quick Step'),
(589, 64, 'Россия'),
(589, 65, 'под дерево'),
(589, 66, 'гостиная, коридор, офис, спальная'),
(589, 67, 'замковое'),
(589, 68, '8'),
(589, 69, '1.722'),
(589, 70, '13'),
(589, 71, 'Да'),
(590, 57, '2400'),
(590, 59, '12'),
(590, 63, 'Quick Step'),
(590, 64, 'Россия'),
(590, 72, '58'),
(591, 57, '1380'),
(591, 58, '156'),
(591, 59, '8'),
(591, 60, '32'),
(591, 61, 'без фаски'),
(591, 62, '1'),
(591, 63, 'Quick Step'),
(591, 64, 'Россия'),
(591, 65, 'под дерево'),
(591, 66, 'гостиная, коридор, офис, спальная'),
(591, 67, 'замковое'),
(591, 68, '8'),
(591, 69, '1.722'),
(591, 70, '13'),
(591, 71, 'Да'),
(592, 57, '2400'),
(592, 59, '12'),
(592, 63, 'Quick Step'),
(592, 64, 'Россия'),
(592, 72, '58'),
(593, 57, '1380'),
(593, 58, '156'),
(593, 59, '8'),
(593, 60, '32'),
(593, 61, 'без фаски'),
(593, 62, '1'),
(593, 63, 'Quick Step'),
(593, 64, 'Россия'),
(593, 65, 'под дерево'),
(593, 66, 'гостиная, коридор, офис, спальная'),
(593, 67, 'замковое'),
(593, 68, '8'),
(593, 69, '1.722'),
(593, 70, '13'),
(593, 71, 'Да'),
(594, 57, '2400'),
(594, 59, '12'),
(594, 63, 'Quick Step'),
(594, 64, 'Россия'),
(594, 72, '58'),
(595, 57, '1380'),
(595, 58, '156'),
(595, 59, '8'),
(595, 60, '32'),
(595, 61, 'без фаски'),
(595, 62, '1'),
(595, 63, 'Quick Step'),
(595, 64, 'Россия'),
(595, 65, 'под дерево'),
(595, 66, 'гостиная, коридор, офис, спальная'),
(595, 67, 'замковое'),
(595, 68, '8'),
(595, 69, '1.722'),
(595, 70, '13'),
(595, 71, 'Да'),
(596, 57, '2400'),
(596, 59, '12'),
(596, 63, 'Quick Step'),
(596, 64, 'Россия'),
(596, 72, '58'),
(597, 57, '1380'),
(597, 58, '156'),
(597, 59, '8'),
(597, 60, '32'),
(597, 61, 'без фаски'),
(597, 62, '1'),
(597, 63, 'Quick Step'),
(597, 64, 'Россия'),
(597, 65, 'под дерево'),
(597, 66, 'гостиная, коридор, офис, спальная'),
(597, 67, 'замковое'),
(597, 68, '8'),
(597, 69, '1.722'),
(597, 70, '13'),
(597, 71, 'Да'),
(598, 57, '2400'),
(598, 59, '12'),
(598, 63, 'Quick Step'),
(598, 64, 'Россия'),
(598, 72, '58'),
(599, 57, '1380'),
(599, 58, '156'),
(599, 59, '8'),
(599, 60, '32'),
(599, 61, 'без фаски'),
(599, 62, '1'),
(599, 63, 'Quick Step'),
(599, 64, 'Россия'),
(599, 65, 'под дерево'),
(599, 66, 'гостиная, коридор, офис, спальная'),
(599, 67, 'замковое'),
(599, 68, '8'),
(599, 69, '1.722'),
(599, 70, '13'),
(599, 71, 'Да'),
(600, 57, '1380'),
(600, 58, '156'),
(600, 59, '8'),
(600, 60, '32'),
(600, 61, 'без фаски'),
(600, 62, '1'),
(600, 63, 'Quick Step'),
(600, 64, 'Россия'),
(600, 65, 'под дерево'),
(600, 66, 'гостиная, коридор, офис, спальная'),
(600, 67, 'замковое'),
(600, 68, '8'),
(600, 69, '1.722'),
(600, 70, '13'),
(600, 71, 'Да'),
(601, 57, '1380'),
(601, 58, '190'),
(601, 59, '8'),
(601, 60, '32'),
(601, 61, '4'),
(601, 62, '1'),
(601, 63, 'Quick Step'),
(601, 64, 'Россия'),
(601, 65, 'под дерево'),
(601, 66, 'гостиная, кухня, спальная'),
(601, 67, 'замковое'),
(601, 68, '7'),
(601, 69, '1.835'),
(601, 70, '12.65'),
(601, 71, 'Да'),
(602, 57, '2400'),
(602, 59, '12'),
(602, 63, 'Quick Step'),
(602, 64, 'Россия'),
(602, 72, '58'),
(603, 57, '1380'),
(603, 58, '190'),
(603, 59, '8'),
(603, 60, '32'),
(603, 61, '4'),
(603, 62, '1'),
(603, 63, 'Quick Step'),
(603, 64, 'Россия'),
(603, 65, 'под дерево'),
(603, 66, 'гостиная, кухня, спальная'),
(603, 67, 'замковое'),
(603, 68, '7'),
(603, 69, '1.835'),
(603, 70, '12.65'),
(603, 71, 'Да'),
(604, 57, '2400'),
(604, 59, '12'),
(604, 63, 'Quick Step'),
(604, 64, 'Россия'),
(604, 72, '58'),
(605, 57, '1380'),
(605, 58, '190'),
(605, 59, '8'),
(605, 60, '32'),
(605, 61, '4'),
(605, 62, '1'),
(605, 63, 'Quick Step'),
(605, 64, 'Россия'),
(605, 65, 'под дерево'),
(605, 66, 'гостиная, кухня, спальная'),
(605, 67, 'замковое'),
(605, 68, '7'),
(605, 69, '1.835'),
(605, 70, '12.65'),
(605, 71, 'Да'),
(606, 57, '2400'),
(606, 59, '12'),
(606, 63, 'Quick Step'),
(606, 64, 'Россия'),
(606, 72, '58'),
(607, 57, '1380'),
(607, 58, '190'),
(607, 59, '8'),
(607, 60, '32'),
(607, 61, '4'),
(607, 62, '1'),
(607, 63, 'Quick Step'),
(607, 64, 'Россия'),
(607, 65, 'под дерево'),
(607, 66, 'гостиная, кухня, спальная'),
(607, 67, 'замковое'),
(607, 68, '7'),
(607, 69, '1.835'),
(607, 70, '12.65'),
(607, 71, 'Да'),
(608, 57, '2400'),
(608, 59, '12'),
(608, 63, 'Quick Step'),
(608, 64, 'Россия'),
(608, 72, '58'),
(609, 57, '1380'),
(609, 58, '190'),
(609, 59, '8'),
(609, 60, '32'),
(609, 61, '4'),
(609, 62, '1'),
(609, 63, 'Quick Step'),
(609, 64, 'Россия'),
(609, 65, 'под дерево'),
(609, 66, 'гостиная, кухня, спальная'),
(609, 67, 'замковое'),
(609, 68, '7'),
(609, 69, '1.835'),
(609, 70, '12.65'),
(609, 71, 'Да'),
(610, 57, '2400'),
(610, 59, '12'),
(610, 63, 'Quick Step'),
(610, 64, 'Россия'),
(610, 72, '58'),
(611, 57, '1380'),
(611, 58, '190'),
(611, 59, '8'),
(611, 60, '32'),
(611, 61, '4'),
(611, 62, '1'),
(611, 63, 'Quick Step'),
(611, 64, 'Россия'),
(611, 65, 'под дерево'),
(611, 66, 'гостиная, кухня, спальная'),
(611, 67, 'замковое'),
(611, 68, '7'),
(611, 69, '1.835'),
(611, 70, '12.65'),
(611, 71, 'Да'),
(612, 57, '2400'),
(612, 59, '12'),
(612, 63, 'Quick Step'),
(612, 64, 'Россия'),
(612, 72, '58'),
(613, 57, '1380'),
(613, 58, '190'),
(613, 59, '8'),
(613, 60, '32'),
(613, 61, '4'),
(613, 62, '1'),
(613, 63, 'Quick Step'),
(613, 64, 'Россия'),
(613, 65, 'под дерево'),
(613, 66, 'гостиная, кухня, спальная'),
(613, 67, 'замковое'),
(613, 68, '7'),
(613, 69, '1.835'),
(613, 70, '12.65'),
(613, 71, 'Да'),
(614, 57, '1380'),
(614, 58, '190'),
(614, 59, '8'),
(614, 60, '32'),
(614, 61, '4'),
(614, 62, '1'),
(614, 63, 'Quick Step'),
(614, 64, 'Россия'),
(614, 65, 'под дерево'),
(614, 66, 'гостиная, кухня, спальная'),
(614, 67, 'замковое'),
(614, 68, '7'),
(614, 69, '1.835'),
(614, 70, '12.65'),
(614, 71, 'Да'),
(615, 57, '2400'),
(615, 59, '12'),
(615, 63, 'Quick Step'),
(615, 64, 'Россия'),
(615, 72, '58'),
(616, 57, '1380'),
(616, 58, '190'),
(616, 59, '8'),
(616, 60, '32'),
(616, 61, '4'),
(616, 62, '1'),
(616, 63, 'Quick Step'),
(616, 64, 'Россия'),
(616, 65, 'под дерево'),
(616, 66, 'гостиная, кухня, спальная'),
(616, 67, 'замковое'),
(616, 68, '7'),
(616, 69, '1.835'),
(616, 70, '12.65'),
(616, 71, 'Да'),
(617, 57, '2400'),
(617, 59, '12'),
(617, 63, 'Quick Step'),
(617, 64, 'Россия'),
(617, 72, '58'),
(618, 57, '1380'),
(618, 58, '190'),
(618, 59, '8'),
(618, 60, '32'),
(618, 61, '4'),
(618, 62, '1'),
(618, 63, 'Quick Step'),
(618, 64, 'Россия'),
(618, 65, 'под дерево'),
(618, 66, 'гостиная, кухня, спальная'),
(618, 67, 'замковое'),
(618, 68, '7'),
(618, 69, '1.835'),
(618, 70, '12.65'),
(618, 71, 'Да'),
(619, 57, '1380'),
(619, 58, '190'),
(619, 59, '8'),
(619, 60, '32'),
(619, 61, '4'),
(619, 62, '1'),
(619, 63, 'Quick Step'),
(619, 64, 'Россия'),
(619, 65, 'под дерево'),
(619, 66, 'гостиная, кухня, спальная'),
(619, 67, 'замковое'),
(619, 68, '7'),
(619, 69, '1.835'),
(619, 70, '12.65'),
(619, 71, 'Да'),
(620, 57, '2400'),
(620, 59, '12'),
(620, 63, 'Quick Step'),
(620, 64, 'Россия'),
(620, 72, '58'),
(621, 57, '1380'),
(621, 58, '190'),
(621, 59, '8'),
(621, 60, '32'),
(621, 61, '4'),
(621, 62, '1'),
(621, 63, 'Quick Step'),
(621, 64, 'Россия'),
(621, 65, 'под дерево'),
(621, 66, 'гостиная, кухня, спальная'),
(621, 67, 'замковое'),
(621, 68, '7'),
(621, 69, '1.835'),
(621, 70, '12.65'),
(621, 71, 'Да'),
(622, 57, '2400'),
(622, 59, '12'),
(622, 63, 'Quick Step'),
(622, 64, 'Россия'),
(622, 72, '58'),
(623, 57, '1380'),
(623, 58, '190'),
(623, 59, '8'),
(623, 60, '32'),
(623, 61, '4'),
(623, 62, '1'),
(623, 63, 'Quick Step'),
(623, 64, 'Россия'),
(623, 65, 'под дерево'),
(623, 66, 'гостиная, кухня, спальная'),
(623, 67, 'замковое'),
(623, 68, '7'),
(623, 69, '1.835'),
(623, 70, '12.65'),
(623, 71, 'Да'),
(624, 57, '2400'),
(624, 59, '12'),
(624, 63, 'Quick Step'),
(624, 64, 'Россия'),
(624, 72, '58'),
(625, 57, '1380'),
(625, 58, '190'),
(625, 59, '8'),
(625, 60, '32'),
(625, 61, '4'),
(625, 62, '1'),
(625, 63, 'Quick Step'),
(625, 64, 'Россия'),
(625, 65, 'под дерево'),
(625, 66, 'гостиная, кухня, спальная'),
(625, 67, 'замковое'),
(625, 68, '7'),
(625, 69, '1.835'),
(625, 70, '12.65'),
(625, 71, 'Да'),
(626, 57, '2400'),
(626, 59, '12'),
(626, 63, 'Quick Step'),
(626, 64, 'Россия'),
(626, 72, '58'),
(627, 57, '1380'),
(627, 58, '190'),
(627, 59, '8'),
(627, 60, '32'),
(627, 61, '4'),
(627, 62, '1'),
(627, 63, 'Quick Step'),
(627, 64, 'Россия'),
(627, 65, 'под дерево'),
(627, 66, 'гостиная, кухня, спальная'),
(627, 67, 'замковое'),
(627, 68, '7'),
(627, 69, '1.835'),
(627, 70, '12.65'),
(627, 71, 'Да'),
(628, 57, '2400'),
(628, 59, '12'),
(628, 63, 'Quick Step'),
(628, 64, 'Россия'),
(628, 72, '58'),
(629, 57, '1380'),
(629, 58, '190'),
(629, 59, '8'),
(629, 60, '32'),
(629, 61, '4'),
(629, 62, '1'),
(629, 63, 'Quick Step'),
(629, 64, 'Россия'),
(629, 65, 'под дерево'),
(629, 66, 'гостиная, кухня, спальная'),
(629, 67, 'замковое'),
(629, 68, '7'),
(629, 69, '1.835'),
(629, 70, '12.65'),
(629, 71, 'Да'),
(630, 57, '2400'),
(630, 59, '12'),
(630, 63, 'Quick Step'),
(630, 64, 'Россия'),
(630, 72, '58'),
(631, 57, '1380'),
(631, 58, '190'),
(631, 59, '8'),
(631, 60, '32'),
(631, 61, '4'),
(631, 62, '1'),
(631, 63, 'Quick Step'),
(631, 64, 'Россия'),
(631, 65, 'под дерево'),
(631, 66, 'гостиная, кухня, спальная'),
(631, 67, 'замковое'),
(631, 68, '7'),
(631, 69, '1.835'),
(631, 70, '12.65'),
(631, 71, 'Да'),
(632, 57, '2400'),
(632, 59, '12'),
(632, 63, 'Quick Step'),
(632, 64, 'Россия'),
(632, 72, '58'),
(633, 57, '1380'),
(633, 58, '190'),
(633, 59, '8'),
(633, 60, '32'),
(633, 61, '4'),
(633, 62, '1'),
(633, 63, 'Quick Step'),
(633, 64, 'Россия'),
(633, 65, 'под дерево'),
(633, 66, 'гостиная, кухня, спальная'),
(633, 67, 'замковое'),
(633, 68, '7'),
(633, 69, '1.835'),
(633, 70, '12.65'),
(633, 71, 'Да'),
(634, 57, '1380'),
(634, 58, '190'),
(634, 59, '8'),
(634, 60, '32'),
(634, 61, '4'),
(634, 62, '1'),
(634, 63, 'Quick Step'),
(634, 64, 'Россия'),
(634, 65, 'под дерево'),
(634, 66, 'гостиная, кухня, спальная'),
(634, 67, 'замковое'),
(634, 68, '7'),
(634, 69, '1.835'),
(634, 70, '12.65'),
(634, 71, 'Да'),
(635, 57, '2400'),
(635, 59, '12'),
(635, 63, 'Quick Step'),
(635, 64, 'Россия'),
(635, 72, '58'),
(636, 57, '1380'),
(636, 58, '190'),
(636, 59, '8'),
(636, 60, '32'),
(636, 61, '4'),
(636, 62, '1'),
(636, 63, 'Quick Step'),
(636, 64, 'Россия'),
(636, 65, 'под дерево'),
(636, 66, 'гостиная, кухня, спальная'),
(636, 67, 'замковое'),
(636, 68, '7'),
(636, 69, '1.835'),
(636, 70, '12.65'),
(636, 71, 'Да'),
(637, 57, '2400'),
(637, 59, '12'),
(637, 63, 'Quick Step'),
(637, 64, 'Россия'),
(637, 72, '58'),
(638, 57, '1380'),
(638, 58, '190'),
(638, 59, '8'),
(638, 60, '32'),
(638, 61, '4'),
(638, 62, '1'),
(638, 63, 'Quick Step'),
(638, 64, 'Россия'),
(638, 65, 'под дерево'),
(638, 66, 'гостиная, кухня, спальная'),
(638, 67, 'замковое'),
(638, 68, '7'),
(638, 69, '1.835'),
(638, 70, '12.65'),
(638, 71, 'Да'),
(639, 57, '2400'),
(639, 59, '12'),
(639, 63, 'Quick Step'),
(639, 64, 'Россия'),
(639, 72, '58'),
(640, 57, '1380'),
(640, 58, '190'),
(640, 59, '8'),
(640, 60, '32'),
(640, 61, '4'),
(640, 62, '1'),
(640, 63, 'Quick Step'),
(640, 64, 'Россия'),
(640, 65, 'под дерево'),
(640, 66, 'гостиная, кухня, спальная'),
(640, 67, 'замковое'),
(640, 68, '7'),
(640, 69, '1.835'),
(640, 70, '12.65'),
(640, 71, 'Да'),
(641, 57, '2400'),
(641, 59, '12'),
(641, 63, 'Quick Step'),
(641, 64, 'Россия'),
(641, 72, '58'),
(642, 57, '1200'),
(642, 58, '396'),
(642, 59, '8'),
(642, 60, '33'),
(642, 61, '4'),
(642, 63, 'Quick Step'),
(642, 64, 'Россия'),
(642, 65, 'под художественный паркет'),
(642, 66, 'гостиная, спальная'),
(642, 67, 'замковое'),
(642, 68, '4'),
(642, 69, '1.901'),
(642, 71, 'Да'),
(643, 57, '2400'),
(643, 59, '12'),
(643, 63, 'Quick Step'),
(643, 64, 'Россия'),
(643, 72, '58'),
(644, 57, '1200'),
(644, 58, '396'),
(644, 59, '8'),
(644, 60, '33'),
(644, 61, '4'),
(644, 63, 'Quick Step'),
(644, 64, 'Россия'),
(644, 65, 'под художественный паркет'),
(644, 66, 'гостиная, спальная'),
(644, 67, 'замковое'),
(644, 68, '4'),
(644, 69, '1.901'),
(644, 71, 'Да'),
(645, 57, '2400'),
(645, 59, '12'),
(645, 63, 'Quick Step'),
(645, 64, 'Россия'),
(645, 72, '58'),
(646, 57, '1200'),
(646, 58, '396'),
(646, 59, '8'),
(646, 60, '33'),
(646, 61, '4'),
(646, 63, 'Quick Step'),
(646, 64, 'Россия'),
(646, 65, 'под художественный паркет'),
(646, 66, 'гостиная, спальная'),
(646, 67, 'замковое'),
(646, 68, '4'),
(646, 69, '1.901'),
(646, 71, 'Да'),
(647, 57, '2400'),
(647, 59, '12'),
(647, 63, 'Quick Step'),
(647, 64, 'Россия'),
(647, 72, '58'),
(648, 57, '1200'),
(648, 58, '396'),
(648, 59, '8'),
(648, 60, '33'),
(648, 61, '4'),
(648, 63, 'Quick Step'),
(648, 64, 'Россия'),
(648, 65, 'под художественный паркет'),
(648, 66, 'гостиная, спальная'),
(648, 67, 'замковое'),
(648, 68, '4'),
(648, 69, '1.901'),
(648, 71, 'Да'),
(649, 57, '2400'),
(649, 59, '12'),
(649, 63, 'Quick Step'),
(649, 64, 'Россия'),
(649, 72, '58'),
(650, 57, '1200'),
(650, 58, '396'),
(650, 59, '8'),
(650, 60, '33'),
(650, 61, '4'),
(650, 63, 'Quick Step'),
(650, 64, 'Россия'),
(650, 65, 'под художественный паркет'),
(650, 66, 'гостиная, спальная'),
(650, 67, 'замковое'),
(650, 68, '4'),
(650, 69, '1.901'),
(650, 71, 'Да'),
(651, 57, '2400'),
(651, 59, '12'),
(651, 63, 'Quick Step'),
(651, 64, 'Россия'),
(651, 72, '58'),
(652, 57, '1200'),
(652, 58, '396'),
(652, 59, '8'),
(652, 60, '33'),
(652, 61, '4'),
(652, 63, 'Quick Step'),
(652, 64, 'Россия'),
(652, 65, 'под художественный паркет'),
(652, 66, 'гостиная, спальная'),
(652, 67, 'замковое'),
(652, 68, '4'),
(652, 69, '1.901'),
(652, 71, 'Да'),
(653, 57, '1200'),
(653, 58, '396'),
(653, 59, '8'),
(653, 60, '33'),
(653, 61, '4'),
(653, 63, 'Quick Step'),
(653, 64, 'Россия'),
(653, 65, 'под художественный паркет'),
(653, 66, 'гостиная, спальная'),
(653, 67, 'замковое'),
(653, 68, '4'),
(653, 69, '1.901'),
(653, 71, 'Да'),
(654, 57, '2400'),
(654, 59, '12'),
(654, 63, 'Quick Step'),
(654, 64, 'Россия'),
(654, 72, '58'),
(655, 57, '1200'),
(655, 58, '396'),
(655, 59, '8'),
(655, 60, '33'),
(655, 61, '4'),
(655, 63, 'Quick Step'),
(655, 64, 'Россия'),
(655, 65, 'под художественный паркет'),
(655, 66, 'гостиная, спальная'),
(655, 67, 'замковое'),
(655, 68, '4'),
(655, 69, '1.901'),
(655, 71, 'Да'),
(656, 57, '2400'),
(656, 59, '12'),
(656, 63, 'Quick Step'),
(656, 64, 'Россия'),
(656, 72, '58'),
(657, 57, '1200'),
(657, 58, '396'),
(657, 59, '8'),
(657, 60, '33'),
(657, 61, '4'),
(657, 63, 'Quick Step'),
(657, 64, 'Россия'),
(657, 65, 'под художественный паркет'),
(657, 66, 'гостиная, спальная'),
(657, 67, 'замковое'),
(657, 68, '4'),
(657, 69, '1.901'),
(657, 71, 'Да'),
(658, 57, '2400'),
(658, 59, '12'),
(658, 63, 'Quick Step'),
(658, 64, 'Россия'),
(658, 72, '58'),
(659, 57, '1200'),
(659, 58, '396'),
(659, 59, '8'),
(659, 60, '33'),
(659, 61, '4'),
(659, 63, 'Quick Step'),
(659, 64, 'Россия'),
(659, 65, 'под художественный паркет'),
(659, 66, 'гостиная, спальная'),
(659, 67, 'замковое'),
(659, 68, '4'),
(659, 69, '1.901'),
(659, 71, 'Да'),
(660, 57, '2400'),
(660, 59, '12'),
(660, 63, 'Quick Step'),
(660, 64, 'Россия'),
(660, 72, '58'),
(661, 57, '1200'),
(661, 58, '396'),
(661, 59, '8'),
(661, 60, '33'),
(661, 61, '4'),
(661, 63, 'Quick Step'),
(661, 64, 'Россия'),
(661, 65, 'под художественный паркет'),
(661, 66, 'гостиная, спальная'),
(661, 67, 'замковое'),
(661, 68, '4'),
(661, 69, '1.901'),
(661, 71, 'Да'),
(662, 57, '2400'),
(662, 59, '12'),
(662, 63, 'Quick Step'),
(662, 64, 'Россия'),
(662, 72, '58'),
(663, 57, '1200'),
(663, 58, '396'),
(663, 59, '8'),
(663, 60, '33'),
(663, 61, '4'),
(663, 63, 'Quick Step'),
(663, 64, 'Россия'),
(663, 65, 'под художественный паркет'),
(663, 66, 'гостиная, спальная'),
(663, 67, 'замковое'),
(663, 68, '4'),
(663, 69, '1.901'),
(663, 71, 'Да'),
(664, 57, '2400'),
(664, 59, '12'),
(664, 63, 'Quick Step'),
(664, 64, 'Россия'),
(664, 72, '58'),
(665, 57, '1380'),
(665, 58, '190'),
(665, 59, '12'),
(665, 60, '33'),
(665, 61, '4'),
(665, 62, '1'),
(665, 63, 'Quick Step'),
(665, 64, 'Россия'),
(665, 65, 'под дерево'),
(665, 66, 'гостиная, коридор, кухня, офис, спальная'),
(665, 67, 'замковое'),
(665, 68, '5'),
(665, 69, '1.311'),
(665, 70, '12.65'),
(665, 71, 'Да'),
(666, 57, '1380'),
(666, 58, '190'),
(666, 59, '12'),
(666, 60, '33'),
(666, 61, '4'),
(666, 62, '1'),
(666, 63, 'Quick Step'),
(666, 64, 'Россия'),
(666, 65, 'под дерево'),
(666, 66, 'гостиная, коридор, кухня, офис, спальная'),
(666, 67, 'замковое'),
(666, 68, '5'),
(666, 69, '1.311'),
(666, 70, '12.65'),
(666, 71, 'Да'),
(667, 57, '1380'),
(667, 58, '190'),
(667, 59, '12'),
(667, 60, '33'),
(667, 61, '4'),
(667, 62, '1'),
(667, 63, 'Quick Step'),
(667, 64, 'Россия'),
(667, 65, 'под дерево'),
(667, 66, 'гостиная, коридор, кухня, офис, спальная'),
(667, 67, 'замковое'),
(667, 68, '5'),
(667, 69, '1.311'),
(667, 70, '12.65'),
(667, 71, 'Да'),
(668, 57, '1380'),
(668, 58, '190'),
(668, 59, '12'),
(668, 60, '33'),
(668, 61, '4'),
(668, 62, '1'),
(668, 63, 'Quick Step'),
(668, 64, 'Россия'),
(668, 65, 'под дерево'),
(668, 66, 'гостиная, коридор, кухня, офис, спальная'),
(668, 67, 'замковое'),
(668, 68, '5'),
(668, 69, '1.311'),
(668, 70, '12.65'),
(668, 71, 'Да'),
(669, 57, '1380'),
(669, 58, '190'),
(669, 59, '12'),
(669, 60, '33'),
(669, 61, '4'),
(669, 62, '1'),
(669, 63, 'Quick Step'),
(669, 64, 'Россия'),
(669, 65, 'под дерево'),
(669, 66, 'гостиная, коридор, кухня, офис, спальная'),
(669, 67, 'замковое'),
(669, 68, '5'),
(669, 69, '1.311'),
(669, 70, '12.65'),
(669, 71, 'Да'),
(670, 57, '1380'),
(670, 58, '190'),
(670, 59, '12'),
(670, 60, '33'),
(670, 61, '4'),
(670, 62, '1'),
(670, 63, 'Quick Step'),
(670, 64, 'Россия'),
(670, 65, 'под дерево'),
(670, 66, 'гостиная, коридор, кухня, офис, спальная'),
(670, 67, 'замковое'),
(670, 68, '5'),
(670, 69, '1.311'),
(670, 70, '12.65'),
(670, 71, 'Да'),
(671, 57, '1380'),
(671, 58, '190'),
(671, 59, '12'),
(671, 60, '33'),
(671, 61, '4'),
(671, 62, '1'),
(671, 63, 'Quick Step'),
(671, 64, 'Россия'),
(671, 65, 'под дерево'),
(671, 66, 'гостиная, коридор, кухня, офис, спальная'),
(671, 67, 'замковое'),
(671, 68, '5'),
(671, 69, '1.311'),
(671, 70, '12.65'),
(671, 71, 'Да'),
(672, 57, '1380'),
(672, 58, '190'),
(672, 59, '12'),
(672, 60, '33'),
(672, 61, '4'),
(672, 62, '1'),
(672, 63, 'Quick Step'),
(672, 64, 'Россия'),
(672, 65, 'под дерево'),
(672, 66, 'гостиная, коридор, кухня, офис, спальная'),
(672, 67, 'замковое'),
(672, 68, '5'),
(672, 69, '1.311'),
(672, 70, '12.65'),
(672, 71, 'Да'),
(673, 57, '1380'),
(673, 58, '190'),
(673, 59, '12'),
(673, 60, '33'),
(673, 61, '4'),
(673, 62, '1'),
(673, 63, 'Quick Step'),
(673, 64, 'Россия'),
(673, 65, 'под дерево'),
(673, 66, 'гостиная, коридор, кухня, офис, спальная'),
(673, 67, 'замковое'),
(673, 68, '5'),
(673, 69, '1.311'),
(673, 70, '12.65'),
(673, 71, 'Да'),
(674, 57, '1380'),
(674, 58, '190'),
(674, 59, '12'),
(674, 60, '33'),
(674, 61, '4'),
(674, 62, '1'),
(674, 63, 'Quick Step'),
(674, 64, 'Россия'),
(674, 65, 'под дерево'),
(674, 66, 'гостиная, коридор, кухня, офис, спальная'),
(674, 67, 'замковое'),
(674, 68, '5'),
(674, 69, '1.311'),
(674, 70, '12.65'),
(674, 71, 'Да'),
(675, 57, '1380'),
(675, 58, '190'),
(675, 59, '12'),
(675, 60, '33'),
(675, 61, '4'),
(675, 62, '1'),
(675, 63, 'Quick Step'),
(675, 64, 'Россия'),
(675, 65, 'под дерево'),
(675, 66, 'гостиная, коридор, кухня, офис, спальная'),
(675, 67, 'замковое'),
(675, 68, '5'),
(675, 69, '1.311'),
(675, 70, '12.65'),
(675, 71, 'Да'),
(676, 57, '1380'),
(676, 58, '190'),
(676, 59, '12'),
(676, 60, '33'),
(676, 61, '4'),
(676, 62, '1'),
(676, 63, 'Quick Step'),
(676, 64, 'Россия'),
(676, 65, 'под дерево'),
(676, 66, 'гостиная, коридор, кухня, офис, спальная'),
(676, 67, 'замковое'),
(676, 68, '5'),
(676, 69, '1.311'),
(676, 70, '12.65'),
(676, 71, 'Да'),
(677, 57, '1380'),
(677, 58, '190'),
(677, 59, '12'),
(677, 60, '33'),
(677, 61, '4'),
(677, 62, '1'),
(677, 63, 'Quick Step'),
(677, 64, 'Россия'),
(677, 65, 'под дерево'),
(677, 66, 'гостиная, коридор, кухня, офис, спальная'),
(677, 67, 'замковое'),
(677, 68, '5'),
(677, 69, '1.311'),
(677, 70, '12.65'),
(677, 71, 'Да'),
(678, 57, '1380'),
(678, 58, '190'),
(678, 59, '12'),
(678, 60, '33'),
(678, 61, '4'),
(678, 62, '1'),
(678, 63, 'Quick Step'),
(678, 64, 'Россия'),
(678, 65, 'под дерево'),
(678, 66, 'гостиная, коридор, кухня, офис, спальная'),
(678, 67, 'замковое'),
(678, 68, '5'),
(678, 69, '1.311'),
(678, 70, '12.65'),
(678, 71, 'Да'),
(679, 57, '1380'),
(679, 58, '190'),
(679, 59, '12'),
(679, 60, '33'),
(679, 61, '4'),
(679, 62, '1'),
(679, 63, 'Quick Step'),
(679, 64, 'Россия'),
(679, 65, 'под дерево'),
(679, 66, 'гостиная, коридор, кухня, офис, спальная'),
(679, 67, 'замковое'),
(679, 68, '5'),
(679, 69, '1.311'),
(679, 70, '12.65'),
(679, 71, 'Да'),
(680, 57, '1380'),
(680, 58, '190'),
(680, 59, '12'),
(680, 60, '33'),
(680, 61, '4'),
(680, 62, '1'),
(680, 63, 'Quick Step'),
(680, 64, 'Россия'),
(680, 65, 'под дерево'),
(680, 66, 'гостиная, коридор, кухня, офис, спальная'),
(680, 67, 'замковое'),
(680, 68, '5'),
(680, 69, '1.311'),
(680, 70, '12.65'),
(680, 71, 'Да'),
(681, 57, '1380'),
(681, 58, '190'),
(681, 59, '12'),
(681, 60, '33'),
(681, 61, '4'),
(681, 62, '1'),
(681, 63, 'Quick Step'),
(681, 64, 'Россия'),
(681, 65, 'под дерево'),
(681, 66, 'гостиная, коридор, кухня, офис, спальная'),
(681, 67, 'замковое'),
(681, 68, '5'),
(681, 69, '1.311'),
(681, 70, '12.65'),
(681, 71, 'Да'),
(682, 57, '1380'),
(682, 58, '190'),
(682, 59, '12'),
(682, 60, '33'),
(682, 61, '4'),
(682, 62, '1'),
(682, 63, 'Quick Step'),
(682, 64, 'Россия'),
(682, 65, 'под дерево'),
(682, 66, 'гостиная, коридор, кухня, офис, спальная'),
(682, 67, 'замковое'),
(682, 68, '5'),
(682, 69, '1.311'),
(682, 70, '12.65'),
(682, 71, 'Да'),
(683, 57, '2050'),
(683, 58, '240'),
(683, 59, '9.5'),
(683, 60, '32'),
(683, 61, '4'),
(683, 62, '1'),
(683, 63, 'Quick Step'),
(683, 64, 'Россия'),
(683, 65, 'под дерево'),
(683, 66, 'гостиная, офис, спальная'),
(683, 67, 'замковое'),
(683, 68, '6'),
(683, 69, '2.952'),
(683, 70, '22.18'),
(683, 71, 'Да'),
(684, 57, '2400'),
(684, 59, '12'),
(684, 63, 'Quick Step'),
(684, 64, 'Россия'),
(684, 72, '58'),
(685, 57, '2050'),
(685, 58, '240'),
(685, 59, '9.5'),
(685, 60, '32'),
(685, 61, '4'),
(685, 62, '1'),
(685, 63, 'Quick Step'),
(685, 64, 'Россия'),
(685, 65, 'под дерево'),
(685, 66, 'гостиная, офис, спальная'),
(685, 67, 'замковое'),
(685, 68, '6'),
(685, 69, '2.952'),
(685, 70, '22.18'),
(685, 71, 'Да'),
(686, 57, '2400'),
(686, 59, '12'),
(686, 63, 'Quick Step'),
(686, 64, 'Россия'),
(686, 72, '58'),
(687, 57, '2050'),
(687, 58, '240'),
(687, 59, '9.5'),
(687, 60, '32'),
(687, 61, '4'),
(687, 62, '1'),
(687, 63, 'Quick Step'),
(687, 64, 'Россия'),
(687, 65, 'под дерево'),
(687, 66, 'гостиная, офис, спальная'),
(687, 67, 'замковое'),
(687, 68, '6'),
(687, 69, '2.952'),
(687, 70, '22.18'),
(687, 71, 'Да'),
(688, 57, '2400'),
(688, 59, '12'),
(688, 63, 'Quick Step'),
(688, 64, 'Россия'),
(688, 72, '58'),
(689, 57, '2050'),
(689, 58, '240'),
(689, 59, '9.5'),
(689, 60, '32'),
(689, 61, '4'),
(689, 62, '1'),
(689, 63, 'Quick Step'),
(689, 64, 'Россия'),
(689, 65, 'под дерево'),
(689, 66, 'гостиная, офис, спальная'),
(689, 67, 'замковое'),
(689, 68, '6'),
(689, 69, '2.952'),
(689, 70, '22.18'),
(689, 71, 'Да'),
(690, 57, '2400'),
(690, 59, '12'),
(690, 63, 'Quick Step'),
(690, 64, 'Россия'),
(690, 72, '58'),
(691, 57, '2050'),
(691, 58, '240'),
(691, 59, '9.5'),
(691, 60, '32'),
(691, 61, '4'),
(691, 62, '1'),
(691, 63, 'Quick Step'),
(691, 64, 'Россия'),
(691, 65, 'под дерево'),
(691, 66, 'гостиная, офис, спальная'),
(691, 67, 'замковое'),
(691, 68, '6'),
(691, 69, '2.952'),
(691, 70, '22.18'),
(691, 71, 'Да'),
(692, 57, '2400'),
(692, 59, '12'),
(692, 63, 'Quick Step'),
(692, 64, 'Россия'),
(692, 72, '58'),
(693, 57, '2050'),
(693, 58, '240'),
(693, 59, '9.5'),
(693, 60, '32'),
(693, 61, '4'),
(693, 62, '1'),
(693, 63, 'Quick Step'),
(693, 64, 'Россия'),
(693, 65, 'под дерево'),
(693, 66, 'гостиная, офис, спальная'),
(693, 67, 'замковое'),
(693, 68, '6'),
(693, 69, '2.952'),
(693, 70, '22.18'),
(693, 71, 'Да'),
(694, 57, '2400'),
(694, 59, '12'),
(694, 63, 'Quick Step'),
(694, 64, 'Россия'),
(694, 72, '58'),
(695, 57, '2050'),
(695, 58, '240'),
(695, 59, '9.5'),
(695, 60, '32'),
(695, 61, '4'),
(695, 62, '1'),
(695, 63, 'Quick Step'),
(695, 64, 'Россия'),
(695, 65, 'под дерево'),
(695, 66, 'гостиная, офис, спальная'),
(695, 67, 'замковое'),
(695, 68, '6'),
(695, 69, '2.952'),
(695, 70, '22.18'),
(695, 71, 'Да'),
(696, 57, '2400'),
(696, 59, '12'),
(696, 63, 'Quick Step'),
(696, 64, 'Россия'),
(696, 72, '58'),
(697, 57, '2050'),
(697, 58, '240'),
(697, 59, '9.5'),
(697, 60, '32'),
(697, 61, '4'),
(697, 62, '1'),
(697, 63, 'Quick Step'),
(697, 64, 'Россия'),
(697, 65, 'под дерево'),
(697, 66, 'гостиная, офис, спальная'),
(697, 67, 'замковое'),
(697, 68, '6'),
(697, 69, '2.952'),
(697, 70, '22.18'),
(697, 71, 'Да'),
(698, 57, '2400'),
(698, 59, '12'),
(698, 63, 'Quick Step'),
(698, 64, 'Россия'),
(698, 72, '58'),
(699, 57, '2050'),
(699, 58, '240'),
(699, 59, '9.5'),
(699, 60, '32'),
(699, 61, '4'),
(699, 62, '1'),
(699, 63, 'Quick Step'),
(699, 64, 'Россия'),
(699, 65, 'под дерево'),
(699, 66, 'гостиная, офис, спальная'),
(699, 67, 'замковое'),
(699, 68, '6'),
(699, 69, '2.952'),
(699, 70, '22.18'),
(699, 71, 'Да'),
(700, 57, '2400'),
(700, 59, '12'),
(700, 63, 'Quick Step'),
(700, 64, 'Россия'),
(700, 72, '58'),
(701, 57, '2050'),
(701, 58, '240'),
(701, 59, '9.5'),
(701, 60, '32'),
(701, 61, '4'),
(701, 62, '1'),
(701, 63, 'Quick Step'),
(701, 64, 'Россия'),
(701, 65, 'под дерево'),
(701, 66, 'гостиная, офис, спальная'),
(701, 67, 'замковое'),
(701, 68, '6'),
(701, 69, '2.952'),
(701, 70, '22.18'),
(701, 71, 'Да'),
(702, 57, '2400'),
(702, 59, '12'),
(702, 63, 'Quick Step'),
(702, 64, 'Россия'),
(702, 72, '58'),
(703, 57, '1380'),
(703, 58, '156'),
(703, 59, '9.5'),
(703, 60, '32'),
(703, 61, '4'),
(703, 62, '1'),
(703, 63, 'Quick Step'),
(703, 64, 'Россия'),
(703, 65, 'под дерево'),
(703, 66, 'гостиная, коридор, офис, спальная'),
(703, 67, 'замковое'),
(703, 68, '7'),
(703, 69, '1.507'),
(703, 70, '13.5'),
(704, 57, '1380'),
(704, 58, '156'),
(704, 59, '9.5'),
(704, 60, '32'),
(704, 61, '4'),
(704, 62, '1'),
(704, 63, 'Quick Step'),
(704, 64, 'Россия'),
(704, 65, 'под дерево'),
(704, 66, 'гостиная, коридор, офис, спальная'),
(704, 67, 'замковое'),
(704, 68, '7'),
(704, 69, '1.507'),
(704, 70, '13.5'),
(705, 57, '1380'),
(705, 58, '156'),
(705, 59, '9.5'),
(705, 60, '32'),
(705, 61, '4'),
(705, 62, '1'),
(705, 63, 'Quick Step'),
(705, 64, 'Россия'),
(705, 65, 'под дерево'),
(705, 66, 'гостиная, коридор, офис, спальная'),
(705, 67, 'замковое'),
(705, 68, '7'),
(705, 69, '1.507'),
(705, 70, '13.5'),
(706, 57, '2400'),
(706, 59, '12'),
(706, 63, 'Quick Step'),
(706, 64, 'Россия'),
(706, 72, '58'),
(707, 57, '1380'),
(707, 58, '156'),
(707, 59, '9.5'),
(707, 60, '32'),
(707, 61, '4'),
(707, 62, '1'),
(707, 63, 'Quick Step'),
(707, 64, 'Россия'),
(707, 65, 'под дерево'),
(707, 66, 'гостиная, коридор, офис, спальная'),
(707, 67, 'замковое'),
(707, 68, '7'),
(707, 69, '1.507'),
(707, 70, '13.5'),
(708, 57, '1380'),
(708, 58, '156'),
(708, 59, '9.5'),
(708, 60, '32'),
(708, 61, '4'),
(708, 62, '1'),
(708, 63, 'Quick Step'),
(708, 64, 'Россия'),
(708, 65, 'под дерево'),
(708, 66, 'гостиная, коридор, офис, спальная'),
(708, 67, 'замковое'),
(708, 68, '7'),
(708, 69, '1.507'),
(708, 70, '13.5'),
(709, 57, '1380'),
(709, 58, '156'),
(709, 59, '9.5'),
(709, 60, '32'),
(709, 61, '4'),
(709, 62, '1'),
(709, 63, 'Quick Step'),
(709, 64, 'Россия'),
(709, 65, 'под дерево'),
(709, 66, 'гостиная, коридор, офис, спальная'),
(709, 67, 'замковое'),
(709, 68, '7'),
(709, 69, '1.507'),
(709, 70, '13.5'),
(710, 57, '1380'),
(710, 58, '156'),
(710, 59, '9.5'),
(710, 60, '32'),
(710, 61, '4'),
(710, 62, '1'),
(710, 63, 'Quick Step'),
(710, 64, 'Россия'),
(710, 65, 'под дерево'),
(710, 66, 'гостиная, коридор, офис, спальная'),
(710, 67, 'замковое'),
(710, 68, '7'),
(710, 69, '1.507'),
(710, 70, '13.5'),
(711, 57, '2400'),
(711, 59, '12'),
(711, 63, 'Quick Step'),
(711, 64, 'Россия'),
(711, 72, '58'),
(712, 57, '1380'),
(712, 58, '156'),
(712, 59, '9.5'),
(712, 60, '32'),
(712, 61, '4'),
(712, 62, '1'),
(712, 63, 'Quick Step'),
(712, 64, 'Россия'),
(712, 65, 'под дерево'),
(712, 66, 'гостиная, коридор, офис, спальная'),
(712, 67, 'замковое'),
(712, 68, '7'),
(712, 69, '1.507'),
(712, 70, '13.5'),
(713, 57, '2400'),
(713, 59, '12'),
(713, 63, 'Quick Step'),
(713, 64, 'Россия'),
(713, 72, '58'),
(714, 57, '1380'),
(714, 58, '156'),
(714, 59, '9.5'),
(714, 60, '32'),
(714, 61, '4'),
(714, 62, '1'),
(714, 63, 'Quick Step'),
(714, 64, 'Россия'),
(714, 65, 'под дерево'),
(714, 66, 'гостиная, коридор, офис, спальная'),
(714, 67, 'замковое'),
(714, 68, '7'),
(714, 69, '1.507'),
(714, 70, '13.5'),
(715, 57, '2400'),
(715, 59, '12'),
(715, 63, 'Quick Step'),
(715, 64, 'Россия'),
(715, 72, '58'),
(716, 57, '1380'),
(716, 58, '156'),
(716, 59, '9.5'),
(716, 60, '32'),
(716, 61, '4'),
(716, 62, '1'),
(716, 63, 'Quick Step'),
(716, 64, 'Россия'),
(716, 65, 'под дерево'),
(716, 66, 'гостиная, коридор, офис, спальная'),
(716, 67, 'замковое'),
(716, 68, '7'),
(716, 69, '1.507'),
(716, 70, '13.5'),
(717, 57, '2400'),
(717, 59, '12'),
(717, 63, 'Quick Step'),
(717, 64, 'Россия'),
(717, 72, '58'),
(718, 57, '1380'),
(718, 58, '156'),
(718, 59, '9.5'),
(718, 60, '32'),
(718, 61, '4'),
(718, 62, '1'),
(718, 63, 'Quick Step'),
(718, 64, 'Россия'),
(718, 65, 'под дерево'),
(718, 66, 'гостиная, коридор, офис, спальная'),
(718, 67, 'замковое'),
(718, 68, '7'),
(718, 69, '1.507'),
(718, 70, '13.5'),
(719, 57, '2400'),
(719, 59, '12'),
(719, 63, 'Quick Step'),
(719, 64, 'Россия'),
(719, 72, '58'),
(720, 57, '1380'),
(720, 58, '156'),
(720, 59, '9.5'),
(720, 60, '32'),
(720, 61, '4'),
(720, 62, '1'),
(720, 63, 'Quick Step'),
(720, 64, 'Россия'),
(720, 65, 'под дерево'),
(720, 66, 'гостиная, коридор, офис, спальная'),
(720, 67, 'замковое'),
(720, 68, '7'),
(720, 69, '1.507'),
(720, 70, '13.5'),
(721, 57, '2400'),
(721, 59, '12'),
(721, 63, 'Quick Step'),
(721, 64, 'Россия'),
(721, 72, '58'),
(722, 57, '1380'),
(722, 58, '156'),
(722, 59, '9.5'),
(722, 60, '32'),
(722, 61, '4'),
(722, 62, '1'),
(722, 63, 'Quick Step'),
(722, 64, 'Россия'),
(722, 65, 'под дерево'),
(722, 66, 'гостиная, коридор, офис, спальная'),
(722, 67, 'замковое'),
(722, 68, '7'),
(722, 69, '1.507'),
(722, 70, '13.5'),
(723, 57, '1380'),
(723, 58, '156'),
(723, 59, '9.5'),
(723, 60, '32'),
(723, 61, '4'),
(723, 62, '1'),
(723, 63, 'Quick Step'),
(723, 64, 'Россия'),
(723, 65, 'под дерево'),
(723, 66, 'гостиная, коридор, офис, спальная'),
(723, 67, 'замковое'),
(723, 68, '7'),
(723, 69, '1.507'),
(723, 70, '13.5'),
(724, 57, '1380'),
(724, 58, '156'),
(724, 59, '9.5'),
(724, 60, '32'),
(724, 61, '4'),
(724, 62, '1'),
(724, 63, 'Quick Step'),
(724, 64, 'Россия'),
(724, 65, 'под дерево'),
(724, 66, 'гостиная, коридор, офис, спальная'),
(724, 67, 'замковое'),
(724, 68, '7'),
(724, 69, '1.507'),
(724, 70, '13.5'),
(725, 57, '2400'),
(725, 59, '12'),
(725, 63, 'Quick Step'),
(725, 64, 'Россия'),
(725, 72, '58'),
(726, 57, '1380'),
(726, 58, '156'),
(726, 59, '9.5'),
(726, 60, '32'),
(726, 61, '4'),
(726, 62, '1'),
(726, 63, 'Quick Step'),
(726, 64, 'Россия'),
(726, 65, 'под дерево'),
(726, 66, 'гостиная, коридор, офис, спальная'),
(726, 67, 'замковое'),
(726, 68, '7'),
(726, 69, '1.507'),
(726, 70, '13.5'),
(727, 57, '1380'),
(727, 58, '156'),
(727, 59, '9.5'),
(727, 60, '32'),
(727, 61, '4'),
(727, 62, '1'),
(727, 63, 'Quick Step'),
(727, 64, 'Россия'),
(727, 65, 'под дерево'),
(727, 66, 'гостиная, коридор, офис, спальная'),
(727, 67, 'замковое'),
(727, 68, '7'),
(727, 69, '1.507'),
(727, 70, '13.5'),
(728, 57, '2400'),
(728, 59, '12'),
(728, 63, 'Quick Step'),
(728, 64, 'Россия'),
(728, 72, '58'),
(729, 57, '1380'),
(729, 58, '156'),
(729, 59, '9.5'),
(729, 60, '32'),
(729, 61, '4'),
(729, 62, '1'),
(729, 63, 'Quick Step'),
(729, 64, 'Россия'),
(729, 65, 'под дерево'),
(729, 66, 'гостиная, коридор, офис, спальная'),
(729, 67, 'замковое'),
(729, 68, '7'),
(729, 69, '1.507'),
(729, 70, '13.5'),
(730, 57, '1380'),
(730, 58, '156'),
(730, 59, '9.5'),
(730, 60, '32'),
(730, 61, '4'),
(730, 62, '1'),
(730, 63, 'Quick Step'),
(730, 64, 'Россия'),
(730, 65, 'под дерево'),
(730, 66, 'гостиная, коридор, офис, спальная'),
(730, 67, 'замковое'),
(730, 68, '7'),
(730, 69, '1.507'),
(730, 70, '13.5'),
(731, 57, '2400'),
(731, 59, '12'),
(731, 63, 'Quick Step'),
(731, 64, 'Россия'),
(731, 72, '58'),
(732, 57, '1380'),
(732, 58, '156'),
(732, 59, '9.5'),
(732, 60, '32'),
(732, 61, '4'),
(732, 62, '1'),
(732, 63, 'Quick Step'),
(732, 64, 'Россия'),
(732, 65, 'под дерево'),
(732, 66, 'гостиная, коридор, офис, спальная'),
(732, 67, 'замковое'),
(732, 68, '7'),
(732, 69, '1.507'),
(732, 70, '13.5'),
(733, 57, '1380'),
(733, 58, '156'),
(733, 59, '9.5'),
(733, 60, '32'),
(733, 61, '4'),
(733, 62, '1'),
(733, 63, 'Quick Step'),
(733, 64, 'Россия'),
(733, 65, 'под дерево'),
(733, 66, 'гостиная, коридор, офис, спальная'),
(733, 67, 'замковое'),
(733, 68, '7'),
(733, 69, '1.507'),
(733, 70, '13.5'),
(734, 57, '1380'),
(734, 58, '156'),
(734, 59, '9.5'),
(734, 60, '32'),
(734, 61, '4'),
(734, 62, '1'),
(734, 63, 'Quick Step'),
(734, 64, 'Россия'),
(734, 65, 'под дерево'),
(734, 66, 'гостиная, коридор, офис, спальная'),
(734, 67, 'замковое'),
(734, 68, '7'),
(734, 69, '1.507'),
(734, 70, '13.5'),
(737, 57, '1300'),
(737, 58, '320'),
(737, 59, '4.5'),
(737, 60, '32');
INSERT INTO `product_characteristics` (`product_id`, `characteristic_id`, `value`) VALUES
(737, 61, '4'),
(737, 63, 'Quick Step'),
(737, 64, 'Бельгия'),
(737, 65, 'под плитку/камень'),
(737, 66, 'ванная комната, гостиная, коридор, кухня, спальная'),
(737, 67, 'замковое'),
(737, 68, '5'),
(737, 69, '2.08'),
(737, 70, '16'),
(737, 71, 'Да'),
(738, 57, '2000'),
(738, 59, '12'),
(738, 72, '48'),
(739, 57, '1300'),
(739, 58, '320'),
(739, 59, '4.5'),
(739, 60, '32'),
(739, 61, '4'),
(739, 63, 'Quick Step'),
(739, 64, 'Бельгия'),
(739, 65, 'под плитку/камень'),
(739, 66, 'ванная комната, гостиная, коридор, кухня, спальная'),
(739, 67, 'замковое'),
(739, 68, '5'),
(739, 69, '2.08'),
(739, 70, '16'),
(739, 71, 'Да'),
(740, 57, '2000'),
(740, 59, '12'),
(740, 72, '48'),
(741, 57, '1300'),
(741, 58, '320'),
(741, 59, '4.5'),
(741, 60, '32'),
(741, 61, '4'),
(741, 63, 'Quick Step'),
(741, 64, 'Бельгия'),
(741, 65, 'под плитку/камень'),
(741, 66, 'ванная комната, гостиная, коридор, кухня, спальная'),
(741, 67, 'замковое'),
(741, 68, '5'),
(741, 69, '2.08'),
(741, 70, '16'),
(741, 71, 'Да'),
(742, 57, '2000'),
(742, 59, '12'),
(742, 72, '48'),
(743, 57, '1300'),
(743, 58, '320'),
(743, 59, '4.5'),
(743, 60, '32'),
(743, 61, '4'),
(743, 63, 'Quick Step'),
(743, 64, 'Бельгия'),
(743, 65, 'под плитку/камень'),
(743, 66, 'ванная комната, гостиная, коридор, кухня, спальная'),
(743, 67, 'замковое'),
(743, 68, '5'),
(743, 69, '2.08'),
(743, 70, '16'),
(743, 71, 'Да'),
(744, 57, '2000'),
(744, 59, '12'),
(744, 72, '48'),
(745, 57, '1300'),
(745, 58, '320'),
(745, 59, '4.5'),
(745, 60, '32'),
(745, 61, '4'),
(745, 63, 'Quick Step'),
(745, 64, 'Бельгия'),
(745, 65, 'под плитку/камень'),
(745, 66, 'ванная комната, гостиная, коридор, кухня, спальная'),
(745, 67, 'замковое'),
(745, 68, '5'),
(745, 69, '2.08'),
(745, 70, '16'),
(745, 71, 'Да'),
(746, 57, '2000'),
(746, 59, '12'),
(746, 72, '48'),
(747, 57, '1300'),
(747, 58, '320'),
(747, 59, '4.5'),
(747, 60, '32'),
(747, 61, '4'),
(747, 63, 'Quick Step'),
(747, 64, 'Бельгия'),
(747, 65, 'под плитку/камень'),
(747, 66, 'ванная комната, гостиная, коридор, кухня, спальная'),
(747, 67, 'замковое'),
(747, 68, '5'),
(747, 69, '2.08'),
(747, 70, '16'),
(747, 71, 'Да'),
(748, 57, '2000'),
(748, 59, '12'),
(748, 72, '48'),
(749, 57, '1300'),
(749, 58, '320'),
(749, 59, '4.5'),
(749, 60, '32'),
(749, 61, '4'),
(749, 63, 'Quick Step'),
(749, 64, 'Бельгия'),
(749, 65, 'под плитку/камень'),
(749, 66, 'ванная комната, гостиная, коридор, кухня, спальная'),
(749, 67, 'замковое'),
(749, 68, '5'),
(749, 69, '2.08'),
(749, 70, '16'),
(749, 71, 'Да'),
(750, 57, '2000'),
(750, 59, '12'),
(750, 72, '48'),
(751, 57, '1305'),
(751, 58, '327'),
(751, 59, '2.5'),
(751, 60, '33'),
(751, 61, '4'),
(751, 63, 'Quick Step'),
(751, 64, 'Бельгия'),
(751, 65, 'под плитку/камень'),
(751, 66, 'ванная комната, гостиная, коридор, кухня, спальная'),
(751, 67, 'замковое'),
(751, 68, '9'),
(751, 69, '3.841'),
(751, 71, 'Да'),
(751, 103, 'Клей'),
(752, 57, '1305'),
(752, 58, '327'),
(752, 59, '2.5'),
(752, 60, '33'),
(752, 61, '4'),
(752, 63, 'Quick Step'),
(752, 64, 'Бельгия'),
(752, 65, 'под плитку/камень'),
(752, 66, 'ванная комната, гостиная, коридор, кухня, спальная'),
(752, 67, 'замковое'),
(752, 68, '9'),
(752, 69, '3.841'),
(752, 71, 'Да'),
(752, 103, 'Клей'),
(753, 57, '1305'),
(753, 58, '327'),
(753, 59, '2.5'),
(753, 60, '33'),
(753, 61, '4'),
(753, 63, 'Quick Step'),
(753, 64, 'Бельгия'),
(753, 65, 'под плитку/камень'),
(753, 66, 'ванная комната, гостиная, коридор, кухня, спальная'),
(753, 67, 'замковое'),
(753, 68, '9'),
(753, 69, '3.841'),
(753, 71, 'Да'),
(753, 103, 'Клей'),
(754, 57, '1305'),
(754, 58, '327'),
(754, 59, '2.5'),
(754, 60, '33'),
(754, 61, '4'),
(754, 63, 'Quick Step'),
(754, 64, 'Бельгия'),
(754, 65, 'под плитку/камень'),
(754, 66, 'ванная комната, гостиная, коридор, кухня, спальная'),
(754, 67, 'замковое'),
(754, 68, '9'),
(754, 69, '3.841'),
(754, 71, 'Да'),
(754, 103, 'Клей'),
(755, 57, '1305'),
(755, 58, '327'),
(755, 59, '2.5'),
(755, 60, '33'),
(755, 61, '4'),
(755, 63, 'Quick Step'),
(755, 64, 'Бельгия'),
(755, 65, 'под плитку/камень'),
(755, 66, 'ванная комната, гостиная, коридор, кухня, спальная'),
(755, 67, 'замковое'),
(755, 68, '9'),
(755, 69, '3.841'),
(755, 71, 'Да'),
(755, 103, 'Клей'),
(756, 57, '1305'),
(756, 58, '327'),
(756, 59, '2.5'),
(756, 60, '33'),
(756, 61, '4'),
(756, 63, 'Quick Step'),
(756, 64, 'Бельгия'),
(756, 65, 'под плитку/камень'),
(756, 66, 'ванная комната, гостиная, коридор, кухня, спальная'),
(756, 67, 'замковое'),
(756, 68, '9'),
(756, 69, '3.841'),
(756, 71, 'Да'),
(756, 103, 'Клей'),
(757, 57, '1305'),
(757, 58, '327'),
(757, 59, '2.5'),
(757, 60, '33'),
(757, 61, '4'),
(757, 63, 'Quick Step'),
(757, 64, 'Бельгия'),
(757, 65, 'под плитку/камень'),
(757, 66, 'ванная комната, гостиная, коридор, кухня, спальная'),
(757, 67, 'замковое'),
(757, 68, '9'),
(757, 69, '3.841'),
(757, 71, 'Да'),
(757, 103, 'Клей'),
(758, 57, '610'),
(758, 58, '303'),
(758, 59, '5'),
(758, 60, '32'),
(758, 61, '4'),
(758, 63, 'Quick Step'),
(758, 64, 'Бельгия'),
(758, 65, 'под плитку/камень'),
(758, 66, 'ванная комната, гостиная, коридор, кухня, офис'),
(758, 67, 'замковое'),
(758, 68, '10'),
(758, 69, '1.847'),
(758, 71, 'Да'),
(759, 57, '610'),
(759, 58, '303'),
(759, 59, '5'),
(759, 60, '32'),
(759, 61, '4'),
(759, 63, 'Quick Step'),
(759, 64, 'Бельгия'),
(759, 65, 'под плитку/камень'),
(759, 66, 'ванная комната, гостиная, коридор, кухня, офис'),
(759, 67, 'замковое'),
(759, 68, '10'),
(759, 69, '1.847'),
(759, 71, 'Да'),
(760, 57, '610'),
(760, 58, '303'),
(760, 59, '5'),
(760, 60, '32'),
(760, 61, '4'),
(760, 63, 'Quick Step'),
(760, 64, 'Бельгия'),
(760, 65, 'под плитку/камень'),
(760, 66, 'ванная комната, гостиная, коридор, кухня, офис'),
(760, 67, 'замковое'),
(760, 68, '10'),
(760, 69, '1.847'),
(760, 71, 'Да'),
(761, 57, '610'),
(761, 58, '303'),
(761, 59, '5'),
(761, 60, '32'),
(761, 61, '4'),
(761, 63, 'Quick Step'),
(761, 64, 'Бельгия'),
(761, 65, 'под плитку/камень'),
(761, 66, 'ванная комната, гостиная, коридор, кухня, офис'),
(761, 67, 'замковое'),
(761, 68, '10'),
(761, 69, '1.847'),
(761, 71, 'Да'),
(762, 57, '1251'),
(762, 58, '187'),
(762, 59, '4.5'),
(762, 60, '32'),
(762, 61, '4'),
(762, 62, '1'),
(762, 63, 'Quick Step'),
(762, 64, 'Бельгия'),
(762, 65, 'под дерево'),
(762, 66, 'ванная комната, гостиная, коридор, офис, спальная'),
(762, 67, 'замковое'),
(762, 68, '9'),
(762, 69, '2.105'),
(762, 71, 'Да'),
(763, 57, '2000'),
(763, 59, '12'),
(763, 72, '48'),
(764, 57, '1251'),
(764, 58, '187'),
(764, 59, '4.5'),
(764, 60, '32'),
(764, 61, '4'),
(764, 62, '1'),
(764, 63, 'Quick Step'),
(764, 64, 'Бельгия'),
(764, 65, 'под дерево'),
(764, 66, 'ванная комната, гостиная, коридор, офис, спальная'),
(764, 67, 'замковое'),
(764, 68, '9'),
(764, 69, '2.105'),
(764, 71, 'Да'),
(765, 57, '2000'),
(765, 59, '12'),
(765, 72, '48'),
(766, 57, '1251'),
(766, 58, '187'),
(766, 59, '4.5'),
(766, 60, '32'),
(766, 61, '4'),
(766, 62, '1'),
(766, 63, 'Quick Step'),
(766, 64, 'Бельгия'),
(766, 65, 'под дерево'),
(766, 66, 'ванная комната, гостиная, коридор, офис, спальная'),
(766, 67, 'замковое'),
(766, 68, '9'),
(766, 69, '2.105'),
(766, 71, 'Да'),
(767, 57, '2000'),
(767, 59, '12'),
(767, 72, '48'),
(768, 57, '1251'),
(768, 58, '187'),
(768, 59, '4.5'),
(768, 60, '32'),
(768, 61, '4'),
(768, 62, '1'),
(768, 63, 'Quick Step'),
(768, 64, 'Бельгия'),
(768, 65, 'под дерево'),
(768, 66, 'ванная комната, гостиная, коридор, офис, спальная'),
(768, 67, 'замковое'),
(768, 68, '9'),
(768, 69, '2.105'),
(768, 71, 'Да'),
(769, 57, '2000'),
(769, 59, '12'),
(769, 72, '48'),
(771, 57, '1251'),
(771, 58, '187'),
(771, 59, '4.5'),
(771, 60, '32'),
(771, 61, '4'),
(771, 62, '1'),
(771, 63, 'Quick Step'),
(771, 64, 'Бельгия'),
(771, 65, 'под дерево'),
(771, 66, 'ванная комната, гостиная, коридор, офис, спальная'),
(771, 67, 'замковое'),
(771, 68, '9'),
(771, 69, '2.105'),
(771, 71, 'Да'),
(772, 57, '2000'),
(772, 59, '12'),
(772, 72, '48'),
(773, 57, '1251'),
(773, 58, '187'),
(773, 59, '4.5'),
(773, 60, '32'),
(773, 61, '4'),
(773, 62, '1'),
(773, 63, 'Quick Step'),
(773, 64, 'Бельгия'),
(773, 65, 'под дерево'),
(773, 66, 'ванная комната, гостиная, коридор, офис, спальная'),
(773, 67, 'замковое'),
(773, 68, '9'),
(773, 69, '2.105'),
(773, 71, 'Да'),
(774, 57, '2000'),
(774, 59, '12'),
(774, 72, '48'),
(775, 57, '1251'),
(775, 58, '187'),
(775, 59, '4.5'),
(775, 60, '32'),
(775, 61, '4'),
(775, 62, '1'),
(775, 63, 'Quick Step'),
(775, 64, 'Бельгия'),
(775, 65, 'под дерево'),
(775, 66, 'ванная комната, гостиная, коридор, офис, спальная'),
(775, 67, 'замковое'),
(775, 68, '9'),
(775, 69, '2.105'),
(775, 71, 'Да'),
(776, 57, '2000'),
(776, 59, '12'),
(776, 72, '48'),
(777, 57, '1251'),
(777, 58, '187'),
(777, 59, '4.5'),
(777, 60, '32'),
(777, 61, '4'),
(777, 62, '1'),
(777, 63, 'Quick Step'),
(777, 64, 'Бельгия'),
(777, 65, 'под дерево'),
(777, 66, 'ванная комната, гостиная, коридор, офис, спальная'),
(777, 67, 'замковое'),
(777, 68, '9'),
(777, 69, '2.105'),
(777, 71, 'Да'),
(778, 57, '2000'),
(778, 59, '12'),
(778, 72, '48'),
(779, 57, '1251'),
(779, 58, '187'),
(779, 59, '4.5'),
(779, 60, '32'),
(779, 61, '4'),
(779, 62, '1'),
(779, 63, 'Quick Step'),
(779, 64, 'Бельгия'),
(779, 65, 'под дерево'),
(779, 66, 'ванная комната, гостиная, коридор, офис, спальная'),
(779, 67, 'замковое'),
(779, 68, '9'),
(779, 69, '2.105'),
(779, 71, 'Да'),
(780, 57, '2000'),
(780, 59, '12'),
(780, 72, '48'),
(781, 57, '1251'),
(781, 58, '187'),
(781, 59, '4.5'),
(781, 60, '32'),
(781, 61, '4'),
(781, 62, '1'),
(781, 63, 'Quick Step'),
(781, 64, 'Бельгия'),
(781, 65, 'под дерево'),
(781, 66, 'ванная комната, гостиная, коридор, офис, спальная'),
(781, 67, 'замковое'),
(781, 68, '9'),
(781, 69, '2.105'),
(781, 71, 'Да'),
(782, 57, '2000'),
(782, 59, '12'),
(782, 72, '48'),
(783, 57, '1251'),
(783, 58, '187'),
(783, 59, '4.5'),
(783, 60, '32'),
(783, 61, '4'),
(783, 62, '1'),
(783, 63, 'Quick Step'),
(783, 64, 'Бельгия'),
(783, 65, 'под дерево'),
(783, 66, 'ванная комната, гостиная, коридор, офис, спальная'),
(783, 67, 'замковое'),
(783, 68, '9'),
(783, 69, '2.105'),
(783, 71, 'Да'),
(784, 57, '2000'),
(784, 59, '12'),
(784, 72, '48'),
(785, 57, '1251'),
(785, 58, '187'),
(785, 59, '4.5'),
(785, 60, '32'),
(785, 61, '4'),
(785, 62, '1'),
(785, 63, 'Quick Step'),
(785, 64, 'Бельгия'),
(785, 65, 'под дерево'),
(785, 66, 'ванная комната, гостиная, коридор, офис, спальная'),
(785, 67, 'замковое'),
(785, 68, '9'),
(785, 69, '2.105'),
(785, 71, 'Да'),
(786, 57, '2000'),
(786, 59, '12'),
(786, 72, '48'),
(787, 57, '1251'),
(787, 58, '187'),
(787, 59, '4.5'),
(787, 60, '32'),
(787, 61, '4'),
(787, 62, '1'),
(787, 63, 'Quick Step'),
(787, 64, 'Бельгия'),
(787, 65, 'под дерево'),
(787, 66, 'ванная комната, гостиная, коридор, офис, спальная'),
(787, 67, 'замковое'),
(787, 68, '9'),
(787, 69, '2.105'),
(787, 71, 'Да'),
(788, 57, '2000'),
(788, 59, '12'),
(788, 72, '48'),
(789, 57, '1251'),
(789, 58, '187'),
(789, 59, '4.5'),
(789, 60, '32'),
(789, 61, '4'),
(789, 62, '1'),
(789, 63, 'Quick Step'),
(789, 64, 'Бельгия'),
(789, 65, 'под дерево'),
(789, 66, 'ванная комната, гостиная, коридор, офис, спальная'),
(789, 67, 'замковое'),
(789, 68, '9'),
(789, 69, '2.105'),
(789, 71, 'Да'),
(790, 57, '2000'),
(790, 59, '12'),
(790, 72, '48'),
(800, 57, '1251'),
(800, 58, '187'),
(800, 59, '4.5'),
(800, 60, '32'),
(800, 61, '4'),
(800, 62, '1'),
(800, 63, 'Quick Step'),
(800, 64, 'Бельгия'),
(800, 65, 'под дерево'),
(800, 66, 'ванная комната, гостиная, коридор, офис, спальная'),
(800, 67, 'замковое'),
(800, 68, '9'),
(800, 69, '2.105'),
(800, 71, 'Да'),
(801, 57, '2000'),
(801, 59, '12'),
(801, 72, '48'),
(802, 57, '1251'),
(802, 58, '187'),
(802, 59, '4.5'),
(802, 60, '33'),
(802, 61, '4'),
(802, 62, '1'),
(802, 63, 'Quick Step'),
(802, 64, 'Бельгия'),
(802, 65, 'под дерево'),
(802, 66, 'ванная комната, гостиная, коридор, офис, спальная'),
(802, 67, 'замковое'),
(802, 68, '9'),
(802, 69, '2.105'),
(802, 71, 'Да'),
(803, 57, '1251'),
(803, 58, '187'),
(803, 59, '4.5'),
(803, 60, '33'),
(803, 61, '4'),
(803, 62, '1'),
(803, 63, 'Quick Step'),
(803, 64, 'Бельгия'),
(803, 65, 'под дерево'),
(803, 66, 'ванная комната, гостиная, коридор, офис, спальная'),
(803, 67, 'замковое'),
(803, 68, '9'),
(803, 69, '2.105'),
(803, 71, 'Да'),
(804, 57, '1251'),
(804, 58, '187'),
(804, 59, '4.5'),
(804, 60, '33'),
(804, 61, '4'),
(804, 62, '1'),
(804, 63, 'Quick Step'),
(804, 64, 'Бельгия'),
(804, 65, 'под дерево'),
(804, 66, 'ванная комната, гостиная, коридор, офис, спальная'),
(804, 67, 'замковое'),
(804, 68, '9'),
(804, 69, '2.105'),
(804, 71, 'Да'),
(805, 57, '1251'),
(805, 58, '187'),
(805, 59, '4.5'),
(805, 60, '33'),
(805, 61, '4'),
(805, 62, '1'),
(805, 63, 'Quick Step'),
(805, 64, 'Бельгия'),
(805, 65, 'под дерево'),
(805, 66, 'ванная комната, гостиная, коридор, офис, спальная'),
(805, 67, 'замковое'),
(805, 68, '9'),
(805, 69, '2.105'),
(805, 71, 'Да'),
(806, 57, '1251'),
(806, 58, '187'),
(806, 59, '4.5'),
(806, 60, '33'),
(806, 61, '4'),
(806, 62, '1'),
(806, 63, 'Quick Step'),
(806, 64, 'Бельгия'),
(806, 65, 'под дерево'),
(806, 66, 'ванная комната, гостиная, коридор, офис, спальная'),
(806, 67, 'замковое'),
(806, 68, '9'),
(806, 69, '2.105'),
(806, 71, 'Да'),
(807, 57, '1251'),
(807, 58, '187'),
(807, 59, '4.5'),
(807, 60, '33'),
(807, 61, '4'),
(807, 62, '1'),
(807, 63, 'Quick Step'),
(807, 64, 'Бельгия'),
(807, 65, 'под дерево'),
(807, 66, 'ванная комната, гостиная, коридор, офис, спальная'),
(807, 67, 'замковое'),
(807, 68, '9'),
(807, 69, '2.105'),
(807, 71, 'Да'),
(808, 57, '1251'),
(808, 58, '187'),
(808, 59, '4.5'),
(808, 60, '33'),
(808, 61, '4'),
(808, 62, '1'),
(808, 63, 'Quick Step'),
(808, 64, 'Бельгия'),
(808, 65, 'под дерево'),
(808, 66, 'ванная комната, гостиная, коридор, офис, спальная'),
(808, 67, 'замковое'),
(808, 68, '9'),
(808, 69, '2.105'),
(808, 71, 'Да'),
(809, 57, '1251'),
(809, 58, '187'),
(809, 59, '4.5'),
(809, 60, '33'),
(809, 61, '4'),
(809, 62, '1'),
(809, 63, 'Quick Step'),
(809, 64, 'Бельгия'),
(809, 65, 'под дерево'),
(809, 66, 'ванная комната, гостиная, коридор, офис, спальная'),
(809, 67, 'замковое'),
(809, 68, '9'),
(809, 69, '2.105'),
(809, 71, 'Да'),
(810, 57, '1256'),
(810, 58, '194'),
(810, 59, '2.5'),
(810, 60, '33'),
(810, 61, '4'),
(810, 62, '1'),
(810, 63, 'Quick Step'),
(810, 64, 'Бельгия'),
(810, 65, 'под дерево'),
(810, 66, 'ванная комната, гостиная, коридор, офис, спальная'),
(810, 67, 'замковое'),
(810, 68, '15'),
(810, 69, '3.655'),
(810, 71, 'Да'),
(810, 103, 'Клей'),
(811, 57, '1256'),
(811, 58, '194'),
(811, 59, '2.5'),
(811, 60, '33'),
(811, 61, '4'),
(811, 62, '1'),
(811, 63, 'Quick Step'),
(811, 64, 'Бельгия'),
(811, 65, 'под дерево'),
(811, 66, 'ванная комната, гостиная, коридор, офис, спальная'),
(811, 67, 'замковое'),
(811, 68, '15'),
(811, 69, '3.655'),
(811, 71, 'Да'),
(811, 103, 'Клей'),
(812, 57, '2000'),
(812, 59, '12'),
(812, 72, '48'),
(813, 57, '1256'),
(813, 58, '194'),
(813, 59, '2.5'),
(813, 60, '33'),
(813, 61, '4'),
(813, 62, '1'),
(813, 63, 'Quick Step'),
(813, 64, 'Бельгия'),
(813, 65, 'под дерево'),
(813, 66, 'ванная комната, гостиная, коридор, офис, спальная'),
(813, 67, 'замковое'),
(813, 68, '15'),
(813, 69, '3.655'),
(813, 71, 'Да'),
(813, 103, 'Клей'),
(814, 57, '2000'),
(814, 59, '12'),
(814, 72, '48'),
(815, 57, '1256'),
(815, 58, '194'),
(815, 59, '2.5'),
(815, 60, '33'),
(815, 61, '4'),
(815, 62, '1'),
(815, 63, 'Quick Step'),
(815, 64, 'Бельгия'),
(815, 65, 'под дерево'),
(815, 66, 'ванная комната, гостиная, коридор, офис, спальная'),
(815, 67, 'замковое'),
(815, 68, '15'),
(815, 69, '3.655'),
(815, 71, 'Да'),
(815, 103, 'Клей'),
(816, 57, '2000'),
(816, 59, '12'),
(816, 72, '48'),
(817, 57, '1256'),
(817, 58, '194'),
(817, 59, '2.5'),
(817, 60, '33'),
(817, 61, '4'),
(817, 62, '1'),
(817, 63, 'Quick Step'),
(817, 64, 'Бельгия'),
(817, 65, 'под дерево'),
(817, 66, 'ванная комната, гостиная, коридор, офис, спальная'),
(817, 67, 'замковое'),
(817, 68, '15'),
(817, 69, '3.655'),
(817, 71, 'Да'),
(817, 103, 'Клей'),
(818, 57, '2000'),
(818, 59, '12'),
(818, 72, '48'),
(819, 57, '1256'),
(819, 58, '194'),
(819, 59, '2.5'),
(819, 60, '33'),
(819, 61, '4'),
(819, 62, '1'),
(819, 63, 'Quick Step'),
(819, 64, 'Бельгия'),
(819, 65, 'под дерево'),
(819, 66, 'ванная комната, гостиная, коридор, офис, спальная'),
(819, 67, 'замковое'),
(819, 68, '15'),
(819, 69, '3.655'),
(819, 71, 'Да'),
(819, 103, 'Клей'),
(820, 57, '2000'),
(820, 59, '12'),
(820, 72, '48'),
(821, 57, '1256'),
(821, 58, '194'),
(821, 59, '2.5'),
(821, 60, '33'),
(821, 61, '4'),
(821, 62, '1'),
(821, 63, 'Quick Step'),
(821, 64, 'Бельгия'),
(821, 65, 'под дерево'),
(821, 66, 'ванная комната, гостиная, коридор, офис, спальная'),
(821, 67, 'замковое'),
(821, 68, '15'),
(821, 69, '3.655'),
(821, 71, 'Да'),
(821, 103, 'Клей'),
(822, 57, '2000'),
(822, 59, '12'),
(822, 72, '48'),
(823, 57, '1256'),
(823, 58, '194'),
(823, 59, '2.5'),
(823, 60, '33'),
(823, 61, '4'),
(823, 62, '1'),
(823, 63, 'Quick Step'),
(823, 64, 'Бельгия'),
(823, 65, 'под дерево'),
(823, 66, 'ванная комната, гостиная, коридор, офис, спальная'),
(823, 67, 'замковое'),
(823, 68, '15'),
(823, 69, '3.655'),
(823, 71, 'Да'),
(823, 103, 'Клей'),
(824, 57, '2000'),
(824, 59, '12'),
(824, 72, '48'),
(825, 57, '1256'),
(825, 58, '194'),
(825, 59, '2.5'),
(825, 60, '33'),
(825, 61, '4'),
(825, 62, '1'),
(825, 63, 'Quick Step'),
(825, 64, 'Бельгия'),
(825, 65, 'под дерево'),
(825, 66, 'ванная комната, гостиная, коридор, офис, спальная'),
(825, 67, 'замковое'),
(825, 68, '15'),
(825, 69, '3.655'),
(825, 71, 'Да'),
(825, 103, 'Клей'),
(826, 57, '2000'),
(826, 59, '12'),
(826, 72, '48'),
(827, 57, '1251'),
(827, 58, '189'),
(827, 59, '5'),
(827, 60, '32'),
(827, 61, '4'),
(827, 63, 'Quick Step'),
(827, 64, 'Бельгия'),
(827, 65, 'под дерево'),
(827, 66, 'ванная комната, гостиная, коридор, кухня, офис'),
(827, 67, 'замковое'),
(827, 68, '9'),
(827, 69, '2.128'),
(827, 71, 'Да'),
(828, 57, '1251'),
(828, 58, '189'),
(828, 59, '5'),
(828, 60, '32'),
(828, 61, '4'),
(828, 63, 'Quick Step'),
(828, 64, 'Бельгия'),
(828, 65, 'под дерево'),
(828, 66, 'ванная комната, гостиная, коридор, кухня, офис'),
(828, 67, 'замковое'),
(828, 68, '9'),
(828, 69, '2.128'),
(828, 71, 'Да'),
(829, 57, '1251'),
(829, 58, '189'),
(829, 59, '5'),
(829, 60, '32'),
(829, 61, '4'),
(829, 63, 'Quick Step'),
(829, 64, 'Бельгия'),
(829, 65, 'под дерево'),
(829, 66, 'ванная комната, гостиная, коридор, кухня, офис'),
(829, 67, 'замковое'),
(829, 68, '9'),
(829, 69, '2.128'),
(829, 71, 'Да'),
(830, 57, '1251'),
(830, 58, '189'),
(830, 59, '5'),
(830, 60, '32'),
(830, 61, '4'),
(830, 63, 'Quick Step'),
(830, 64, 'Бельгия'),
(830, 65, 'под дерево'),
(830, 66, 'ванная комната, гостиная, коридор, кухня, офис'),
(830, 67, 'замковое'),
(830, 68, '9'),
(830, 69, '2.128'),
(830, 71, 'Да'),
(831, 57, '1251'),
(831, 58, '189'),
(831, 59, '5'),
(831, 60, '32'),
(831, 61, '4'),
(831, 63, 'Quick Step'),
(831, 64, 'Бельгия'),
(831, 65, 'под дерево'),
(831, 66, 'ванная комната, гостиная, коридор, кухня, офис'),
(831, 67, 'замковое'),
(831, 68, '9'),
(831, 69, '2.128'),
(831, 71, 'Да'),
(832, 57, '1251'),
(832, 58, '189'),
(832, 59, '5'),
(832, 60, '32'),
(832, 61, '4'),
(832, 63, 'Quick Step'),
(832, 64, 'Бельгия'),
(832, 65, 'под дерево'),
(832, 66, 'ванная комната, гостиная, коридор, кухня, офис'),
(832, 67, 'замковое'),
(832, 68, '9'),
(832, 69, '2.128'),
(832, 71, 'Да'),
(833, 57, '1251'),
(833, 58, '189'),
(833, 59, '5'),
(833, 60, '32'),
(833, 61, '4'),
(833, 63, 'Quick Step'),
(833, 64, 'Бельгия'),
(833, 65, 'под дерево'),
(833, 66, 'ванная комната, гостиная, коридор, кухня, офис'),
(833, 67, 'замковое'),
(833, 68, '9'),
(833, 69, '2.128'),
(833, 71, 'Да'),
(834, 57, '1251'),
(834, 58, '189'),
(834, 59, '5'),
(834, 60, '32'),
(834, 61, '4'),
(834, 63, 'Quick Step'),
(834, 64, 'Бельгия'),
(834, 65, 'под дерево'),
(834, 66, 'ванная комната, гостиная, коридор, кухня, офис'),
(834, 67, 'замковое'),
(834, 68, '9'),
(834, 69, '2.128'),
(834, 71, 'Да'),
(835, 57, '1251'),
(835, 58, '189'),
(835, 59, '5'),
(835, 60, '32'),
(835, 61, '4'),
(835, 63, 'Quick Step'),
(835, 64, 'Бельгия'),
(835, 65, 'под дерево'),
(835, 66, 'ванная комната, гостиная, коридор, кухня, офис'),
(835, 67, 'замковое'),
(835, 68, '9'),
(835, 69, '2.128'),
(835, 71, 'Да'),
(836, 57, '1251'),
(836, 58, '189'),
(836, 59, '5'),
(836, 60, '32'),
(836, 61, '4'),
(836, 63, 'Quick Step'),
(836, 64, 'Бельгия'),
(836, 65, 'под дерево'),
(836, 66, 'ванная комната, гостиная, коридор, кухня, офис'),
(836, 67, 'замковое'),
(836, 68, '9'),
(836, 69, '2.128'),
(836, 71, 'Да'),
(837, 57, '1251'),
(837, 58, '189'),
(837, 59, '5'),
(837, 60, '32'),
(837, 61, '4'),
(837, 63, 'Quick Step'),
(837, 64, 'Бельгия'),
(837, 65, 'под дерево'),
(837, 66, 'ванная комната, гостиная, коридор, кухня, офис'),
(837, 67, 'замковое'),
(837, 68, '9'),
(837, 69, '2.128'),
(837, 71, 'Да'),
(838, 57, '1251'),
(838, 58, '189'),
(838, 59, '5'),
(838, 60, '32'),
(838, 61, '4'),
(838, 63, 'Quick Step'),
(838, 64, 'Бельгия'),
(838, 65, 'под дерево'),
(838, 66, 'ванная комната, гостиная, коридор, кухня, офис'),
(838, 67, 'замковое'),
(838, 68, '9'),
(838, 69, '2.128'),
(838, 71, 'Да'),
(839, 57, '1510'),
(839, 58, '210'),
(839, 59, '4.5'),
(839, 60, '32'),
(839, 61, '4'),
(839, 62, '1'),
(839, 63, 'Quick Step'),
(839, 64, 'Бельгия'),
(839, 65, 'под дерево'),
(839, 66, 'ванная комната, гостиная, коридор, кухня, офис'),
(839, 67, 'замковое'),
(839, 68, '7'),
(839, 69, '2.22'),
(839, 71, 'Да'),
(840, 57, '2000'),
(840, 59, '12'),
(840, 72, '55'),
(841, 57, '1510'),
(841, 58, '210'),
(841, 59, '4.5'),
(841, 60, '32'),
(841, 61, '4'),
(841, 62, '1'),
(841, 63, 'Quick Step'),
(841, 64, 'Бельгия'),
(841, 65, 'под дерево'),
(841, 66, 'ванная комната, гостиная, коридор, кухня, офис'),
(841, 67, 'замковое'),
(841, 68, '7'),
(841, 69, '2.22'),
(841, 71, 'Да'),
(842, 57, '2000'),
(842, 59, '12'),
(842, 72, '55'),
(843, 57, '1510'),
(843, 58, '210'),
(843, 59, '4.5'),
(843, 60, '32'),
(843, 61, '4'),
(843, 62, '1'),
(843, 63, 'Quick Step'),
(843, 64, 'Бельгия'),
(843, 65, 'под дерево'),
(843, 66, 'ванная комната, гостиная, коридор, кухня, офис'),
(843, 67, 'замковое'),
(843, 68, '7'),
(843, 69, '2.22'),
(843, 71, 'Да'),
(844, 57, '2000'),
(844, 59, '12'),
(844, 72, '55'),
(845, 57, '1510'),
(845, 58, '210'),
(845, 59, '4.5'),
(845, 60, '32'),
(845, 61, '4'),
(845, 62, '1'),
(845, 63, 'Quick Step'),
(845, 64, 'Бельгия'),
(845, 65, 'под дерево'),
(845, 66, 'ванная комната, гостиная, коридор, кухня, офис'),
(845, 67, 'замковое'),
(845, 68, '7'),
(845, 69, '2.22'),
(845, 71, 'Да'),
(846, 57, '2000'),
(846, 59, '12'),
(846, 72, '55'),
(847, 57, '1510'),
(847, 58, '210'),
(847, 59, '4.5'),
(847, 60, '32'),
(847, 61, '4'),
(847, 62, '1'),
(847, 63, 'Quick Step'),
(847, 64, 'Бельгия'),
(847, 65, 'под дерево'),
(847, 66, 'ванная комната, гостиная, коридор, кухня, офис'),
(847, 67, 'замковое'),
(847, 68, '7'),
(847, 69, '2.22'),
(847, 71, 'Да'),
(848, 57, '2000'),
(848, 59, '12'),
(848, 72, '55'),
(849, 57, '1510'),
(849, 58, '210'),
(849, 59, '4.5'),
(849, 60, '32'),
(849, 61, '4'),
(849, 62, '1'),
(849, 63, 'Quick Step'),
(849, 64, 'Бельгия'),
(849, 65, 'под дерево'),
(849, 66, 'ванная комната, гостиная, коридор, кухня, офис'),
(849, 67, 'замковое'),
(849, 68, '7'),
(849, 69, '2.22'),
(849, 71, 'Да'),
(850, 57, '2000'),
(850, 59, '12'),
(850, 72, '55'),
(851, 57, '1510'),
(851, 58, '210'),
(851, 59, '4.5'),
(851, 60, '32'),
(851, 61, '4'),
(851, 62, '1'),
(851, 63, 'Quick Step'),
(851, 64, 'Бельгия'),
(851, 65, 'под дерево'),
(851, 66, 'ванная комната, гостиная, коридор, кухня, офис'),
(851, 67, 'замковое'),
(851, 68, '7'),
(851, 69, '2.22'),
(851, 71, 'Да'),
(852, 57, '2000'),
(852, 59, '12'),
(852, 72, '55'),
(853, 57, '1510'),
(853, 58, '210'),
(853, 59, '4.5'),
(853, 60, '32'),
(853, 61, '4'),
(853, 62, '1'),
(853, 63, 'Quick Step'),
(853, 64, 'Бельгия'),
(853, 65, 'под дерево'),
(853, 66, 'ванная комната, гостиная, коридор, кухня, офис'),
(853, 67, 'замковое'),
(853, 68, '7'),
(853, 69, '2.22'),
(853, 71, 'Да'),
(854, 57, '2000'),
(854, 59, '12'),
(854, 72, '55'),
(855, 57, '1510'),
(855, 58, '210'),
(855, 59, '4.5'),
(855, 60, '32'),
(855, 61, '4'),
(855, 62, '1'),
(855, 63, 'Quick Step'),
(855, 64, 'Бельгия'),
(855, 65, 'под дерево'),
(855, 66, 'ванная комната, гостиная, коридор, кухня, офис'),
(855, 67, 'замковое'),
(855, 68, '7'),
(855, 69, '2.22'),
(855, 71, 'Да'),
(856, 57, '2000'),
(856, 59, '12'),
(856, 72, '55'),
(857, 57, '1510'),
(857, 58, '210'),
(857, 59, '4.5'),
(857, 60, '32'),
(857, 61, '4'),
(857, 62, '1'),
(857, 63, 'Quick Step'),
(857, 64, 'Бельгия'),
(857, 65, 'под дерево'),
(857, 66, 'ванная комната, гостиная, коридор, кухня, офис'),
(857, 67, 'замковое'),
(857, 68, '7'),
(857, 69, '2.22'),
(857, 71, 'Да'),
(858, 57, '2000'),
(858, 59, '12'),
(858, 72, '55'),
(859, 57, '1510'),
(859, 58, '210'),
(859, 59, '4.5'),
(859, 60, '32'),
(859, 61, '4'),
(859, 62, '1'),
(859, 63, 'Quick Step'),
(859, 64, 'Бельгия'),
(859, 65, 'под дерево'),
(859, 66, 'ванная комната, гостиная, коридор, кухня, офис'),
(859, 67, 'замковое'),
(859, 68, '7'),
(859, 69, '2.22'),
(859, 71, 'Да'),
(860, 57, '2000'),
(860, 59, '12'),
(860, 72, '55'),
(861, 57, '1510'),
(861, 58, '210'),
(861, 59, '4.5'),
(861, 60, '32'),
(861, 61, '4'),
(861, 62, '1'),
(861, 63, 'Quick Step'),
(861, 64, 'Бельгия'),
(861, 65, 'под дерево'),
(861, 66, 'ванная комната, гостиная, коридор, кухня, офис'),
(861, 67, 'замковое'),
(861, 68, '7'),
(861, 69, '2.22'),
(861, 71, 'Да'),
(862, 57, '2000'),
(862, 59, '12'),
(862, 72, '55'),
(863, 57, '1510'),
(863, 58, '210'),
(863, 59, '4.5'),
(863, 60, '32'),
(863, 61, '4'),
(863, 62, '1'),
(863, 63, 'Quick Step'),
(863, 64, 'Бельгия'),
(863, 65, 'под дерево'),
(863, 66, 'ванная комната, гостиная, коридор, кухня, офис'),
(863, 67, 'замковое'),
(863, 68, '7'),
(863, 69, '2.22'),
(863, 71, 'Да'),
(864, 57, '2000'),
(864, 59, '12'),
(864, 72, '55'),
(865, 57, '1510'),
(865, 58, '210'),
(865, 59, '4.5'),
(865, 60, '32'),
(865, 61, '4'),
(865, 62, '1'),
(865, 63, 'Quick Step'),
(865, 64, 'Бельгия'),
(865, 65, 'под дерево'),
(865, 66, 'ванная комната, гостиная, коридор, кухня, офис'),
(865, 67, 'замковое'),
(865, 68, '7'),
(865, 69, '2.22'),
(865, 71, 'Да'),
(866, 57, '2000'),
(866, 59, '12'),
(866, 72, '55'),
(867, 57, '1510'),
(867, 58, '210'),
(867, 59, '4.5'),
(867, 60, '32'),
(867, 61, '4'),
(867, 62, '1'),
(867, 63, 'Quick Step'),
(867, 64, 'Бельгия'),
(867, 65, 'под дерево'),
(867, 66, 'ванная комната, гостиная, коридор, кухня, офис'),
(867, 67, 'замковое'),
(867, 68, '7'),
(867, 69, '2.22'),
(867, 71, 'Да'),
(868, 57, '2000'),
(868, 59, '12'),
(868, 72, '55'),
(869, 57, '1510'),
(869, 58, '210'),
(869, 59, '4.5'),
(869, 60, '32'),
(869, 61, '4'),
(869, 62, '1'),
(869, 63, 'Quick Step'),
(869, 64, 'Бельгия'),
(869, 65, 'под дерево'),
(869, 66, 'ванная комната, гостиная, коридор, кухня, офис'),
(869, 67, 'замковое'),
(869, 68, '7'),
(869, 69, '2.22'),
(869, 71, 'Да'),
(870, 57, '2000'),
(870, 59, '12'),
(870, 72, '55'),
(871, 57, '1510'),
(871, 58, '210'),
(871, 59, '4.5'),
(871, 60, '32'),
(871, 61, '4'),
(871, 62, '1'),
(871, 63, 'Quick Step'),
(871, 64, 'Бельгия'),
(871, 65, 'под дерево'),
(871, 66, 'ванная комната, гостиная, коридор, кухня, офис'),
(871, 67, 'замковое'),
(871, 68, '7'),
(871, 69, '2.22'),
(871, 71, 'Да'),
(872, 57, '2000'),
(872, 59, '12'),
(872, 72, '55'),
(873, 57, '1510'),
(873, 58, '210'),
(873, 59, '4.5'),
(873, 60, '32'),
(873, 61, '4'),
(873, 62, '1'),
(873, 63, 'Quick Step'),
(873, 64, 'Бельгия'),
(873, 65, 'под дерево'),
(873, 66, 'ванная комната, гостиная, коридор, кухня, офис'),
(873, 67, 'замковое'),
(873, 68, '7'),
(873, 69, '2.22'),
(873, 71, 'Да'),
(874, 57, '2000'),
(874, 59, '12'),
(874, 72, '55'),
(875, 57, '1510'),
(875, 58, '210'),
(875, 59, '4.5'),
(875, 60, '32'),
(875, 61, '4'),
(875, 62, '1'),
(875, 63, 'Quick Step'),
(875, 64, 'Бельгия'),
(875, 65, 'под дерево'),
(875, 66, 'ванная комната, гостиная, коридор, кухня, офис'),
(875, 67, 'замковое'),
(875, 68, '7'),
(875, 69, '2.22'),
(875, 71, 'Да'),
(876, 57, '2000'),
(876, 59, '12'),
(876, 72, '55'),
(877, 57, '1510'),
(877, 58, '210'),
(877, 59, '4.5'),
(877, 60, '32'),
(877, 61, '4'),
(877, 62, '1'),
(877, 63, 'Quick Step'),
(877, 64, 'Бельгия'),
(877, 65, 'под дерево'),
(877, 66, 'ванная комната, гостиная, коридор, кухня, офис'),
(877, 67, 'замковое'),
(877, 68, '7'),
(877, 69, '2.22'),
(877, 71, 'Да'),
(878, 57, '2000'),
(878, 59, '12'),
(878, 72, '55'),
(879, 57, '1494'),
(879, 58, '209'),
(879, 59, '5'),
(879, 60, '32'),
(879, 61, '4'),
(879, 62, '1'),
(879, 63, 'Quick Step'),
(879, 64, 'Бельгия'),
(879, 65, 'под дерево'),
(879, 66, 'ванная комната, гостиная, коридор, кухня, офис'),
(879, 67, 'замковое'),
(879, 68, '6'),
(879, 69, '1.873'),
(879, 71, 'Да'),
(880, 57, '2000'),
(880, 59, '12'),
(880, 72, '55'),
(881, 57, '1494'),
(881, 58, '209'),
(881, 59, '5'),
(881, 60, '32'),
(881, 61, '4'),
(881, 62, '1'),
(881, 63, 'Quick Step'),
(881, 64, 'Бельгия'),
(881, 65, 'под дерево'),
(881, 66, 'ванная комната, гостиная, коридор, кухня, офис'),
(881, 67, 'замковое'),
(881, 68, '6'),
(881, 69, '1.873'),
(881, 71, 'Да'),
(882, 57, '2000'),
(882, 59, '12'),
(882, 72, '55'),
(883, 57, '1494'),
(883, 58, '209'),
(883, 59, '5'),
(883, 60, '32'),
(883, 61, '4'),
(883, 62, '1'),
(883, 63, 'Quick Step'),
(883, 64, 'Бельгия'),
(883, 65, 'под дерево'),
(883, 66, 'ванная комната, гостиная, коридор, кухня, офис'),
(883, 67, 'замковое'),
(883, 68, '6'),
(883, 69, '1.873'),
(883, 71, 'Да'),
(884, 57, '2000'),
(884, 59, '12'),
(884, 72, '55'),
(885, 57, '1494'),
(885, 58, '209'),
(885, 59, '5'),
(885, 60, '32'),
(885, 61, '4'),
(885, 62, '1'),
(885, 63, 'Quick Step'),
(885, 64, 'Бельгия'),
(885, 65, 'под дерево'),
(885, 66, 'ванная комната, гостиная, коридор, кухня, офис'),
(885, 67, 'замковое'),
(885, 68, '6'),
(885, 69, '1.873'),
(885, 71, 'Да'),
(886, 57, '2000'),
(886, 59, '12'),
(886, 72, '55'),
(887, 57, '1494'),
(887, 58, '209'),
(887, 59, '5'),
(887, 60, '32'),
(887, 61, '4'),
(887, 62, '1'),
(887, 63, 'Quick Step'),
(887, 64, 'Бельгия'),
(887, 65, 'под дерево'),
(887, 66, 'ванная комната, гостиная, коридор, кухня, офис'),
(887, 67, 'замковое'),
(887, 68, '6'),
(887, 69, '1.873'),
(887, 71, 'Да'),
(888, 57, '2000'),
(888, 59, '12'),
(888, 72, '55'),
(889, 57, '1494'),
(889, 58, '209'),
(889, 59, '5'),
(889, 60, '32'),
(889, 61, '4'),
(889, 62, '1'),
(889, 63, 'Quick Step'),
(889, 64, 'Бельгия'),
(889, 65, 'под дерево'),
(889, 66, 'ванная комната, гостиная, коридор, кухня, офис'),
(889, 67, 'замковое'),
(889, 68, '6'),
(889, 69, '1.873'),
(889, 71, 'Да'),
(890, 57, '2000'),
(890, 59, '12'),
(890, 72, '55'),
(892, 57, '2400'),
(892, 59, '16'),
(892, 72, '80'),
(897, 57, '2400'),
(897, 59, '16'),
(897, 72, '80'),
(899, 57, '2400'),
(899, 59, '16'),
(899, 72, '80'),
(901, 57, '2400'),
(901, 59, '16'),
(901, 72, '80'),
(903, 57, '1820'),
(903, 58, '145'),
(903, 59, '14'),
(903, 61, '2'),
(903, 62, '1'),
(903, 63, 'Quick Step'),
(903, 64, 'Бельгия'),
(903, 67, 'замок или клей'),
(903, 68, '6'),
(903, 69, '1.583'),
(903, 70, '16'),
(903, 75, 'натур'),
(903, 76, 'масло'),
(904, 57, '1820'),
(904, 58, '145'),
(904, 59, '14'),
(904, 61, '2'),
(904, 62, '1'),
(904, 63, 'Quick Step'),
(904, 64, 'Бельгия'),
(904, 67, 'замок или клей'),
(904, 68, '6'),
(904, 69, '1.583'),
(904, 70, '16'),
(904, 75, 'натур'),
(904, 76, 'масло'),
(905, 57, '1820'),
(905, 58, '145'),
(905, 59, '14'),
(905, 61, '2'),
(905, 62, '1'),
(905, 63, 'Quick Step'),
(905, 64, 'Бельгия'),
(905, 67, 'замок или клей'),
(905, 68, '6'),
(905, 69, '1.583'),
(905, 70, '16'),
(905, 75, 'натур'),
(905, 76, 'масло'),
(906, 57, '1820'),
(906, 58, '145'),
(906, 59, '14'),
(906, 61, '2'),
(906, 62, '1'),
(906, 63, 'Quick Step'),
(906, 64, 'Бельгия'),
(906, 67, 'замок или клей'),
(906, 68, '6'),
(906, 69, '1.583'),
(906, 70, '16'),
(906, 75, 'натур'),
(906, 76, 'масло'),
(907, 57, '1820'),
(907, 58, '145'),
(907, 59, '14'),
(907, 61, '2'),
(907, 62, '1'),
(907, 63, 'Quick Step'),
(907, 64, 'Бельгия'),
(907, 67, 'замок или клей'),
(907, 68, '6'),
(907, 69, '1.583'),
(907, 70, '16'),
(907, 75, 'натур'),
(907, 76, 'масло'),
(908, 57, '1820'),
(908, 58, '145'),
(908, 59, '14'),
(908, 61, '2'),
(908, 62, '1'),
(908, 63, 'Quick Step'),
(908, 64, 'Бельгия'),
(908, 67, 'замок или клей'),
(908, 68, '6'),
(908, 69, '1.583'),
(908, 70, '16'),
(908, 75, 'натур'),
(908, 76, 'масло'),
(909, 57, '1820'),
(909, 58, '145'),
(909, 59, '14'),
(909, 61, '2'),
(909, 62, '1'),
(909, 63, 'Quick Step'),
(909, 64, 'Бельгия'),
(909, 67, 'замок или клей'),
(909, 68, '6'),
(909, 69, '1.583'),
(909, 70, '16'),
(909, 75, 'натур'),
(909, 76, 'масло'),
(910, 57, '1820'),
(910, 58, '145'),
(910, 59, '14'),
(910, 61, '2'),
(910, 62, '1'),
(910, 63, 'Quick Step'),
(910, 64, 'Бельгия'),
(910, 67, 'замок или клей'),
(910, 68, '6'),
(910, 69, '1.583'),
(910, 70, '16'),
(910, 75, 'натур'),
(910, 76, 'масло'),
(911, 57, '2200'),
(911, 58, '220'),
(911, 59, '14'),
(911, 61, '4'),
(911, 62, '1'),
(911, 63, 'Quick Step'),
(911, 64, 'Бельгия'),
(911, 67, 'замок или клей'),
(911, 68, '4'),
(911, 69, '1.936'),
(911, 76, 'масло'),
(912, 57, '2200'),
(912, 58, '220'),
(912, 59, '14'),
(912, 61, '4'),
(912, 62, '1'),
(912, 63, 'Quick Step'),
(912, 64, 'Бельгия'),
(912, 67, 'замок или клей'),
(912, 68, '4'),
(912, 69, '1.936'),
(912, 76, 'масло'),
(913, 57, '2200'),
(913, 58, '220'),
(913, 59, '14'),
(913, 61, '4'),
(913, 62, '1'),
(913, 63, 'Quick Step'),
(913, 64, 'Бельгия'),
(913, 67, 'замок или клей'),
(913, 68, '4'),
(913, 69, '1.936'),
(913, 76, 'масло'),
(914, 57, '2400'),
(914, 59, '16'),
(914, 72, '80'),
(915, 57, '2400'),
(915, 58, '260'),
(915, 59, '14'),
(915, 61, '4'),
(915, 62, '1'),
(915, 63, 'Quick Step'),
(915, 64, 'Бельгия'),
(915, 67, 'замок или клей'),
(915, 68, '4'),
(915, 69, '2.496'),
(915, 70, '20'),
(915, 75, 'рустик'),
(915, 76, 'масло'),
(916, 57, '2400'),
(916, 58, '260'),
(916, 59, '14'),
(916, 61, '4'),
(916, 62, '1'),
(916, 63, 'Quick Step'),
(916, 64, 'Бельгия'),
(916, 67, 'замок или клей'),
(916, 68, '4'),
(916, 69, '2.496'),
(916, 70, '20'),
(916, 75, 'рустик'),
(916, 76, 'масло'),
(917, 57, '2400'),
(917, 59, '16'),
(917, 72, '80'),
(918, 57, '2400'),
(918, 58, '260'),
(918, 59, '14'),
(918, 61, '4'),
(918, 62, '1'),
(918, 63, 'Quick Step'),
(918, 64, 'Бельгия'),
(918, 67, 'замок или клей'),
(918, 68, '4'),
(918, 69, '2.496'),
(918, 70, '20'),
(918, 75, 'рустик'),
(918, 76, 'масло'),
(919, 57, '2400'),
(919, 59, '16'),
(919, 72, '80'),
(920, 57, '1820'),
(920, 58, '190'),
(920, 59, '14'),
(920, 61, '4'),
(920, 62, '1'),
(920, 63, 'Quick Step'),
(920, 64, 'Бельгия'),
(920, 67, 'замок или клей'),
(920, 68, '6'),
(920, 69, '2.075'),
(920, 70, '20'),
(920, 75, 'натур'),
(920, 76, 'масло'),
(921, 57, '2400'),
(921, 59, '16'),
(921, 72, '80'),
(922, 57, '1820'),
(922, 58, '190'),
(922, 59, '14'),
(922, 61, '4'),
(922, 62, '1'),
(922, 63, 'Quick Step'),
(922, 64, 'Бельгия'),
(922, 67, 'замок или клей'),
(922, 68, '6'),
(922, 69, '2.075'),
(922, 70, '20'),
(922, 75, 'натур'),
(922, 76, 'масло'),
(923, 57, '1820'),
(923, 58, '190'),
(923, 59, '14'),
(923, 61, '4'),
(923, 62, '1'),
(923, 63, 'Quick Step'),
(923, 64, 'Бельгия'),
(923, 67, 'замок или клей'),
(923, 68, '6'),
(923, 69, '2.075'),
(923, 70, '20'),
(923, 75, 'натур'),
(923, 76, 'масло'),
(924, 57, '2400'),
(924, 59, '16'),
(924, 72, '80'),
(925, 57, '1820'),
(925, 58, '190'),
(925, 59, '14'),
(925, 61, '4'),
(925, 62, '1'),
(925, 63, 'Quick Step'),
(925, 64, 'Бельгия'),
(925, 67, 'замок или клей'),
(925, 68, '6'),
(925, 69, '2.075'),
(925, 70, '20'),
(925, 75, 'натур'),
(925, 76, 'масло'),
(926, 57, '2400'),
(926, 59, '16'),
(926, 72, '80'),
(927, 57, '1820'),
(927, 58, '190'),
(927, 59, '14'),
(927, 61, '4'),
(927, 62, '1'),
(927, 63, 'Quick Step'),
(927, 64, 'Бельгия'),
(927, 67, 'замок или клей'),
(927, 68, '6'),
(927, 69, '2.075'),
(927, 70, '20'),
(927, 75, 'натур'),
(927, 76, 'масло'),
(928, 57, '1820'),
(928, 58, '190'),
(928, 59, '14'),
(928, 61, '4'),
(928, 62, '1'),
(928, 63, 'Quick Step'),
(928, 64, 'Бельгия'),
(928, 67, 'замок или клей'),
(928, 68, '6'),
(928, 69, '2.075'),
(928, 70, '20'),
(928, 75, 'натур'),
(928, 76, 'масло'),
(929, 57, '1820'),
(929, 58, '190'),
(929, 59, '14'),
(929, 61, '4'),
(929, 62, '1'),
(929, 63, 'Quick Step'),
(929, 64, 'Бельгия'),
(929, 67, 'замок или клей'),
(929, 68, '6'),
(929, 69, '2.075'),
(929, 70, '20'),
(929, 75, 'натур'),
(929, 76, 'масло'),
(930, 57, '2000'),
(930, 59, '12'),
(930, 63, 'Quick Step'),
(930, 64, 'Россия'),
(930, 72, '48'),
(931, 58, '1000'),
(931, 59, '1'),
(931, 63, 'Quick Step'),
(931, 64, 'Бельгия'),
(931, 69, '15'),
(931, 71, 'Да'),
(933, 63, 'Forbo'),
(933, 70, '1.3'),
(933, 77, 'Приклеивание напольных покрытий'),
(933, 78, 'Универсальный клей'),
(933, 79, 'коммерческих ПВХ-покрытий в рулонах, покрытий из вспененного винила на пол и стены, ПВХ-покрытий на основе из полиэстера или минеральных волокон, текстильных покрытий на основе ихз ПВХ. латекса и полиуретана, гомогенных виниловых покрытий'),
(933, 80, 'Да'),
(933, 81, 'бежевый'),
(933, 82, 'впитывающие влагу'),
(933, 83, 'полимерная дисперсия'),
(933, 84, '1.4'),
(933, 85, 'ок. 10'),
(933, 86, 'ок. 20'),
(933, 87, 'ок. 320-480г/м² (в зависимости от вида покрытия и основания)'),
(933, 88, 'вскрытую упаковку плотно закрыть и использовать в кратчайшие сроки'),
(933, 89, '24 месяца, в заводской закрытой упаковке'),
(933, 90, 'да, 5 циклов замораживания-оттаивания до -40С. В случае замерзания дать клею оттаять естественным путем в течении 2-3 дней'),
(933, 91, 'не ниже 15 С'),
(933, 92, 'не выше 75 %'),
(933, 93, 'средняя вязкость'),
(933, 94, 'Универсальный'),
(933, 95, 'зубчатый шпатель'),
(933, 96, 'ок. 30 минут при нормальных условиях в помещении'),
(933, 97, 'для линолеума, для виниловых покрытий, для пвх покрытий, для текстильных покрытий'),
(934, 63, 'Forbo'),
(934, 70, '14'),
(934, 77, 'Приклеивание напольных покрытий'),
(934, 78, 'Универсальный клей'),
(934, 79, 'коммерческих ПВХ-покрытий в рулонах, покрытий из вспененного винила на пол и стены, ПВХ-покрытий на основе из полиэстера или минеральных волокон, текстильных покрытий на основе ихз ПВХ. латекса и полиуретана, гомогенных виниловых покрытий'),
(934, 80, 'Да'),
(934, 81, 'бежевый'),
(934, 82, 'впитывающие влагу'),
(934, 83, 'полимерная дисперсия'),
(934, 84, '1.4'),
(934, 85, 'ок. 10'),
(934, 86, 'ок. 20'),
(934, 87, 'ок. 320-480г/м² (в зависимости от вида покрытия и основания)'),
(934, 88, 'вскрытую упаковку плотно закрыть и использовать в кратчайшие сроки'),
(934, 89, '24 месяца, в заводской закрытой упаковке'),
(934, 90, 'да, 5 циклов замораживания-оттаивания до -40С. В случае замерзания дать клею оттаять естественным путем в течении 2-3 дней'),
(934, 91, 'не ниже 15 С'),
(934, 92, 'не выше 75 %'),
(934, 93, 'средняя вязкость'),
(934, 94, 'Универсальный'),
(934, 95, 'зубчатый шпатель'),
(934, 96, 'ок. 30 минут при нормальных условиях в помещении'),
(934, 97, 'для линолеума, для виниловых покрытий, для пвх покрытий, для текстильных покрытий'),
(935, 63, 'Forbo'),
(935, 70, '4'),
(935, 77, 'Приклеивание напольных покрытий'),
(935, 78, 'Универсальный клей'),
(935, 79, 'коммерческих ПВХ-покрытий в рулонах, покрытий из вспененного винила на пол и стены, ПВХ-покрытий на основе из полиэстера или минеральных волокон, текстильных покрытий на основе ихз ПВХ. латекса и полиуретана, гомогенных виниловых покрытий'),
(935, 80, 'Да'),
(935, 81, 'бежевый'),
(935, 82, 'впитывающие влагу'),
(935, 83, 'полимерная дисперсия'),
(935, 84, '1.4'),
(935, 85, 'ок. 10'),
(935, 86, 'ок. 20'),
(935, 87, 'ок. 320-480г/м² (в зависимости от вида покрытия и основания)'),
(935, 88, 'вскрытую упаковку плотно закрыть и использовать в кратчайшие сроки'),
(935, 89, '24 месяца, в заводской закрытой упаковке'),
(935, 90, 'да, 5 циклов замораживания-оттаивания до -40С. В случае замерзания дать клею оттаять естественным путем в течении 2-3 дней'),
(935, 91, 'не ниже 15 С'),
(935, 92, 'не выше 75 %'),
(935, 93, 'средняя вязкость'),
(935, 94, 'Универсальный'),
(935, 95, 'зубчатый шпатель'),
(935, 96, 'ок. 30 минут при нормальных условиях в помещении'),
(935, 97, 'для линолеума, для виниловых покрытий, для пвх покрытий, для текстильных покрытий'),
(936, 63, 'Forbo'),
(936, 70, '7'),
(936, 77, 'Приклеивание напольных покрытий'),
(936, 78, 'Универсальный клей'),
(936, 79, 'коммерческих ПВХ-покрытий в рулонах, покрытий из вспененного винила на пол и стены, ПВХ-покрытий на основе из полиэстера или минеральных волокон, текстильных покрытий на основе ихз ПВХ. латекса и полиуретана, гомогенных виниловых покрытий'),
(936, 80, 'Да'),
(936, 81, 'бежевый'),
(936, 82, 'впитывающие влагу'),
(936, 83, 'полимерная дисперсия'),
(936, 84, '1.4'),
(936, 85, 'ок. 10'),
(936, 86, 'ок. 20'),
(936, 87, 'ок. 320-480г/м² (в зависимости от вида покрытия и основания)'),
(936, 88, 'вскрытую упаковку плотно закрыть и использовать в кратчайшие сроки'),
(936, 89, '24 месяца, в заводской закрытой упаковке'),
(936, 90, 'да, 5 циклов замораживания-оттаивания до -40С. В случае замерзания дать клею оттаять естественным путем в течении 2-3 дней'),
(936, 91, 'не ниже 15 С'),
(936, 92, 'не выше 75 %'),
(936, 93, 'средняя вязкость'),
(936, 94, 'Универсальный'),
(936, 95, 'зубчатый шпатель'),
(936, 96, 'ок. 30 минут при нормальных условиях в помещении'),
(936, 97, 'для линолеума, для виниловых покрытий, для пвх покрытий, для текстильных покрытий'),
(937, 63, 'Forbo'),
(937, 70, '1.3'),
(937, 77, 'Приклеивание напольных покрытий'),
(937, 78, 'Клей для бытового и полукоммерческого линолеума'),
(937, 79, 'коммерческих ПВХ-покрытий в рулонах, покрытий из вспененного винила на пол и стены, ПВХ-покрытий на основе из полиэстера или минеральных волокон'),
(937, 80, 'Да'),
(937, 81, 'бежевый'),
(937, 82, 'впитывающие влагу, не впитывающие влагу'),
(937, 83, 'полимерная дисперсия'),
(937, 84, '1.4'),
(937, 85, 'ок. 10'),
(937, 86, 'ок. 20'),
(937, 87, 'ок. 320-480г/м² (в зависимости от вида покрытия и основания)'),
(937, 88, 'вскрытую упаковку плотно закрыть и использовать в кратчайшие сроки'),
(937, 89, '24 месяца, в заводской закрытой упаковке'),
(937, 90, 'да, 5 циклов замораживания-оттаивания до -40С. В случае замерзания дать клею оттаять естественным путем в течении 2-3 дней'),
(937, 91, 'не ниже 15 С'),
(937, 92, 'не выше 75 %'),
(937, 93, 'средняя вязкость'),
(937, 94, 'Универсальный'),
(937, 95, 'зубчатый шпатель'),
(937, 96, 'ок. 30 минут при нормальных условиях в помещении'),
(937, 97, 'для линолеума, для виниловых покрытий, для пвх покрытий, для текстильных покрытий'),
(937, 98, 'зубчатый шпатель ТКВ А2/В1, зависит от вида покрытия'),
(937, 99, 'вода'),
(938, 63, 'Forbo'),
(938, 70, '14'),
(938, 77, 'Приклеивание напольных покрытий'),
(938, 78, 'Клей для бытового и полукоммерческого линолеума'),
(938, 79, 'коммерческих ПВХ-покрытий в рулонах, покрытий из вспененного винила на пол и стены, ПВХ-покрытий на основе из полиэстера или минеральных волокон'),
(938, 80, 'Да'),
(938, 81, 'бежевый'),
(938, 82, 'впитывающие влагу, не впитывающие влагу'),
(938, 83, 'полимерная дисперсия'),
(938, 84, '1.4'),
(938, 85, 'ок. 10'),
(938, 86, 'ок. 20'),
(938, 87, 'ок. 320-480г/м² (в зависимости от вида покрытия и основания)'),
(938, 88, 'вскрытую упаковку плотно закрыть и использовать в кратчайшие сроки'),
(938, 89, '24 месяца, в заводской закрытой упаковке'),
(938, 90, 'да, 5 циклов замораживания-оттаивания до -40С. В случае замерзания дать клею оттаять естественным путем в течении 2-3 дней'),
(938, 91, 'не ниже 15 С'),
(938, 92, 'не выше 75 %'),
(938, 93, 'средняя вязкость'),
(938, 94, 'Универсальный'),
(938, 95, 'зубчатый шпатель'),
(938, 96, 'ок. 30 минут при нормальных условиях в помещении'),
(938, 97, 'для линолеума, для виниловых покрытий, для пвх покрытий, для текстильных покрытий'),
(938, 98, 'зубчатый шпатель ТКВ А2/В1, зависит от вида покрытия'),
(938, 99, 'вода'),
(939, 63, 'Forbo'),
(939, 70, '4'),
(939, 77, 'Приклеивание напольных покрытий'),
(939, 78, 'Клей для бытового и полукоммерческого линолеума'),
(939, 79, 'коммерческих ПВХ-покрытий в рулонах, покрытий из вспененного винила на пол и стены, ПВХ-покрытий на основе из полиэстера или минеральных волокон'),
(939, 80, 'Да'),
(939, 81, 'бежевый'),
(939, 82, 'впитывающие влагу, не впитывающие влагу'),
(939, 83, 'полимерная дисперсия'),
(939, 84, '1.4'),
(939, 85, 'ок. 10'),
(939, 86, 'ок. 20'),
(939, 87, 'ок. 320-480г/м² (в зависимости от вида покрытия и основания)'),
(939, 88, 'вскрытую упаковку плотно закрыть и использовать в кратчайшие сроки'),
(939, 89, '24 месяца, в заводской закрытой упаковке'),
(939, 90, 'да, 5 циклов замораживания-оттаивания до -40С. В случае замерзания дать клею оттаять естественным путем в течении 2-3 дней'),
(939, 91, 'не ниже 15 С'),
(939, 92, 'не выше 75 %'),
(939, 93, 'средняя вязкость'),
(939, 94, 'Универсальный'),
(939, 95, 'зубчатый шпатель'),
(939, 96, 'ок. 30 минут при нормальных условиях в помещении'),
(939, 97, 'для линолеума, для виниловых покрытий, для пвх покрытий, для текстильных покрытий'),
(939, 98, 'зубчатый шпатель ТКВ А2/В1, зависит от вида покрытия'),
(939, 99, 'вода'),
(940, 63, 'Forbo'),
(940, 70, '7'),
(940, 77, 'Приклеивание напольных покрытий'),
(940, 78, 'Клей для бытового и полукоммерческого линолеума'),
(940, 79, 'коммерческих ПВХ-покрытий в рулонах, покрытий из вспененного винила на пол и стены, ПВХ-покрытий на основе из полиэстера или минеральных волокон'),
(940, 80, 'Да'),
(940, 81, 'бежевый'),
(940, 82, 'впитывающие влагу, не впитывающие влагу'),
(940, 83, 'полимерная дисперсия'),
(940, 84, '1.4'),
(940, 85, 'ок. 10'),
(940, 86, 'ок. 20'),
(940, 87, 'ок. 320-480г/м² (в зависимости от вида покрытия и основания)'),
(940, 88, 'вскрытую упаковку плотно закрыть и использовать в кратчайшие сроки'),
(940, 89, '24 месяца, в заводской закрытой упаковке'),
(940, 90, 'да, 5 циклов замораживания-оттаивания до -40С. В случае замерзания дать клею оттаять естественным путем в течении 2-3 дней'),
(940, 91, 'не ниже 15 С'),
(940, 92, 'не выше 75 %'),
(940, 93, 'средняя вязкость'),
(940, 94, 'Универсальный'),
(940, 95, 'зубчатый шпатель'),
(940, 96, 'ок. 30 минут при нормальных условиях в помещении'),
(940, 97, 'для линолеума, для виниловых покрытий, для пвх покрытий, для текстильных покрытий'),
(940, 98, 'зубчатый шпатель ТКВ А2/В1, зависит от вида покрытия'),
(940, 99, 'вода'),
(941, 63, 'Forbo'),
(941, 70, '1.3'),
(941, 77, 'Приклеивание напольных покрытий'),
(941, 78, 'Клей универсальный многоцелевого применения'),
(941, 79, 'коммерческих ПВХ-покрытий в рулонах, ПВХ-покрытий на основе из полиэстера или минеральных волокон, текстильных покрытий на основе ихз ПВХ. латекса и полиуретана'),
(941, 80, 'Да'),
(941, 81, 'бежевый'),
(941, 82, 'впитывающие влагу, не впитывающие влагу'),
(941, 83, 'акриловая дисперсия'),
(941, 84, 'ок. 1.29'),
(941, 85, 'от 10 - до 60'),
(941, 86, 'от 15 - до 60'),
(941, 87, 'ок. 230-450г/м² (в зависимости от вида покрытия и основания)'),
(941, 88, 'вскрытую упаковку плотно закрыть и использовать в кратчайшие сроки'),
(941, 89, '15 месяцев'),
(941, 90, 'да, 5 циклов замораживания-оттаивания до -40С. В случае замерзания дать клею оттаять естественным путем в течении 2-3 дней'),
(941, 91, 'не ниже 15 С'),
(941, 92, 'не выше 75 %'),
(941, 93, 'средняя вязкость'),
(941, 94, 'Универсальный'),
(941, 95, 'зубчатый шпатель'),
(941, 97, 'для пвх покрытий, для текстильных покрытий'),
(941, 98, 'зубчатый шпатель ТКВ А1/А2 или B1, валик'),
(941, 99, 'вода'),
(942, 63, 'Forbo'),
(942, 70, '13'),
(942, 77, 'Приклеивание напольных покрытий'),
(942, 78, 'Клей универсальный многоцелевого применения'),
(942, 79, 'коммерческих ПВХ-покрытий в рулонах, ПВХ-покрытий на основе из полиэстера или минеральных волокон, текстильных покрытий на основе ихз ПВХ. латекса и полиуретана'),
(942, 80, 'Да'),
(942, 81, 'бежевый'),
(942, 82, 'впитывающие влагу, не впитывающие влагу'),
(942, 83, 'акриловая дисперсия'),
(942, 84, 'ок. 1.29'),
(942, 85, 'от 10 - до 60'),
(942, 86, 'от 15 - до 60'),
(942, 87, 'ок. 230-450г/м² (в зависимости от вида покрытия и основания)'),
(942, 88, 'вскрытую упаковку плотно закрыть и использовать в кратчайшие сроки'),
(942, 89, '15 месяцев'),
(942, 90, 'да, 5 циклов замораживания-оттаивания до -40С. В случае замерзания дать клею оттаять естественным путем в течении 2-3 дней'),
(942, 91, 'не ниже 15 С'),
(942, 92, 'не выше 75 %'),
(942, 93, 'средняя вязкость'),
(942, 94, 'Универсальный'),
(942, 95, 'зубчатый шпатель'),
(942, 97, 'для пвх покрытий, для текстильных покрытий'),
(942, 98, 'зубчатый шпатель ТКВ А1/А2 или B1, валик'),
(942, 99, 'вода'),
(943, 63, 'Forbo'),
(943, 70, '14'),
(943, 77, 'Приклеивание напольных покрытий'),
(943, 78, 'Клей универсальный многоцелевого применения'),
(943, 79, 'коммерческих ПВХ-покрытий в рулонах, ПВХ-покрытий на основе из полиэстера или минеральных волокон, текстильных покрытий на основе ихз ПВХ. латекса и полиуретана'),
(943, 80, 'Да'),
(943, 81, 'бежевый'),
(943, 82, 'впитывающие влагу, не впитывающие влагу'),
(943, 83, 'акриловая дисперсия'),
(943, 84, 'ок. 1.29'),
(943, 85, 'от 10 - до 60'),
(943, 86, 'от 15 - до 60'),
(943, 87, 'ок. 230-450г/м² (в зависимости от вида покрытия и основания)'),
(943, 88, 'вскрытую упаковку плотно закрыть и использовать в кратчайшие сроки'),
(943, 89, '15 месяцев'),
(943, 90, 'да, 5 циклов замораживания-оттаивания до -40С. В случае замерзания дать клею оттаять естественным путем в течении 2-3 дней'),
(943, 91, 'не ниже 15 С'),
(943, 92, 'не выше 75 %'),
(943, 93, 'средняя вязкость'),
(943, 94, 'Универсальный'),
(943, 95, 'зубчатый шпатель'),
(943, 97, 'для пвх покрытий, для текстильных покрытий'),
(943, 98, 'зубчатый шпатель ТКВ А1/А2 или B1, валик'),
(943, 99, 'вода'),
(944, 63, 'Forbo'),
(944, 70, '1.3'),
(944, 77, 'Приклеивание напольных покрытий'),
(944, 78, 'Клей универсальный многоцелевого применения'),
(944, 79, 'коммерческих ПВХ-покрытий в рулонах, ПВХ-покрытий на основе из полиэстера или минеральных волокон, текстильных покрытий на основе ихз ПВХ. латекса и полиуретана'),
(944, 80, 'Да'),
(944, 81, 'бежевый'),
(944, 82, 'впитывающие влагу, не впитывающие влагу'),
(944, 83, 'акриловая дисперсия'),
(944, 84, 'ок. 1.29'),
(944, 85, 'от 10 - до 60'),
(944, 86, 'от 15 - до 60'),
(944, 87, 'ок. 230-450г/м² (в зависимости от вида покрытия и основания)'),
(944, 88, 'вскрытую упаковку плотно закрыть и использовать в кратчайшие сроки'),
(944, 89, '15 месяцев'),
(944, 90, 'да, 5 циклов замораживания-оттаивания до -40С. В случае замерзания дать клею оттаять естественным путем в течении 2-3 дней'),
(944, 91, 'не ниже 15 С'),
(944, 92, 'не выше 75 %'),
(944, 93, 'средняя вязкость'),
(944, 94, 'Универсальный'),
(944, 95, 'зубчатый шпатель'),
(944, 97, 'для пвх покрытий, для текстильных покрытий'),
(944, 98, 'зубчатый шпатель ТКВ А1/А2 или B1, валик'),
(944, 99, 'вода'),
(945, 63, 'Forbo'),
(945, 70, '3'),
(945, 77, 'Клей предназначен для фиксации ковролина, текстильных, виниловых покрытий'),
(945, 78, 'Клей-фиксатор для гибких напольных покрытий'),
(945, 79, 'покрытий из вспененного винила на пол и стены, кварц-виниловых плиток, текстильных покрытий на основе ихз ПВХ. латекса и полиуретана, гомогенных виниловых покрытий, ковролина'),
(945, 80, 'Да'),
(945, 81, 'бежевый'),
(945, 82, 'впитывающие влагу, не впитывающие влагу'),
(945, 83, 'полимерная дисперсия'),
(945, 84, '1.2'),
(945, 85, 'от 15 - до 30'),
(945, 86, 'от 30 - до 60'),
(945, 87, 'ок. 150-200г/м² (в зависимости от вида покрытия и основания)'),
(945, 88, 'вскрытую упаковку плотно закрыть и использовать в кратчайшие сроки'),
(945, 89, '15 месяцев'),
(945, 90, 'да, 5 циклов замораживания-оттаивания до -40С. В случае замерзания дать клею оттаять естественным путем в течении 2-3 дней'),
(945, 91, 'не ниже 15 С'),
(945, 92, 'не выше 75 %'),
(945, 93, 'средняя вязкость'),
(945, 94, 'Универсальный'),
(945, 95, 'валик, зубчатый шпатель'),
(945, 97, 'для виниловых покрытий, для текстильных покрытий'),
(945, 98, 'валик, многозубчатый шпатель ТКВ А1'),
(945, 99, 'вода'),
(946, 63, 'Forbo'),
(946, 70, '5'),
(946, 77, 'Клей предназначен для фиксации ковролина, текстильных, виниловых покрытий'),
(946, 78, 'Клей-фиксатор для гибких напольных покрытий'),
(946, 79, 'покрытий из вспененного винила на пол и стены, кварц-виниловых плиток, текстильных покрытий на основе ихз ПВХ. латекса и полиуретана, гомогенных виниловых покрытий, ковролина'),
(946, 80, 'Да'),
(946, 81, 'бежевый'),
(946, 82, 'впитывающие влагу, не впитывающие влагу'),
(946, 83, 'полимерная дисперсия'),
(946, 84, '1.2'),
(946, 85, 'от 15 - до 30'),
(946, 86, 'от 30 - до 60'),
(946, 87, 'ок. 150-200г/м² (в зависимости от вида покрытия и основания)'),
(946, 88, 'вскрытую упаковку плотно закрыть и использовать в кратчайшие сроки'),
(946, 89, '15 месяцев'),
(946, 90, 'да, 5 циклов замораживания-оттаивания до -40С. В случае замерзания дать клею оттаять естественным путем в течении 2-3 дней'),
(946, 91, 'не ниже 15 С'),
(946, 92, 'не выше 75 %'),
(946, 93, 'средняя вязкость'),
(946, 94, 'Универсальный'),
(946, 95, 'валик, зубчатый шпатель'),
(946, 97, 'для виниловых покрытий, для текстильных покрытий'),
(946, 98, 'валик, многозубчатый шпатель ТКВ А1'),
(946, 99, 'вода'),
(947, 63, 'Forbo'),
(947, 64, 'Россия'),
(947, 70, '13.4'),
(947, 77, 'Предназначен для полов с очень высокими нагрузками'),
(947, 78, '2-К полиуретановый клей'),
(947, 79, 'коммерческих ПВХ-покрытий в рулонах, отражающих стеновых материалов в спортзалах, эластомерных (резиновых) покрытий, металла, керамики'),
(947, 80, 'Да'),
(947, 81, 'серый, коричневый'),
(947, 82, 'впитывающие влагу, не впитывающие влагу'),
(947, 83, 'полиуретан + изоцианат'),
(947, 84, 'ок. 1.85'),
(947, 85, 'ок. 100'),
(947, 86, 'от 30 - до 60'),
(947, 87, '450 - 650 г/м², в зависимости от покрытия и основания, ок. 1100 г/м2 для деревянных шашек торцовых полов'),
(947, 88, 'в прохладном и сухом месте'),
(947, 89, '18 месяцев, в оригинальной упаковке'),
(947, 90, 'да'),
(947, 91, 'не ниже 18°С'),
(947, 92, 'не выше 75 %'),
(947, 93, 'жидкая, пастообразная'),
(947, 94, 'Универсальный'),
(947, 95, 'зубчатый шпатель'),
(947, 97, 'для спортивных покрытий');
INSERT INTO `product_characteristics` (`product_id`, `characteristic_id`, `value`) VALUES
(947, 98, 'зубчатый шпатель A1/A2 (ТКВ) для эластичных покрытий, зубчатый шпатель В3/В11 (ТКВ) для деревянных шашек торцовых полов'),
(947, 99, 'для незатвердевшего клея - терпентин (живичный скипидар), затвердевшие остатки удаляются только механическим путем'),
(947, 100, '100 вес. частей Клея- 15 вес. часть Отвердителя'),
(947, 101, 'ок. 70 минут при 20°С'),
(947, 102, '8 – 10 часов при 20°С'),
(948, 63, 'Forbo'),
(948, 64, 'Россия'),
(948, 70, '20'),
(948, 77, 'Приклеивание различных материалов'),
(948, 78, 'Универсальный клей, реактивируемый'),
(948, 79, 'коммерческих ПВХ-покрытий в рулонах, покрытий из вспененного винила на пол и стены, ПВХ-покрытий на основе из полиэстера или минеральных волокон, кварц-виниловых плиток, текстильных покрытий на основе ихз ПВХ. латекса и полиуретана, отражающих стеновых материалов в спортзалах'),
(948, 81, 'бежевый'),
(948, 82, 'впитывающие влагу, не впитывающие влагу'),
(948, 83, 'сополимерная дисперсия'),
(948, 84, 'прибл. 1.28'),
(948, 85, '10-40'),
(948, 86, 'от 30 - до 90'),
(948, 87, '220 – 270 г/м2 (шпатель А1/А1)'),
(948, 88, 'в хорошо закрытой упаковке, при нормальной температуре'),
(948, 89, 'прибл. 15 месяцев, вскрытую упаковку плотно закрыть и использовать в кратчайшие сроки'),
(948, 90, 'да, 5 циклов замораживания-оттаивания до -40С. В случае замерзания дать клею оттаять естественным путем в течении 2-3 дней'),
(948, 91, 'не ниже 15°С'),
(948, 92, 'не выше 75 %'),
(948, 93, 'средняя вязкость'),
(948, 94, 'Универсальный'),
(948, 97, 'для линолеума, для виниловых покрытий, для пвх покрытий'),
(948, 98, 'зубчатым шпателем А1/A2, B1 - в зависимости от вида покрытия'),
(949, 63, 'Forbo'),
(949, 64, 'Россия'),
(949, 70, '13'),
(949, 77, 'Приклеивание различных материалов'),
(949, 78, 'Универсальный клей, реактивируемый'),
(949, 79, 'коммерческих ПВХ-покрытий в рулонах, покрытий из вспененного винила на пол и стены, ПВХ-покрытий на основе из полиэстера или минеральных волокон, кварц-виниловых плиток, текстильных покрытий на основе ихз ПВХ. латекса и полиуретана, отражающих стеновых материалов в спортзалах'),
(949, 81, 'бежевый'),
(949, 82, 'впитывающие влагу, не впитывающие влагу'),
(949, 83, 'сополимерная дисперсия'),
(949, 84, 'прибл. 1.28'),
(949, 85, '10-40'),
(949, 86, 'от 30 - до 90'),
(949, 87, '220 – 270 г/м2 (шпатель А1/А1)'),
(949, 88, 'в хорошо закрытой упаковке, при нормальной температуре'),
(949, 89, 'прибл. 15 месяцев, вскрытую упаковку плотно закрыть и использовать в кратчайшие сроки'),
(949, 90, 'да, 5 циклов замораживания-оттаивания до -40С. В случае замерзания дать клею оттаять естественным путем в течении 2-3 дней'),
(949, 91, 'не ниже 15°С'),
(949, 92, 'не выше 75 %'),
(949, 93, 'средняя вязкость'),
(949, 94, 'Универсальный'),
(949, 97, 'для линолеума, для виниловых покрытий, для пвх покрытий'),
(949, 98, 'зубчатым шпателем А1/A2, B1 - в зависимости от вида покрытия'),
(950, 63, 'Forbo'),
(950, 64, 'Россия'),
(950, 70, '20'),
(950, 77, 'Многофункциональный клей'),
(950, 78, 'Универсальный клей'),
(950, 79, 'коммерческих ПВХ-покрытий в рулонах, покрытий из вспененного винила на пол и стены, ПВХ-покрытий на основе из полиэстера или минеральных волокон, кварц-виниловых плиток, текстильных покрытий на основе ихз ПВХ. латекса и полиуретана, эластомерных (резиновых) покрытий, натурального линолеума, покрытий на джутовой основе'),
(950, 80, 'Да'),
(950, 81, 'светло-бежевый'),
(950, 82, 'впитывающие влагу, не впитывающие влагу'),
(950, 83, 'акриловая дисперсия'),
(950, 84, 'прибл. 1.04'),
(950, 85, '10-60'),
(950, 86, 'до 90'),
(950, 87, '280 - 310 г/м² (шпатель А1/А2) 400 – 500 г/м2 (шпатель В1/B2)'),
(950, 88, 'В заводской упаковке, при температуре от +5 до + 30 ºС'),
(950, 89, '15 месяцев'),
(950, 90, 'да, 5 циклов замораживания-оттаивания до -40С. В случае замерзания дать клею оттаять естественным путем в течении 2-3 дней'),
(950, 91, '15 – 25°С'),
(950, 92, 'не выше 75 %'),
(950, 93, 'средняя вязкость'),
(950, 94, 'Универсальный'),
(950, 97, 'для линолеума, для натурального линолеума, для виниловых покрытий, для пвх покрытий, для текстильных покрытий, для пробки, для резиновых покрытий'),
(950, 98, 'зубчатый шпатель TKB A1/A2, B1/B2, зависит от вида покрытия'),
(950, 102, '48 часов'),
(951, 63, 'Forbo'),
(951, 64, 'Россия'),
(951, 70, '10'),
(951, 77, 'Многофункциональный клей'),
(951, 78, 'Универсальный клей'),
(951, 79, 'коммерческих ПВХ-покрытий в рулонах, покрытий из вспененного винила на пол и стены, ПВХ-покрытий на основе из полиэстера или минеральных волокон, кварц-виниловых плиток, текстильных покрытий на основе ихз ПВХ. латекса и полиуретана, эластомерных (резиновых) покрытий, натурального линолеума, покрытий на джутовой основе'),
(951, 80, 'Да'),
(951, 81, 'светло-бежевый'),
(951, 82, 'впитывающие влагу, не впитывающие влагу'),
(951, 83, 'акриловая дисперсия'),
(951, 84, 'прибл. 1.04'),
(951, 85, '10-60'),
(951, 86, 'до 90'),
(951, 87, '280 - 310 г/м² (шпатель А1/А2) 400 – 500 г/м2 (шпатель В1/B2)'),
(951, 88, 'В заводской упаковке, при температуре от +5 до + 30 ºС'),
(951, 89, '15 месяцев'),
(951, 90, 'да, 5 циклов замораживания-оттаивания до -40С. В случае замерзания дать клею оттаять естественным путем в течении 2-3 дней'),
(951, 91, '15 – 25°С'),
(951, 92, 'не выше 75 %'),
(951, 93, 'средняя вязкость'),
(951, 94, 'Универсальный'),
(951, 97, 'для линолеума, для натурального линолеума, для виниловых покрытий, для пвх покрытий, для текстильных покрытий, для пробки, для резиновых покрытий'),
(951, 98, 'зубчатый шпатель TKB A1/A2, B1/B2, зависит от вида покрытия'),
(951, 102, '48 часов'),
(952, 63, 'Forbo'),
(952, 64, 'Россия'),
(952, 70, '7'),
(952, 77, 'Клей предназначен для приклеивания эластомерных покрытий на отшлифованной подложке'),
(952, 78, '2-К полиуретановый клей'),
(952, 79, 'штучного паркета, паркетной и массивной доски, многослойного щитового паркета, ламината, в соответствии с рекомендациями, эластомерных (резиновых) покрытий, металла, керамики, необработанных пробковых плит'),
(952, 80, 'Да'),
(952, 81, 'бежевый, коричневый'),
(952, 82, 'впитывающие влагу, не впитывающие влагу'),
(952, 83, 'полиуретан + изоцианат'),
(952, 84, 'полиуретан- ок. 1.75 кг/л,изоцианат- 1.24'),
(952, 87, 'для резиновых покрытий А1/A2 (TKB) 300 – 500 г/м²; для паркета 900-100 г/м2 (ТКВ/В3), 1100 - 1300 г/м² (В11/ТКВ)'),
(952, 88, 'в прохладном и сухом месте'),
(952, 89, '18 месяцев, в оригинальной упаковке'),
(952, 90, 'да'),
(952, 91, 'не ниже 18°С'),
(952, 92, '<75%, рекоменд. <65%'),
(952, 93, 'жидкая, пастообразная'),
(952, 94, '2-К полиуретановый'),
(952, 95, 'зубчатый шпатель'),
(952, 97, 'для паркета, для виниловых покрытий, для пробки, для резиновых покрытий'),
(952, 98, 'зубчатый шпатель, зависит от вида покрытия и типа основания'),
(952, 99, 'для незатвердевшего клея – терпентин (живичный скипидар), затвердевшие остатки удаляются только механическим путем'),
(952, 100, '100 вес. частей Клея- 12,5 вес. часть Отвердителя'),
(952, 101, '30 - 40 минут, при температуре +20°C'),
(952, 102, '8 – 10 часов при температуре +20˚С'),
(952, 104, '24 часа'),
(953, 63, 'Forbo'),
(953, 64, 'Россия'),
(953, 70, '10'),
(953, 77, 'Фиксация против сдвигов'),
(953, 78, 'Универсальный клей'),
(953, 79, 'кварц-виниловых плиток, текстильных покрытий на основе ихз ПВХ. латекса и полиуретана'),
(953, 80, 'Да'),
(953, 81, 'светло-бежевый'),
(953, 82, 'впитывающие влагу, не впитывающие влагу'),
(953, 83, 'акриловая дисперсия'),
(953, 84, '1.02'),
(953, 85, '60-120'),
(953, 86, '30-90'),
(953, 87, '100-150 г/м2 , зависит от основания'),
(953, 88, 'в хорошо закрытой упаковке, при нормальной температуре'),
(953, 89, 'прибл. 15 месяцев, вскрытую упаковку плотно закрыть и использовать в кратчайшие сроки'),
(953, 90, 'да, 5 циклов замораживания-оттаивания до -40С. В случае замерзания дать клею оттаять естественным путем в течении 2-3 дней'),
(953, 91, '15 – 25°С'),
(953, 92, 'не выше 75 %'),
(953, 93, 'низкая вязкость'),
(953, 94, 'Универсальный'),
(953, 97, 'фиксация'),
(953, 98, 'валик из поролона, мелкозубчатый шпатель'),
(953, 102, '24 часа'),
(954, 63, 'Forbo'),
(954, 64, 'Россия'),
(954, 70, '10'),
(954, 77, 'Контактный клей с высокой начальной клеящей способностью'),
(954, 78, 'Контактный клей'),
(954, 79, 'покрытий из вспененного винила на пол и стены, кварц-виниловых плиток, текстильных покрытий на основе ихз ПВХ. латекса и полиуретана, гомогенных виниловых покрытий, эластомерных (резиновых) покрытий, необработанных пробковых плит, натурального линолеума, покрытий на джутовой основе'),
(954, 80, 'Да'),
(954, 81, 'янтарный'),
(954, 83, 'полихлоропрен'),
(954, 84, 'ок. 0.84'),
(954, 85, '10-20'),
(954, 87, '200-300 г/м2 при контактном приклеивании'),
(954, 88, 'в хорошо закрытой упаковке, при нормальной температуре. Вскрытые упаковки использовать в кратчайшие сроки'),
(954, 89, 'в течении 12 месяцев в заводской упаковке'),
(954, 90, 'Да. При температуре ниже 5°С клей переходит в желеобразную консистенцию. После медленного размораживания в помещении при t 20-25°С клей тщательно размешать, и он готов к применению.'),
(954, 91, 'не ниже 15°С'),
(954, 92, 'не выше 65 %'),
(954, 93, 'средняя вязкость'),
(954, 94, 'Контактный'),
(954, 95, 'кисточка, валик, мелкозубчатый шпатель'),
(954, 97, 'для линолеума, контактный клей, для виниловых покрытий, для пвх покрытий'),
(954, 98, 'гладкий или мелкозубчатый шпатель ТКВ/А1, валик или кисть'),
(954, 102, 'ок. 2 часов'),
(954, 104, 'ок. 24 часов'),
(955, 63, 'Forbo'),
(955, 64, 'Россия'),
(955, 70, '12'),
(955, 77, 'Приклеивание различных материалов'),
(955, 78, 'Токопроводящий клей'),
(955, 79, 'покрытий из вспененного винила на пол и стены, текстильных покрытий на основе ихз ПВХ. латекса и полиуретана'),
(955, 80, 'Да'),
(955, 81, 'серый'),
(955, 82, 'впитывающие влагу, не впитывающие влагу'),
(955, 83, 'акриловая дисперсия'),
(955, 84, 'ок. 1.2'),
(955, 85, '5-40'),
(955, 86, 'до 60'),
(955, 87, 'ок. 250 г/м2 - 450 г/м2, в зависимостит от вида покрытия, типа основания и размера зубчатого шпателя'),
(955, 88, 'в хорошо закрытой упаковке, при нормальной температуре. Вскрытые упаковки использовать в кратчайшие сроки'),
(955, 89, 'не менее 15 месяцев, в заводской закрытой упаковке'),
(955, 90, 'да, 5 циклов замораживания-оттаивания до -40С. В случае замерзания дать клею оттаять естественным путем в течении 2-3 дней'),
(955, 91, 'не ниже 15°С'),
(955, 92, 'не выше 75 %'),
(955, 93, 'средняя вязкость'),
(955, 94, 'Токопроводящий клей'),
(955, 97, 'для токопроводящей системы'),
(955, 98, 'зубчатый шпатель (S1-для ПВХ и виниловых покрытий, TL-для текстильных покрытий)'),
(955, 102, 'ок. 48 часов'),
(956, 63, 'Forbo'),
(956, 64, 'Россия'),
(956, 70, '3.8'),
(956, 77, 'Контактный клей с высокой начальной клеящей способностью'),
(956, 78, 'Контактный клей'),
(956, 79, 'коммерческих ПВХ-покрытий в рулонах, покрытий из вспененного винила на пол и стены, ПВХ-покрытий на основе из полиэстера или минеральных волокон, текстильных покрытий на основе ихз ПВХ. латекса и полиуретана, эластомерных (резиновых) покрытий, натурального линолеума, покрытий на джутовой основе'),
(956, 80, 'Да'),
(956, 81, 'янтарный'),
(956, 83, 'полихлоропрен'),
(956, 84, 'не менее 0.78'),
(956, 85, '10-20'),
(956, 87, '200-300 г/м2 на один слой'),
(956, 88, 'в хорошо закрытой упаковке, при нормальной температуре. Вскрытые упаковки использовать в кратчайшие сроки'),
(956, 89, 'в течении 12 месяцев в заводской упаковке'),
(956, 90, 'да, 5 циклов замораживания-оттаивания до -40С. В случае замерзания дать грунтовке оттаять при положительной температуре не выше +25 °C в течении нескольких дней'),
(956, 91, 'не ниже 15°С'),
(956, 92, '<75%, рекоменд. <65%'),
(956, 93, 'средняя вязкость'),
(956, 94, 'Контактный'),
(956, 95, 'кисточка, валик, мелкозубчатый шпатель'),
(956, 96, 'ок. 2 часов'),
(956, 98, 'гладкий или мелкозубчатый шпатель ТКВ/А1, велюровый валик или кисть'),
(956, 104, 'ок. 48 часов'),
(957, 63, 'Forbo'),
(957, 64, 'Россия'),
(957, 70, '13.2'),
(957, 77, 'Предназначен специально для приклеивания искусственной травы'),
(957, 78, '2-К полиуретановый клей'),
(957, 79, 'искусственных газонов, лент для швов из полиэстера'),
(957, 81, 'коричневый, зеленый'),
(957, 82, 'впитывающие влагу, не впитывающие влагу'),
(957, 83, 'полиуретан + изоцианат'),
(957, 84, 'ок. 1.65'),
(957, 86, 'ок. 90'),
(957, 87, '800 г/ м² при нанесении шпателем В2, 1000 г/м² при нанесении шпателем В3'),
(957, 88, 'В заводской упаковке, при температуре от +5 до + 30 ºС'),
(957, 89, '18 месяцев, в оригинальной упаковке'),
(957, 90, 'да'),
(957, 91, '15 – 25°С'),
(957, 92, 'не выше 75 %'),
(957, 93, 'жидкая, пастообразная'),
(957, 94, '2-К полиуретановый'),
(957, 95, 'зубчатый шпатель'),
(957, 97, 'для искусственной травы'),
(957, 98, 'зубчатый шпатель, н-р, TKB/В2-В3, зависит от подложки покрытия'),
(957, 100, '100 вес. частей Клея- 10 вес. часть Отвердителя'),
(957, 101, '60 - 70 минут, при температуре +20°C'),
(957, 102, '8 – 10 часов при 20⁰ С'),
(957, 104, '12 часов'),
(958, 63, 'Forbo'),
(958, 64, 'Россия'),
(958, 70, '13'),
(958, 77, 'Клей-фиксатор для модульных и рулонных покрытий'),
(958, 78, 'Универсальный клей'),
(958, 79, 'коммерческих ПВХ-покрытий в рулонах, ПВХ-покрытий на основе из полиэстера или минеральных волокон, текстильных покрытий на основе ихз ПВХ. латекса и полиуретана, штучного паркета, паркетной и массивной доски, многослойного щитового паркета, ламината, в соответствии с рекомендациями'),
(958, 80, 'Да'),
(958, 81, 'светло-бежевый'),
(958, 82, 'впитывающие влагу, не впитывающие влагу'),
(958, 83, 'дисперсия на основе искусственных смол'),
(958, 84, 'ок. 1.2'),
(958, 85, '20 - 40'),
(958, 87, 'ок. 150 - 200 г/м²'),
(958, 88, 'в хорошо закрытой упаковке, при нормальной температуре. Вскрытые упаковки использовать в кратчайшие сроки'),
(958, 89, '15 месяцев'),
(958, 90, 'да, 5 циклов замораживания-оттаивания до -40С. В случае замерзания дать клею оттаять естественным путем в течении 2-3 дней'),
(958, 91, 'не ниже 15°С'),
(958, 92, 'не выше 75 %'),
(958, 93, 'средняя вязкость'),
(958, 94, 'Универсальный'),
(958, 97, 'фиксация'),
(958, 98, 'валик, мелкозубчатый шпатель (н-р: TKB/A1)'),
(958, 102, '24 часа'),
(959, 63, 'Forbo'),
(959, 64, 'Россия'),
(959, 70, '14'),
(959, 77, 'Клей для натуральных покрытий'),
(959, 78, 'Морозоустойчивый клей для натурального линолеума'),
(959, 79, 'натурального линолеума, покрытий на джутовой основе'),
(959, 80, 'Да'),
(959, 81, 'бежевый'),
(959, 82, 'впитывающие влагу'),
(959, 83, 'сополимерная дисперсия'),
(959, 84, 'прибл. 1.30'),
(959, 85, '15 - 20'),
(959, 87, '350 - 450 г/м²'),
(959, 88, 'в хорошо закрытой упаковке, при нормальной температуре'),
(959, 89, 'прибл. 15 месяцев, вскрытую упаковку плотно закрыть и использовать в кратчайшие сроки'),
(959, 90, 'да'),
(959, 91, 'не ниже 18°С'),
(959, 92, 'не выше 75 %'),
(959, 93, 'средняя вязкость'),
(959, 94, 'Морозоустойчивый клей для натурального линолеума'),
(959, 97, 'для натурального линолеума, для пробки'),
(959, 98, 'зубчатый шпатель (ТКВ / В1)'),
(959, 102, 'ок. 24 часов'),
(960, 63, 'Forbo'),
(960, 64, 'Россия'),
(960, 70, '0.75'),
(960, 77, 'Предназначен для ремонта подвижных участков приклеенного к основанию паркетного пола.'),
(960, 78, 'Клей для ремонта паркетного пола'),
(960, 79, 'штучного паркета, паркетной и массивной доски, многослойного щитового паркета'),
(960, 81, 'коричневый'),
(960, 82, 'впитывающие влагу, не впитывающие влагу'),
(960, 83, 'Полиуретан'),
(960, 84, 'пприбл. 1.11'),
(960, 88, 'в хорошо закрытой упаковке, при нормальной температуре. Вскрытые упаковки использовать в кратчайшие сроки'),
(960, 89, 'в течении 12 месяцев в заводской упаковке'),
(960, 90, 'да'),
(960, 91, '15 – 25°С'),
(960, 92, 'не выше 65 %'),
(960, 93, 'жидкая'),
(960, 94, 'Ремонтный клей'),
(960, 97, 'для паркета'),
(960, 98, 'шприцывание'),
(960, 99, 'для высохшего клея - Forbo растворитель 683'),
(960, 102, 'около 3 часов'),
(961, 63, 'Forbo'),
(961, 64, 'Россия'),
(961, 70, '13.8'),
(961, 77, 'Предназначен специально для приклеивания искусственной травы'),
(961, 78, '2-К полиуретановый клей'),
(961, 79, 'искусственных газонов, лент для швов из полиэстера'),
(961, 81, 'коричневый зеленый'),
(961, 82, 'впитывающие влагу, не впитывающие влагу'),
(961, 83, 'полиуретан + изоцианат'),
(961, 84, 'пприбл. 1.5'),
(961, 86, 'ок. 60'),
(961, 87, '800 - 1000 г/м2 , зависит от покрытия и ширины шва. Например, 270 г/пог.м для ленты шириной 30 см'),
(961, 88, 'в хорошо закрытой упаковке, при нормальной температуре. Вскрытые упаковки использовать в кратчайшие сроки'),
(961, 89, '18 месяцев, в оригинальной упаковке'),
(961, 90, 'да'),
(961, 91, '+5°С до + 35°С'),
(961, 92, '< 90%'),
(961, 93, 'жидкая, пастообразная'),
(961, 94, '2-К полиуретановый'),
(961, 95, 'зубчатый шпатель'),
(961, 97, 'для искусственной травы'),
(961, 98, 'зубчатый шпатель, напр. ТКВ / В3 – В11, в зависимости от изнаночной стороны покрытия'),
(961, 99, 'растворитель'),
(961, 100, '100 вес. частей Клея- 15 вес. часть Отвердителя'),
(961, 102, 'ок. 12 часов'),
(961, 104, '12 часов'),
(962, 63, 'Forbo'),
(962, 64, 'Россия'),
(962, 70, '13'),
(962, 77, 'Клей для LVT и других виниловых покрытий'),
(962, 78, 'Универсальный клей'),
(962, 79, 'коммерческих ПВХ-покрытий в рулонах, покрытий из вспененного винила на пол и стены, ПВХ-покрытий на основе из полиэстера или минеральных волокон, текстильных покрытий на основе ихз ПВХ. латекса и полиуретана'),
(962, 80, 'Да'),
(962, 81, 'бежевый'),
(962, 82, 'впитывающие влагу'),
(962, 83, 'акриловая дисперсия'),
(962, 84, '~ 1.4 – 1.5'),
(962, 85, '10 – 20'),
(962, 86, 'ок. 40'),
(962, 87, 'прибл. 380 г/м2 , зависит от покрытия, основания и размера зубчатого шпателя'),
(962, 88, 'в оригинальной упаковке, в условиях, не допускающих увлажнения; вскрытые мешки тщательно закрыть и использовать в кратчайшие сроки'),
(962, 89, '15 месяцев'),
(962, 90, 'да, 5 циклов замораживания-оттаивания до -40С. В случае замерзания дать клею оттаять естественным путем в течении 2-3 дней'),
(962, 91, '15 – 25°С'),
(962, 92, 'не выше 65 %'),
(962, 93, 'средняя вязкость'),
(962, 94, 'Универсальный'),
(962, 97, 'для линолеума, для виниловых покрытий, для пвх покрытий'),
(962, 98, 'зубчатый шпатель TKB: A1/A2/B1/ B2'),
(962, 102, 'прибл. 48 часов'),
(963, 63, 'Forbo'),
(963, 64, 'Россия'),
(963, 70, '20'),
(963, 77, 'Приклеивание различных материалов'),
(963, 78, 'Универсальный клей'),
(963, 79, 'коммерческих ПВХ-покрытий в рулонах, покрытий из вспененного винила на пол и стены, ПВХ-покрытий на основе из полиэстера или минеральных волокон, текстильных покрытий на основе ихз ПВХ. латекса и полиуретана'),
(963, 80, 'Да'),
(963, 81, 'бежевый'),
(963, 82, 'впитывающие влагу'),
(963, 83, 'акриловая дисперсия'),
(963, 84, '~ 1.4 – 1.5'),
(963, 85, '10 – 20'),
(963, 86, 'ок. 40'),
(963, 87, 'прибл. 380 г/м2 , зависит от покрытия, основания и размера зубчатого шпателя'),
(963, 88, 'в оригинальной упаковке, в условиях, не допускающих увлажнения; вскрытые мешки тщательно закрыть и использовать в кратчайшие сроки'),
(963, 89, '15 месяцев'),
(963, 90, 'да, 5 циклов замораживания-оттаивания до -40С. В случае замерзания дать клею оттаять естественным путем в течении 2-3 дней'),
(963, 91, '15 – 25°С'),
(963, 92, 'не выше 65 %'),
(963, 93, 'средняя вязкость'),
(963, 94, 'Универсальный'),
(963, 97, 'для линолеума, для виниловых покрытий, для пвх покрытий, для текстильных покрытий'),
(963, 98, 'зубчатый шпатель TKB: A1/A2/B1/ B2'),
(963, 102, 'прибл. 48 часов'),
(964, 63, 'Forbo'),
(964, 64, 'Россия'),
(964, 70, '13'),
(964, 77, 'Приклеивание различных материалов'),
(964, 78, 'Универсальный клей'),
(964, 79, 'коммерческих ПВХ-покрытий в рулонах, покрытий из вспененного винила на пол и стены, ПВХ-покрытий на основе из полиэстера или минеральных волокон, текстильных покрытий на основе ихз ПВХ. латекса и полиуретана'),
(964, 80, 'Да'),
(964, 81, 'бежевый'),
(964, 82, 'впитывающие влагу'),
(964, 83, 'акриловая дисперсия'),
(964, 84, '~ 1.4 – 1.5'),
(964, 85, '10 – 20'),
(964, 86, 'ок. 40'),
(964, 87, 'прибл. 380 г/м2 , зависит от покрытия, основания и размера зубчатого шпателя'),
(964, 88, 'в оригинальной упаковке, в условиях, не допускающих увлажнения; вскрытые мешки тщательно закрыть и использовать в кратчайшие сроки'),
(964, 89, '15 месяцев'),
(964, 90, 'да, 5 циклов замораживания-оттаивания до -40С. В случае замерзания дать клею оттаять естественным путем в течении 2-3 дней'),
(964, 91, '15 – 25°С'),
(964, 92, 'не выше 65 %'),
(964, 93, 'средняя вязкость'),
(964, 94, 'Универсальный'),
(964, 97, 'для линолеума, для виниловых покрытий, для пвх покрытий, для текстильных покрытий'),
(964, 98, 'зубчатый шпатель TKB: A1/A2/B1/ B2'),
(964, 102, 'прибл. 48 часов'),
(965, 63, 'Forbo'),
(965, 64, 'Россия'),
(965, 70, '20'),
(965, 77, 'Клей для виниловых и ковровых покрытий'),
(965, 78, 'Универсальный клей'),
(965, 79, 'коммерческих ПВХ-покрытий в рулонах, покрытий из вспененного винила на пол и стены, ПВХ-покрытий на основе из полиэстера или минеральных волокон'),
(965, 80, 'Да'),
(965, 81, 'бежевый'),
(965, 82, 'впитывающие влагу'),
(965, 83, 'акриловая дисперсия'),
(965, 84, '1.4'),
(965, 85, '10 – 20'),
(965, 86, 'ок. 30'),
(965, 87, 'ок. 320 г/м² для виниловых и ПВХ-покрытий, 420-480 г/м² для ковровых покрытий'),
(965, 88, 'в хорошо закрытой упаковке, при нормальной температуре. Вскрытые упаковки использовать в кратчайшие сроки'),
(965, 89, 'не менее 15 месяцев, в заводской закрытой упаковке'),
(965, 90, 'да'),
(965, 91, 'не ниже 15°С'),
(965, 92, 'не выше 65 %'),
(965, 93, 'средняя вязкость'),
(965, 94, 'Универсальный'),
(965, 97, 'для линолеума, для виниловых покрытий, для пвх покрытий'),
(965, 98, 'зубчатый шпатель ТКВ А2/В1, зависит от вида покрытия'),
(965, 102, 'прибл. 48 часов'),
(966, 63, 'Forbo'),
(966, 64, 'Россия'),
(966, 70, '13'),
(966, 77, 'Клей для виниловых и ковровых покрытий'),
(966, 78, 'Универсальный клей'),
(966, 79, 'коммерческих ПВХ-покрытий в рулонах, покрытий из вспененного винила на пол и стены, ПВХ-покрытий на основе из полиэстера или минеральных волокон'),
(966, 80, 'Да'),
(966, 81, 'бежевый'),
(966, 82, 'впитывающие влагу'),
(966, 83, 'акриловая дисперсия'),
(966, 84, '1.4'),
(966, 85, '10 – 20'),
(966, 86, 'ок. 30'),
(966, 87, 'ок. 320 г/м² для виниловых и ПВХ-покрытий, 420-480 г/м² для ковровых покрытий'),
(966, 88, 'в хорошо закрытой упаковке, при нормальной температуре. Вскрытые упаковки использовать в кратчайшие сроки'),
(966, 89, 'не менее 15 месяцев, в заводской закрытой упаковке'),
(966, 90, 'да'),
(966, 91, 'не ниже 15°С'),
(966, 92, 'не выше 65 %'),
(966, 93, 'средняя вязкость'),
(966, 94, 'Универсальный'),
(966, 97, 'для линолеума, для виниловых покрытий, для пвх покрытий'),
(966, 98, 'зубчатый шпатель ТКВ А2/В1, зависит от вида покрытия'),
(966, 102, 'прибл. 48 часов'),
(967, 63, 'Forbo'),
(967, 64, 'Россия'),
(967, 70, '0.8'),
(967, 77, 'Однокомпонентный клей для фиксации резьбовых соединений металлических опорных стоек для фальшполов.'),
(967, 78, '1-К клей для фальшполов'),
(967, 79, 'болтов и гаек'),
(967, 81, 'зеленовато-синий'),
(967, 83, 'полиуретановый фторполимер'),
(967, 84, '1.01'),
(967, 87, '1шт/ 300-350 стоек'),
(967, 88, 'в хорошо закрытой упаковке, при нормальной температуре. Вскрытые упаковки использовать в кратчайшие сроки'),
(967, 89, 'в течении 12 месяцев в заводской упаковке'),
(967, 90, 'да'),
(967, 91, '+5°С до + 35°С'),
(967, 92, 'не выше 65 %'),
(967, 93, 'жидкая'),
(967, 94, '1-К клей для фальшполов'),
(967, 95, 'кисточка'),
(967, 97, 'для резьбовых соединений'),
(967, 98, 'кисточка'),
(967, 99, 'растворитель Helmitin 694'),
(967, 102, '6 - 10 часов, в зависимости от влажности воздуха'),
(968, 63, 'Forbo'),
(968, 64, 'Россия'),
(968, 70, '9.6'),
(968, 77, 'Предназначен для приклеивания всех видов штучного, мозаичного, многослойного паркетов'),
(968, 78, '2-К полиуретановый клей'),
(968, 79, 'штучного паркета, паркетной и массивной доски, многослойного щитового паркета'),
(968, 80, 'Да'),
(968, 81, 'бежевый, коричневый'),
(968, 82, 'впитывающие влагу, не впитывающие влагу'),
(968, 83, 'полиуретан + изоцианат'),
(968, 84, 'полиуретан - ок. 1.75 кг/л, изоцианат - 1,24'),
(968, 87, 'прибл. 450 – 600 г/м² (TKB/B1) для подложек Eurocol прибл. 1000 – 1100 г/м² (TKB/B3) для штучного паркета прибл. 1100 – 1300 г/м² (TKB/В11) для крупноформатных элементов'),
(968, 88, 'в прохладном и сухом месте'),
(968, 89, 'в течении 12 месяцев в заводской упаковке'),
(968, 90, 'да'),
(968, 91, 'не ниже 18°С'),
(968, 92, '<75%, рекоменд. <65%'),
(968, 93, 'низкая вязкость, пастообразная'),
(968, 94, '2-К полиуретановый'),
(968, 95, 'зубчатый шпатель'),
(968, 97, 'для паркета'),
(968, 98, 'зубчатый шпатель, зависит от вида покрытия и типа основания'),
(968, 99, 'для незатвердевшего клея – терпентин (живичный скипидар), затвердевшие остатки удаляются только механическим путем'),
(968, 100, '100 вес. частей Клея- 10 вес. часть Отвердителя'),
(968, 101, '30 - 40 минут, при температуре +20°C'),
(968, 102, '8 – 10 часов при температуре +20˚С'),
(968, 104, 'прибл. 48 часов.'),
(969, 63, 'Forbo'),
(969, 64, 'Россия'),
(969, 70, '16'),
(969, 77, 'Клей предназначен для укладки массивной и многослойной доски, особенно крупных форматов'),
(969, 78, '1-K паркетный клей'),
(969, 79, 'штучного паркета, паркетной и массивной доски, многослойного щитового паркета'),
(969, 80, 'Да'),
(969, 81, 'бежевый'),
(969, 82, 'впитывающие влагу, не впитывающие влагу'),
(969, 83, 'MS (силан-завершенный) полимер'),
(969, 84, 'прибл. 1.6'),
(969, 86, '20'),
(969, 87, 'ок. 450 – 600 г/м² (TKB/B1) для подложек Eurocol ок. 800 – 1000 г/м² (TKB/B3) для мелкоформатных элементов ок. 1000 – 1200 г/м² (TKB/В11) для крупноформатных элементов'),
(969, 88, 'в хорошо закрытой упаковке, при нормальной температуре'),
(969, 89, 'в течении 12 месяцев в заводской упаковке'),
(969, 90, 'да'),
(969, 91, 'не ниже 18°С'),
(969, 92, 'не выше 65 %'),
(969, 93, 'паста'),
(969, 94, 'Паркетный клей'),
(969, 95, 'зубчатый шпатель'),
(969, 97, 'для паркета'),
(969, 98, 'зубчатый шпатель, размер зависит от формата паркета/покрытия и основания, напр, В1/ВЗ/В11 (ТКВ)'),
(969, 99, '815 Euroclean Elandclean (для незатвердевшего материала) или Спирт'),
(969, 102, 'около 2 часов'),
(969, 104, '24 - 48 часов'),
(970, 63, 'Forbo'),
(970, 64, 'Россия'),
(970, 70, '13'),
(970, 77, 'Универсальный клей'),
(970, 78, 'Универсальный клей'),
(970, 79, 'коммерческих ПВХ-покрытий в рулонах, покрытий из вспененного винила на пол и стены, ПВХ-покрытий на основе из полиэстера или минеральных волокон, эластомерных (резиновых) покрытий, натурального линолеума, покрытий на джутовой основе'),
(970, 80, 'Да'),
(970, 81, 'белый'),
(970, 82, 'впитывающие влагу'),
(970, 83, 'акриловая дисперсия'),
(970, 84, '~ 1.30'),
(970, 85, '10-30'),
(970, 86, 'прибл. до 30'),
(970, 87, '220-350 г/м²'),
(970, 88, 'В заводской упаковке, при температуре от +5 до + 30 ºС'),
(970, 89, '15 месяцев'),
(970, 90, 'да, 5 циклов замораживания-оттаивания до -40С. В случае замерзания дать клею оттаять естественным путем в течении 2-3 дней'),
(970, 91, '15 – 25°С'),
(970, 92, 'не выше 65 %'),
(970, 93, 'средняя вязкость'),
(970, 94, 'Универсальный'),
(970, 97, 'для линолеума, для натурального линолеума, для виниловых покрытий, для пвх покрытий, для пробки, для резиновых покрытий'),
(970, 98, 'зубчатый шпатель, в зависимости от покрытия TKB/ A1 - A2 - B1 – B2'),
(970, 102, '48-72 часа'),
(971, 57, '1261'),
(971, 58, '133'),
(971, 59, '12'),
(971, 60, '33'),
(971, 63, 'Unilin Flooring'),
(971, 64, 'Россия'),
(971, 67, 'Универсальный замок'),
(971, 68, '8'),
(971, 69, '1.342'),
(971, 74, 'Ультра узкая'),
(971, 105, 'Совпадает с рисунком'),
(971, 106, 'Глубокая ламинированная фаска'),
(972, 57, '1261'),
(972, 58, '133'),
(972, 59, '12'),
(972, 60, '33'),
(972, 63, 'Unilin Flooring'),
(972, 64, 'Россия'),
(972, 67, 'Универсальный замок'),
(972, 68, '8'),
(972, 69, '1.342'),
(972, 74, 'Ультра узкая'),
(972, 105, 'Совпадает с рисунком'),
(972, 106, 'Глубокая ламинированная фаска'),
(973, 57, '1261'),
(973, 58, '133'),
(973, 59, '12'),
(973, 60, '33'),
(973, 63, 'Unilin Flooring'),
(973, 64, 'Россия'),
(973, 67, 'Универсальный замок'),
(973, 68, '8'),
(973, 69, '1.342'),
(973, 74, 'Ультра узкая'),
(973, 105, 'Совпадает с рисунком'),
(973, 106, 'Глубокая ламинированная фаска'),
(974, 57, '1261'),
(974, 58, '133'),
(974, 59, '12'),
(974, 60, '33'),
(974, 63, 'Unilin Flooring'),
(974, 64, 'Россия'),
(974, 67, 'Универсальный замок'),
(974, 68, '8'),
(974, 69, '1.342'),
(974, 74, 'Ультра узкая'),
(974, 105, 'Совпадает с рисунком'),
(974, 106, 'Глубокая ламинированная фаска'),
(975, 57, '1261'),
(975, 58, '133'),
(975, 59, '12'),
(975, 60, '33'),
(975, 63, 'Unilin Flooring'),
(975, 64, 'Россия'),
(975, 67, 'Универсальный замок'),
(975, 68, '8'),
(975, 69, '1.342'),
(975, 74, 'Ультра узкая'),
(975, 105, 'Совпадает с рисунком'),
(975, 106, 'Глубокая ламинированная фаска'),
(976, 57, '1261'),
(976, 58, '133'),
(976, 59, '12'),
(976, 60, '33'),
(976, 63, 'Unilin Flooring'),
(976, 64, 'Россия'),
(976, 67, 'Универсальный замок'),
(976, 68, '8'),
(976, 69, '1.342'),
(976, 74, 'Ультра узкая'),
(976, 105, 'Совпадает с рисунком'),
(976, 106, 'Глубокая ламинированная фаска'),
(977, 57, '1261'),
(977, 58, '133'),
(977, 59, '12'),
(977, 60, '33'),
(977, 63, 'Unilin Flooring'),
(977, 64, 'Россия'),
(977, 67, 'Универсальный замок'),
(977, 68, '8'),
(977, 69, '1.342'),
(977, 74, 'Ультра узкая'),
(977, 105, 'Совпадает с рисунком'),
(977, 106, 'Глубокая ламинированная фаска'),
(978, 57, '1261'),
(978, 58, '133'),
(978, 59, '12'),
(978, 60, '33'),
(978, 63, 'Unilin Flooring'),
(978, 64, 'Россия'),
(978, 67, 'Универсальный замок'),
(978, 68, '8'),
(978, 69, '1.342'),
(978, 74, 'Ультра узкая'),
(978, 105, 'Совпадает с рисунком'),
(978, 106, 'Глубокая ламинированная фаска'),
(979, 57, '1261'),
(979, 58, '133'),
(979, 59, '12'),
(979, 60, '33'),
(979, 63, 'Unilin Flooring'),
(979, 64, 'Россия'),
(979, 67, 'Универсальный замок'),
(979, 68, '8'),
(979, 69, '1.342'),
(979, 74, 'Ультра узкая'),
(979, 105, 'Совпадает с рисунком'),
(979, 106, 'Глубокая ламинированная фаска'),
(980, 57, '1261'),
(980, 58, '133'),
(980, 59, '12'),
(980, 60, '33'),
(980, 63, 'Unilin Flooring'),
(980, 64, 'Россия'),
(980, 67, 'Универсальный замок'),
(980, 68, '8'),
(980, 69, '1.342'),
(980, 74, 'Ультра узкая'),
(980, 105, 'Совпадает с рисунком'),
(980, 106, 'Глубокая ламинированная фаска'),
(981, 57, '1380'),
(981, 58, '190'),
(981, 59, '12'),
(981, 60, '33'),
(981, 63, 'Unilin Flooring'),
(981, 64, 'Россия'),
(981, 67, 'Универсальный замок'),
(981, 68, '5'),
(981, 69, '1.311'),
(981, 74, 'Стандартная'),
(981, 105, 'Да'),
(981, 106, '4-сторонняя'),
(982, 57, '1380'),
(982, 58, '190'),
(982, 59, '12'),
(982, 60, '33'),
(982, 63, 'Unilin Flooring'),
(982, 64, 'Россия'),
(982, 67, 'Универсальный замок'),
(982, 68, '5'),
(982, 69, '1.311'),
(982, 74, 'Стандартная'),
(982, 105, 'Да'),
(982, 106, '4-сторонняя'),
(983, 57, '1380'),
(983, 58, '190'),
(983, 59, '12'),
(983, 60, '33'),
(983, 63, 'Unilin Flooring'),
(983, 64, 'Россия'),
(983, 67, 'Универсальный замок'),
(983, 68, '5'),
(983, 69, '1.311'),
(983, 74, 'Стандартная'),
(983, 105, 'Да'),
(983, 106, '4-сторонняя'),
(984, 57, '1380'),
(984, 58, '190'),
(984, 59, '12'),
(984, 60, '33'),
(984, 63, 'Unilin Flooring'),
(984, 64, 'Россия'),
(984, 67, 'Универсальный замок'),
(984, 68, '5'),
(984, 69, '1.311'),
(984, 74, 'Стандартная'),
(984, 105, 'Да'),
(984, 106, '4-сторонняя'),
(985, 57, '1380'),
(985, 58, '190'),
(985, 59, '12'),
(985, 60, '33'),
(985, 63, 'Unilin Flooring'),
(985, 64, 'Россия'),
(985, 67, 'Универсальный замок'),
(985, 68, '5'),
(985, 69, '1.311'),
(985, 74, 'Стандартная'),
(985, 105, 'Да'),
(985, 106, '4-сторонняя'),
(986, 57, '1380'),
(986, 58, '190'),
(986, 59, '12'),
(986, 60, '33'),
(986, 63, 'Unilin Flooring'),
(986, 64, 'Россия'),
(986, 67, 'Универсальный замок'),
(986, 68, '5'),
(986, 69, '1.311'),
(986, 74, 'Стандартная'),
(986, 105, 'Да'),
(986, 106, '4-сторонняя'),
(987, 57, '1261'),
(987, 58, '190'),
(987, 59, '8'),
(987, 60, '33'),
(987, 63, 'Unilin Flooring'),
(987, 64, 'Россия'),
(987, 67, 'Универсальный замок'),
(987, 68, '9'),
(987, 69, '2.156'),
(987, 74, 'Стандартная'),
(987, 105, 'Да'),
(987, 106, '4-сторонняя'),
(988, 57, '1261'),
(988, 58, '190'),
(988, 59, '8'),
(988, 60, '33'),
(988, 63, 'Unilin Flooring'),
(988, 64, 'Россия'),
(988, 67, 'Универсальный замок'),
(988, 68, '9'),
(988, 69, '2.156'),
(988, 74, 'Стандартная'),
(988, 105, 'Да'),
(988, 106, '4-сторонняя'),
(989, 57, '1261'),
(989, 58, '190'),
(989, 59, '8'),
(989, 60, '33'),
(989, 63, 'Unilin Flooring'),
(989, 64, 'Россия'),
(989, 67, 'Универсальный замок'),
(989, 68, '9'),
(989, 69, '2.156'),
(989, 74, 'Стандартная'),
(989, 105, 'Да'),
(989, 106, '4-сторонняя'),
(990, 57, '1261'),
(990, 58, '190'),
(990, 59, '8'),
(990, 60, '33'),
(990, 63, 'Unilin Flooring'),
(990, 64, 'Россия'),
(990, 67, 'Универсальный замок'),
(990, 68, '9'),
(990, 69, '2.156'),
(990, 74, 'Стандартная'),
(990, 105, 'Да'),
(990, 106, '4-сторонняя'),
(991, 57, '1261'),
(991, 58, '190'),
(991, 59, '8'),
(991, 60, '33'),
(991, 63, 'Unilin Flooring'),
(991, 64, 'Россия'),
(991, 67, 'Универсальный замок'),
(991, 68, '9'),
(991, 69, '2.156'),
(991, 74, 'Стандартная'),
(991, 105, 'Да'),
(991, 106, '4-сторонняя'),
(992, 57, '1261'),
(992, 58, '190'),
(992, 59, '8'),
(992, 60, '33'),
(992, 63, 'Unilin Flooring'),
(992, 64, 'Россия'),
(992, 67, 'Универсальный замок'),
(992, 68, '9'),
(992, 69, '2.156'),
(992, 74, 'Стандартная'),
(992, 105, 'Да'),
(992, 106, '4-сторонняя'),
(993, 57, '1261'),
(993, 58, '190'),
(993, 59, '8'),
(993, 60, '33'),
(993, 63, 'Unilin Flooring'),
(993, 64, 'Россия'),
(993, 67, 'Универсальный замок'),
(993, 68, '9'),
(993, 69, '2.156'),
(993, 74, 'Стандартная'),
(993, 105, 'Да'),
(993, 106, '4-сторонняя'),
(994, 57, '1261'),
(994, 58, '190'),
(994, 59, '8'),
(994, 60, '33'),
(994, 63, 'Unilin Flooring'),
(994, 64, 'Россия'),
(994, 67, 'Универсальный замок'),
(994, 68, '9'),
(994, 69, '2.156'),
(994, 74, 'Стандартная'),
(994, 105, 'Да'),
(994, 106, '4-сторонняя'),
(995, 57, '1200'),
(995, 58, '190'),
(995, 59, '8'),
(995, 60, '32'),
(995, 63, 'Unilin Flooring'),
(995, 64, 'Россия / Бельгия'),
(995, 67, 'Универсальный замок'),
(995, 68, '7'),
(995, 69, '1.596'),
(995, 74, 'Стандартная'),
(995, 105, 'Да'),
(995, 106, 'Да'),
(996, 57, '1200'),
(996, 58, '190'),
(996, 59, '8'),
(996, 60, '32'),
(996, 63, 'Unilin Flooring'),
(996, 64, 'Россия / Бельгия'),
(996, 67, 'Универсальный замок'),
(996, 68, '7'),
(996, 69, '1.596'),
(996, 74, 'Стандартная'),
(996, 105, 'Да'),
(996, 106, 'Нет'),
(997, 57, '1200'),
(997, 58, '190'),
(997, 59, '8'),
(997, 60, '32'),
(997, 63, 'Unilin Flooring'),
(997, 64, 'Россия / Бельгия'),
(997, 67, 'Универсальный замок'),
(997, 68, '7'),
(997, 69, '1.596'),
(997, 74, 'Стандартная'),
(997, 105, 'Да'),
(997, 106, 'Нет'),
(998, 57, '1200'),
(998, 58, '190'),
(998, 59, '8'),
(998, 60, '32'),
(998, 63, 'Unilin Flooring'),
(998, 64, 'Россия / Бельгия'),
(998, 67, 'Универсальный замок'),
(998, 68, '7'),
(998, 69, '1.596'),
(998, 74, 'Стандартная'),
(998, 105, 'Да'),
(998, 106, 'Да'),
(999, 57, '1200'),
(999, 58, '190'),
(999, 59, '8'),
(999, 60, '32'),
(999, 63, 'Unilin Flooring'),
(999, 64, 'Россия / Бельгия'),
(999, 67, 'Универсальный замок'),
(999, 68, '7'),
(999, 69, '1.596'),
(999, 74, 'Стандартная'),
(999, 105, 'Да'),
(999, 106, 'Да'),
(1000, 57, '1200'),
(1000, 58, '190'),
(1000, 59, '8'),
(1000, 60, '32'),
(1000, 63, 'Unilin Flooring'),
(1000, 64, 'Россия / Бельгия'),
(1000, 67, 'Универсальный замок'),
(1000, 68, '7'),
(1000, 69, '1.596'),
(1000, 74, 'Стандартная'),
(1000, 105, 'Да'),
(1000, 106, 'Нет'),
(1001, 57, '1200'),
(1001, 58, '190'),
(1001, 59, '8'),
(1001, 60, '33'),
(1001, 63, 'Unilin Flooring'),
(1001, 64, 'Россия / Бельгия'),
(1001, 67, 'Универсальный замок'),
(1001, 68, '7'),
(1001, 69, '1.596'),
(1001, 74, 'Стандартная'),
(1001, 105, 'Да'),
(1001, 106, 'Да'),
(1002, 57, '1200'),
(1002, 58, '190'),
(1002, 59, '8'),
(1002, 60, '33'),
(1002, 63, 'Unilin Flooring'),
(1002, 64, 'Россия / Бельгия'),
(1002, 67, 'Универсальный замок'),
(1002, 68, '7'),
(1002, 69, '1.596'),
(1002, 74, 'Стандартная'),
(1002, 105, 'Да'),
(1002, 106, 'Да'),
(1003, 57, '1200'),
(1003, 58, '190'),
(1003, 59, '8'),
(1003, 60, '33'),
(1003, 63, 'Unilin Flooring'),
(1003, 64, 'Россия / Бельгия'),
(1003, 67, 'Универсальный замок'),
(1003, 68, '7'),
(1003, 69, '1.596'),
(1003, 74, 'Стандартная'),
(1003, 105, 'Да'),
(1003, 106, 'Да'),
(1004, 57, '1200'),
(1004, 58, '190'),
(1004, 59, '8'),
(1004, 60, '33'),
(1004, 63, 'Unilin Flooring'),
(1004, 64, 'Россия / Бельгия'),
(1004, 67, 'Универсальный замок'),
(1004, 68, '7'),
(1004, 69, '1.596'),
(1004, 74, 'Стандартная'),
(1004, 105, 'Да'),
(1004, 106, 'Да'),
(1005, 57, '1200'),
(1005, 58, '190'),
(1005, 59, '8'),
(1005, 60, '33'),
(1005, 63, 'Unilin Flooring'),
(1005, 64, 'Россия / Бельгия'),
(1005, 67, 'Универсальный замок'),
(1005, 68, '7'),
(1005, 69, '1.596'),
(1005, 74, 'Стандартная'),
(1005, 105, 'Да'),
(1005, 106, 'Да'),
(1006, 57, '1200'),
(1006, 58, '190'),
(1006, 59, '8'),
(1006, 60, '33'),
(1006, 63, 'Unilin Flooring'),
(1006, 64, 'Россия / Бельгия'),
(1006, 67, 'Универсальный замок'),
(1006, 68, '7'),
(1006, 69, '1.596'),
(1006, 74, 'Стандартная'),
(1006, 105, 'Да'),
(1006, 106, 'Да');

-- --------------------------------------------------------

--
-- Структура таблицы `product_groups`
--

CREATE TABLE `product_groups` (
  `id` int(10) UNSIGNED NOT NULL,
  `name` varchar(255) COLLATE utf8mb4_unicode_ci NOT NULL,
  `category_id` int(10) UNSIGNED NOT NULL,
  `created_at` timestamp NULL DEFAULT NULL,
  `updated_at` timestamp NULL DEFAULT NULL
) ENGINE=InnoDB DEFAULT CHARSET=utf8mb4 COLLATE=utf8mb4_unicode_ci;

-- --------------------------------------------------------

--
-- Структура таблицы `product_group_images`
--

CREATE TABLE `product_group_images` (
  `name` varchar(100) COLLATE utf8mb4_unicode_ci NOT NULL,
  `product_group_id` int(10) UNSIGNED NOT NULL,
  `level` tinyint(4) NOT NULL
) ENGINE=InnoDB DEFAULT CHARSET=utf8mb4 COLLATE=utf8mb4_unicode_ci;

-- --------------------------------------------------------

--
-- Структура таблицы `product_group_views`
--

CREATE TABLE `product_group_views` (
  `product_group_id` int(10) UNSIGNED NOT NULL,
  `page_id` int(10) UNSIGNED NOT NULL
) ENGINE=InnoDB DEFAULT CHARSET=utf8mb4 COLLATE=utf8mb4_unicode_ci;

-- --------------------------------------------------------

--
-- Структура таблицы `product_images`
--

CREATE TABLE `product_images` (
  `name` varchar(255) CHARACTER SET cp1251 NOT NULL,
  `product_id` int(10) UNSIGNED NOT NULL,
  `level` tinyint(4) NOT NULL
) ENGINE=InnoDB DEFAULT CHARSET=utf8mb4 COLLATE=utf8mb4_unicode_ci;

--
-- Дамп данных таблицы `product_images`
--

INSERT INTO `product_images` (`name`, `product_id`, `level`) VALUES
('click-guard.jpg', 15, 0),
('kley-arlok-33-vodno-dispersionniy-kley-1-3-kg-1.jpg', 933, 1),
('kley-arlok-33-vodno-dispersionniy-kley-1-3-kg.jpg', 933, 0),
('kley-arlok-33-vodno-dispersionniy-kley-14-kg.jpg', 934, 0),
('kley-arlok-33-vodno-dispersionniy-kley-4-kg.jpg', 935, 0),
('kley-arlok-33-vodno-dispersionniy-kley-7-kg.jpg', 936, 0),
('kley-arlok-34-vodno-dispersionniy-kley-1-3-kg.jpg', 937, 0),
('kley-arlok-34-vodno-dispersionniy-kley-14-kg.jpg', 938, 0),
('kley-arlok-34-vodno-dispersionniy-kley-4-kg.jpg', 939, 0),
('kley-arlok-34-vodno-dispersionniy-kley-7-kg.jpg', 940, 0),
('kley-arlok-35-vodno-dispersionniy-kley-1-3-kg.jpg', 941, 0),
('kley-arlok-35-vodno-dispersionniy-kley-13-kg.jpg', 942, 0),
('kley-arlok-35-vodno-dispersionniy-kley-3-5-kg.jpg', 943, 0),
('kley-arlok-35-vodno-dispersionniy-kley-6-5-kg.jpg', 944, 0),
('kley-arlok-39-vodno-dispersionniy-kley-3-kg.jpg', 945, 0),
('kley-arlok-39-vodno-dispersionniy-kley-5-kg.jpg', 946, 0),
('kley-forbo-140-euromix-pu-pro-2k-13-4kg.jpg', 947, 0),
('kley-forbo-144-euromix-pu-multi-2k-7kg.jpg', 952, 0),
('kley-forbo-148-euromix-wood-2k-9-6kg.jpg', 968, 0),
('kley-forbo-149-euromix-turf-2k-13-2kg.jpg', 957, 0),
('kley-forbo-150-parquet-doctor-0-75kg.jpg', 960, 0),
('kley-forbo-157-eurowood-ms-16kg.jpg', 969, 0),
('kley-forbo-160-euromix-turf-pro-2k-13-8kg.jpg', 961, 0),
('kley-forbo-177-sh-helmipur-0-8kg.jpg', 967, 0),
('kley-forbo-233-eurosol-contact-10kg.jpg', 954, 0),
('kley-forbo-236-eurosol-contact-plus-3-8kg.png', 956, 0),
('kley-forbo-418-euroflex-lino-polaris-14kg.jpg', 959, 0),
('kley-forbo-425-euroflex-standard-13kg.jpg', 966, 0),
('kley-forbo-425-euroflex-standard-20kg.jpg', 965, 0),
('kley-forbo-522-eurosafe-star-tack-13kg.jpg', 949, 0),
('kley-forbo-522-eurosafe-star-tack-20kg.jpg', 948, 0),
('kley-forbo-523-eurostar-tack-ec-12kg.jpg', 955, 0),
('kley-forbo-525-eurosafe-basic-13kg.jpg', 964, 0),
('kley-forbo-525-eurosafe-basic-20kg.jpg', 963, 0),
('kley-forbo-528-eurostar-allround-13kg.jpg', 962, 0),
('kley-forbo-541-eurofix-anti-slip-10kg.jpg', 953, 0),
('kley-forbo-545-polaris-13kg.jpg', 958, 0),
('kley-forbo-599-eurosafe-super-10kg.jpg', 951, 0),
('kley-forbo-599-eurosafe-super-20kg.jpg', 950, 0),
('kley-forbo-640-eurostar-unicol-13kg.jpg', 970, 0),
('laminat-clix-floor-charm-cxc-153-2-dub-krem.jpg', 971, 0),
('laminat-clix-floor-charm-cxc-155-2-dub-antik.jpg', 972, 0),
('laminat-clix-floor-charm-cxc-156-2-orekh-elegant.jpg', 973, 0),
('laminat-clix-floor-charm-cxc-157-2-dub-polar.jpg', 974, 0),
('laminat-clix-floor-charm-cxc-158-2-dub-ledyanoy.jpg', 975, 0),
('laminat-clix-floor-charm-cxc-160-2-dub-vekovoy.jpg', 976, 0),
('laminat-clix-floor-charm-cxc-161-2-dub-vanil.jpg', 977, 0),
('laminat-clix-floor-charm-cxc-162-2-dub-karamel.jpg', 978, 0),
('laminat-clix-floor-charm-cxc-287-dub-kvarts.png', 979, 0),
('laminat-clix-floor-charm-cxc-413-dub-antratsit.png', 980, 0),
('laminat-clix-floor-excellent-cxt-052-dub-assam.jpg', 981, 0),
('laminat-clix-floor-excellent-cxt-140-dub-kamenniy.jpg', 982, 0),
('laminat-clix-floor-excellent-cxt-142-dub-norvezhskiy.jpg', 983, 0),
('laminat-clix-floor-excellent-cxt-143-dub-kantri.jpg', 984, 0),
('laminat-clix-floor-excellent-cxt-406-dub-portofino.jpg', 985, 0),
('laminat-clix-floor-excellent-cxt-407-dub-kapri.jpg', 986, 0),
('laminat-clix-floor-intense-cxi-145-dub-platinoviy.jpg', 987, 0),
('laminat-clix-floor-intense-cxi-146-dub-martsipanoviy.jpg', 988, 0),
('laminat-clix-floor-intense-cxi-147-dub-mindalniy.jpg', 989, 0),
('laminat-clix-floor-intense-cxi-148-dub-tseylonskiy.jpg', 990, 0),
('laminat-clix-floor-intense-cxi-149-dub-pylno-seriy.jpg', 991, 0),
('laminat-clix-floor-intense-cxi-150-dub-khokkaydo.jpg', 992, 0),
('laminat-clix-floor-intense-cxi-151-dub-gastoniya.jpg', 993, 0),
('laminat-clix-floor-intense-cxi-152-dub-marokkanskiy.jpg', 994, 0),
('laminat-clix-floor-plus-cxp-084-dub-agat.jpg', 995, 0),
('laminat-clix-floor-plus-cxp-085-dub-seriy-serebristiy-1.jpg', 996, 1),
('laminat-clix-floor-plus-cxp-085-dub-seriy-serebristiy.jpg', 996, 0),
('laminat-clix-floor-plus-cxp-086-dub-lava-seriy.jpg', 997, 0),
('laminat-clix-floor-plus-cxp-087-dub-kofeyniy.jpg', 998, 0),
('laminat-clix-floor-plus-cxp-088-dub-tyomniy-shokolad-1.jpg', 999, 1),
('laminat-clix-floor-plus-cxp-088-dub-tyomniy-shokolad.jpg', 999, 0),
('laminat-clix-floor-plus-cxp-089-dub-imperskiy-vybelenniy.jpg', 1000, 0),
('laminat-clix-plus-extra-cpe-3477-dub-shelkoviy-naturalniy.jpg', 1001, 0),
('laminat-clix-plus-extra-cpe-3479-dub-shelkoviy-beliy.jpg', 1002, 0),
('laminat-clix-plus-extra-cpe-3587-dub-seriy-dymchatiy.jpg', 1003, 0),
('laminat-clix-plus-extra-cpe-4066-dub-selekt-svetlo-seriy-1.jpg', 1004, 1),
('laminat-clix-plus-extra-cpe-4066-dub-selekt-svetlo-seriy.jpg', 1004, 0),
('laminat-clix-plus-extra-cpe-4963-dub-korichnevo-seriy.png', 1005, 0),
('laminat-clix-plus-extra-cpe-4964-dub-kakao.png', 1006, 0),
('laminat-quick-step-castle-dub-angliyskiy-naturalniy-ca4161-1.jpeg', 519, 1),
('laminat-quick-step-castle-dub-angliyskiy-naturalniy-ca4161-2.jpeg', 519, 2),
('laminat-quick-step-castle-dub-angliyskiy-naturalniy-ca4161-3.jpeg', 519, 3),
('laminat-quick-step-castle-dub-angliyskiy-naturalniy-ca4161-4.jpeg', 519, 4),
('laminat-quick-step-castle-dub-angliyskiy-naturalniy-ca4161-5.jpeg', 519, 5),
('laminat-quick-step-castle-dub-angliyskiy-naturalniy-ca4161.jpeg', 519, 0),
('laminat-quick-step-castle-dub-gorchichniy-ca4162-1.jpeg', 517, 1),
('laminat-quick-step-castle-dub-gorchichniy-ca4162-2.jpeg', 517, 2),
('laminat-quick-step-castle-dub-gorchichniy-ca4162-3.jpeg', 517, 3),
('laminat-quick-step-castle-dub-gorchichniy-ca4162-4.jpeg', 517, 4),
('laminat-quick-step-castle-dub-gorchichniy-ca4162-5.jpeg', 517, 5),
('laminat-quick-step-castle-dub-gorchichniy-ca4162.jpeg', 517, 0),
('laminat-quick-step-castle-dub-kapuchino-ca4160-1.jpeg', 513, 1),
('laminat-quick-step-castle-dub-kapuchino-ca4160-2.jpeg', 513, 2),
('laminat-quick-step-castle-dub-kapuchino-ca4160-3.jpeg', 513, 3),
('laminat-quick-step-castle-dub-kapuchino-ca4160-4.jpeg', 513, 4),
('laminat-quick-step-castle-dub-kapuchino-ca4160-5.jpeg', 513, 5),
('laminat-quick-step-castle-dub-kapuchino-ca4160.jpeg', 513, 0),
('laminat-quick-step-castle-dub-pepelniy-ca4159-1.jpeg', 515, 1),
('laminat-quick-step-castle-dub-pepelniy-ca4159-2.jpeg', 515, 2),
('laminat-quick-step-castle-dub-pepelniy-ca4159-3.jpeg', 515, 3),
('laminat-quick-step-castle-dub-pepelniy-ca4159-4.jpeg', 515, 4),
('laminat-quick-step-castle-dub-pepelniy-ca4159-5.jpeg', 515, 5),
('laminat-quick-step-castle-dub-pepelniy-ca4159.jpeg', 515, 0),
('laminat-quick-step-castle-dub-svetlo-seriy-patina-ca4158-1.jpeg', 521, 1),
('laminat-quick-step-castle-dub-svetlo-seriy-patina-ca4158-2.jpeg', 521, 2),
('laminat-quick-step-castle-dub-svetlo-seriy-patina-ca4158-3.jpeg', 521, 3),
('laminat-quick-step-castle-dub-svetlo-seriy-patina-ca4158-4.jpeg', 521, 4),
('laminat-quick-step-castle-dub-svetlo-seriy-patina-ca4158-5.jpeg', 521, 5),
('laminat-quick-step-castle-dub-svetlo-seriy-patina-ca4158.jpeg', 521, 0),
('laminat-quick-step-classic-doska-duba-naturalnogo-starinnogo-clm1381-1.jpeg', 533, 1),
('laminat-quick-step-classic-doska-duba-naturalnogo-starinnogo-clm1381-2.jpeg', 533, 2),
('laminat-quick-step-classic-doska-duba-naturalnogo-starinnogo-clm1381.jpeg', 533, 0),
('laminat-quick-step-classic-doska-duba-serogo-starinnogo-clm1382-1.jpeg', 527, 1),
('laminat-quick-step-classic-doska-duba-serogo-starinnogo-clm1382-2.jpeg', 527, 2),
('laminat-quick-step-classic-doska-duba-serogo-starinnogo-clm1382.jpeg', 527, 0),
('laminat-quick-step-classic-doska-duba-svetlo-serogo-starinnogo-clm1405-1.jpeg', 529, 1),
('laminat-quick-step-classic-doska-duba-svetlo-serogo-starinnogo-clm1405-2.jpeg', 529, 2),
('laminat-quick-step-classic-doska-duba-svetlo-serogo-starinnogo-clm1405-3.jpeg', 529, 3),
('laminat-quick-step-classic-doska-duba-svetlo-serogo-starinnogo-clm1405.jpeg', 529, 0),
('laminat-quick-step-classic-dub-beliy-otbelenniy-cl4087-1.jpeg', 541, 1),
('laminat-quick-step-classic-dub-beliy-otbelenniy-cl4087-2.jpeg', 541, 2),
('laminat-quick-step-classic-dub-beliy-otbelenniy-cl4087.jpeg', 541, 0),
('laminat-quick-step-classic-dub-bezheviy-otbelenniy-cl4088-1.jpeg', 545, 1),
('laminat-quick-step-classic-dub-bezheviy-otbelenniy-cl4088-2.jpeg', 545, 2),
('laminat-quick-step-classic-dub-bezheviy-otbelenniy-cl4088.jpeg', 545, 0),
('laminat-quick-step-classic-dub-bezheviy-premium-clv4093-1.jpeg', 535, 1),
('laminat-quick-step-classic-dub-bezheviy-premium-clv4093.jpeg', 535, 0),
('laminat-quick-step-classic-dub-bezheviy-rustikalniy-clv4084-1.jpeg', 547, 1),
('laminat-quick-step-classic-dub-bezheviy-rustikalniy-clv4084-2.jpeg', 547, 2),
('laminat-quick-step-classic-dub-bezheviy-rustikalniy-clv4084.jpeg', 547, 0),
('laminat-quick-step-classic-dub-gorniy-korichneviy-clm4091-1.jpeg', 555, 1),
('laminat-quick-step-classic-dub-gorniy-korichneviy-clm4091-2.jpeg', 555, 2),
('laminat-quick-step-classic-dub-gorniy-korichneviy-clm4091.jpeg', 555, 0),
('laminat-quick-step-classic-dub-gorniy-krasniy-clm4090-1.jpeg', 557, 1),
('laminat-quick-step-classic-dub-gorniy-krasniy-clm4090-2.jpeg', 557, 2),
('laminat-quick-step-classic-dub-gorniy-krasniy-clm4090.jpeg', 557, 0),
('laminat-quick-step-classic-dub-gorniy-temno-korichneviy-clm4092-1.jpeg', 553, 1),
('laminat-quick-step-classic-dub-gorniy-temno-korichneviy-clm4092-2.jpeg', 553, 2),
('laminat-quick-step-classic-dub-gorniy-temno-korichneviy-clm4092.jpeg', 553, 0),
('laminat-quick-step-classic-dub-naturalniy-otbelenniy-cl4089-1.jpeg', 549, 1),
('laminat-quick-step-classic-dub-naturalniy-otbelenniy-cl4089.jpeg', 549, 0),
('laminat-quick-step-classic-dub-naturalniy-rustikalniy-clv4085-1.jpeg', 539, 1),
('laminat-quick-step-classic-dub-naturalniy-rustikalniy-clv4085-2.jpeg', 539, 2),
('laminat-quick-step-classic-dub-naturalniy-rustikalniy-clv4085.jpeg', 539, 0),
('laminat-quick-step-classic-dub-shokoladniy-rustikalniy-clv4086-1.jpeg', 551, 1),
('laminat-quick-step-classic-dub-shokoladniy-rustikalniy-clv4086-2.jpeg', 551, 2),
('laminat-quick-step-classic-dub-shokoladniy-rustikalniy-clv4086.jpeg', 551, 0),
('laminat-quick-step-classic-dub-starinniy-temniy-clm1383-1.jpeg', 531, 1),
('laminat-quick-step-classic-dub-starinniy-temniy-clm1383-2.jpeg', 531, 2),
('laminat-quick-step-classic-dub-starinniy-temniy-clm1383.jpeg', 531, 0),
('laminat-quick-step-classic-dub-svetliy-naturalniy-premium-clv4094-1.jpeg', 543, 1),
('laminat-quick-step-classic-dub-svetliy-naturalniy-premium-clv4094-2.jpeg', 543, 2),
('laminat-quick-step-classic-dub-svetliy-naturalniy-premium-clv4094.jpeg', 543, 0),
('laminat-quick-step-classic-dub-tepliy-naturalniy-premium-clv4095-1.jpeg', 537, 1),
('laminat-quick-step-classic-dub-tepliy-naturalniy-premium-clv4095.jpeg', 537, 0),
('laminat-quick-step-classic-kubinskiy-dub-clm1655-1.jpeg', 523, 1),
('laminat-quick-step-classic-kubinskiy-dub-clm1655-2.jpeg', 523, 2),
('laminat-quick-step-classic-kubinskiy-dub-clm1655-3.jpeg', 523, 3),
('laminat-quick-step-classic-kubinskiy-dub-clm1655.jpeg', 523, 0),
('laminat-quick-step-classic-lunniy-dub-clm1658-1.jpeg', 525, 1),
('laminat-quick-step-classic-lunniy-dub-clm1658-2.jpeg', 525, 2),
('laminat-quick-step-classic-lunniy-dub-clm1658.jpeg', 525, 0),
('laminat-quick-step-desire-dub-naturalniy-zolotistiy-uc3465-1.jpeg', 565, 1),
('laminat-quick-step-desire-dub-naturalniy-zolotistiy-uc3465-2.jpeg', 565, 2),
('laminat-quick-step-desire-dub-naturalniy-zolotistiy-uc3465.jpeg', 565, 0),
('laminat-quick-step-desire-dub-seriy-serebristiy-uc3464-1.jpeg', 561, 1),
('laminat-quick-step-desire-dub-seriy-serebristiy-uc3464-2.jpeg', 561, 2),
('laminat-quick-step-desire-dub-seriy-serebristiy-uc3464.jpeg', 561, 0),
('laminat-quick-step-desire-dub-svetlo-seriy-serebristiy-uc3462-1.jpeg', 559, 1),
('laminat-quick-step-desire-dub-svetlo-seriy-serebristiy-uc3462-2.jpeg', 559, 2),
('laminat-quick-step-desire-dub-svetlo-seriy-serebristiy-uc3462.jpeg', 559, 0),
('laminat-quick-step-desire-dub-svetlo-seriy-zolotistiy-uc3463-1.jpeg', 563, 1),
('laminat-quick-step-desire-dub-svetlo-seriy-zolotistiy-uc3463-2.jpeg', 563, 2),
('laminat-quick-step-desire-dub-svetlo-seriy-zolotistiy-uc3463.jpeg', 563, 0),
('laminat-quick-step-eligna-doska-belogo-duba-lakirovannaya-u915-1.jpeg', 571, 1),
('laminat-quick-step-eligna-doska-belogo-duba-lakirovannaya-u915-2.jpeg', 571, 2),
('laminat-quick-step-eligna-doska-belogo-duba-lakirovannaya-u915.jpeg', 571, 0),
('laminat-quick-step-eligna-doska-naturalnogo-duba-lakirovannaya-u896-1.jpeg', 583, 1),
('laminat-quick-step-eligna-doska-naturalnogo-duba-lakirovannaya-u896-2.jpeg', 583, 2),
('laminat-quick-step-eligna-doska-naturalnogo-duba-lakirovannaya-u896.jpeg', 583, 0),
('laminat-quick-step-eligna-doska-orekhovaya-promaslennaya-u1043-1.jpeg', 585, 1),
('laminat-quick-step-eligna-doska-orekhovaya-promaslennaya-u1043-2.jpeg', 585, 2),
('laminat-quick-step-eligna-doska-orekhovaya-promaslennaya-u1043.jpeg', 585, 0),
('laminat-quick-step-eligna-doska-venge-u1000-1.jpeg', 593, 1),
('laminat-quick-step-eligna-doska-venge-u1000-2.jpeg', 593, 2),
('laminat-quick-step-eligna-doska-venge-u1000.jpeg', 593, 0),
('laminat-quick-step-eligna-dub-italyanskiy-bezheviy-petchvork-u3832p-1.jpeg', 600, 1),
('laminat-quick-step-eligna-dub-italyanskiy-bezheviy-petchvork-u3832p.jpeg', 600, 0),
('laminat-quick-step-eligna-dub-italyanskiy-bezheviy-u3832-1.jpeg', 579, 1),
('laminat-quick-step-eligna-dub-italyanskiy-bezheviy-u3832-2.jpeg', 579, 2),
('laminat-quick-step-eligna-dub-italyanskiy-bezheviy-u3832.jpeg', 579, 0),
('laminat-quick-step-eligna-dub-italyanskiy-svetlo-seriy-petchvork-u3831p-1.jpeg', 599, 1),
('laminat-quick-step-eligna-dub-italyanskiy-svetlo-seriy-petchvork-u3831p.jpeg', 599, 0),
('laminat-quick-step-eligna-dub-italyanskiy-svetlo-seriy-u3831-1.jpeg', 567, 1),
('laminat-quick-step-eligna-dub-italyanskiy-svetlo-seriy-u3831-2.jpeg', 567, 2),
('laminat-quick-step-eligna-dub-italyanskiy-svetlo-seriy-u3831-3.jpeg', 567, 3),
('laminat-quick-step-eligna-dub-italyanskiy-svetlo-seriy-u3831.jpeg', 567, 0),
('laminat-quick-step-eligna-dub-izyskanniy-temniy-u3833-1.jpeg', 587, 1),
('laminat-quick-step-eligna-dub-izyskanniy-temniy-u3833-2.jpeg', 587, 2),
('laminat-quick-step-eligna-dub-izyskanniy-temniy-u3833.jpeg', 587, 0),
('laminat-quick-step-eligna-dub-prirodniy-naturalniy-u3578-1.jpeg', 595, 1),
('laminat-quick-step-eligna-dub-prirodniy-naturalniy-u3578-2.jpeg', 595, 2),
('laminat-quick-step-eligna-dub-prirodniy-naturalniy-u3578.jpeg', 595, 0),
('laminat-quick-step-eligna-dub-shokoladniy-promaslenniy-u3461-1.jpeg', 575, 1),
('laminat-quick-step-eligna-dub-shokoladniy-promaslenniy-u3461-2.jpeg', 575, 2),
('laminat-quick-step-eligna-dub-shokoladniy-promaslenniy-u3461.jpeg', 575, 0),
('laminat-quick-step-eligna-dub-starinniy-bezheviy-u3576-1.jpeg', 589, 1),
('laminat-quick-step-eligna-dub-starinniy-bezheviy-u3576-2.jpeg', 589, 2),
('laminat-quick-step-eligna-dub-starinniy-bezheviy-u3576-3.jpeg', 589, 3),
('laminat-quick-step-eligna-dub-starinniy-bezheviy-u3576.jpeg', 589, 0),
('laminat-quick-step-eligna-dub-svetliy-naturalniy-promaslenniy-u3457-1.jpeg', 573, 1),
('laminat-quick-step-eligna-dub-svetliy-naturalniy-promaslenniy-u3457-2.jpeg', 573, 2),
('laminat-quick-step-eligna-dub-svetliy-naturalniy-promaslenniy-u3457.jpeg', 573, 0),
('laminat-quick-step-eligna-dub-temno-korichneviy-promaslenniy-u3460-1.jpeg', 591, 1),
('laminat-quick-step-eligna-dub-temno-korichneviy-promaslenniy-u3460-2.jpeg', 591, 2),
('laminat-quick-step-eligna-dub-temno-korichneviy-promaslenniy-u3460.jpeg', 591, 0),
('laminat-quick-step-eligna-dub-tepliy-naturalniy-promaslenniy-u3458-1.jpeg', 577, 1),
('laminat-quick-step-eligna-dub-tepliy-naturalniy-promaslenniy-u3458-2.jpeg', 577, 2),
('laminat-quick-step-eligna-dub-tepliy-naturalniy-promaslenniy-u3458.jpeg', 577, 0),
('laminat-quick-step-eligna-dub-tepliy-seriy-promaslenniy-u3459-1.jpeg', 569, 1),
('laminat-quick-step-eligna-dub-tepliy-seriy-promaslenniy-u3459-2.jpeg', 569, 2),
('laminat-quick-step-eligna-dub-tepliy-seriy-promaslenniy-u3459.jpeg', 569, 0),
('laminat-quick-step-eligna-sosna-belaya-zatertaya-u1235-1.jpeg', 597, 1),
('laminat-quick-step-eligna-sosna-belaya-zatertaya-u1235-2.jpeg', 597, 2),
('laminat-quick-step-eligna-sosna-belaya-zatertaya-u1235.jpeg', 597, 0),
('laminat-quick-step-eligna-venge-intensivniy-u1300-1.jpeg', 581, 1),
('laminat-quick-step-eligna-venge-intensivniy-u1300-2.jpeg', 581, 2),
('laminat-quick-step-eligna-venge-intensivniy-u1300.jpeg', 581, 0),
('laminat-quick-step-impressive-doska-belaya-im1859-1.jpeg', 633, 1),
('laminat-quick-step-impressive-doska-belaya-im1859-2.jpeg', 633, 2),
('laminat-quick-step-impressive-doska-belaya-im1859-3.jpeg', 633, 3),
('laminat-quick-step-impressive-doska-belaya-im1859-4.jpeg', 633, 4),
('laminat-quick-step-impressive-doska-belaya-im1859-5.jpeg', 633, 5),
('laminat-quick-step-impressive-doska-belaya-im1859.jpeg', 633, 0),
('laminat-quick-step-impressive-doska-belogo-duba-lakirovannaya-im3105-1.jpeg', 613, 1),
('laminat-quick-step-impressive-doska-belogo-duba-lakirovannaya-im3105-2.jpeg', 613, 2),
('laminat-quick-step-impressive-doska-belogo-duba-lakirovannaya-im3105-3.jpeg', 613, 3),
('laminat-quick-step-impressive-doska-belogo-duba-lakirovannaya-im3105.jpeg', 613, 0),
('laminat-quick-step-impressive-doska-naturalnogo-duba-lakirovannaya-im3106-1.jpeg', 631, 1),
('laminat-quick-step-impressive-doska-naturalnogo-duba-lakirovannaya-im3106-2.jpeg', 631, 2),
('laminat-quick-step-impressive-doska-naturalnogo-duba-lakirovannaya-im3106-3.jpeg', 631, 3),
('laminat-quick-step-impressive-doska-naturalnogo-duba-lakirovannaya-im3106.jpeg', 631, 0),
('laminat-quick-step-impressive-dub-bordo-im1995-1.jpeg', 614, 1),
('laminat-quick-step-impressive-dub-bordo-im1995-2.jpeg', 614, 2),
('laminat-quick-step-impressive-dub-bordo-im1995.jpeg', 614, 0),
('laminat-quick-step-impressive-dub-chernaya-noch-im1862-1.jpeg', 636, 1),
('laminat-quick-step-impressive-dub-chernaya-noch-im1862-2.jpeg', 636, 2),
('laminat-quick-step-impressive-dub-chernaya-noch-im1862-3.jpeg', 636, 3),
('laminat-quick-step-impressive-dub-chernaya-noch-im1862-4.jpeg', 636, 4),
('laminat-quick-step-impressive-dub-chernaya-noch-im1862-5.jpeg', 636, 5),
('laminat-quick-step-impressive-dub-chernaya-noch-im1862-6.jpeg', 636, 6),
('laminat-quick-step-impressive-dub-chernaya-noch-im1862-7.jpeg', 636, 7),
('laminat-quick-step-impressive-dub-chernaya-noch-im1862.jpeg', 636, 0),
('laminat-quick-step-impressive-dub-derevenskiy-im1851-1.jpeg', 611, 1),
('laminat-quick-step-impressive-dub-derevenskiy-im1851-2.jpeg', 611, 2),
('laminat-quick-step-impressive-dub-derevenskiy-im1851.jpeg', 611, 0),
('laminat-quick-step-impressive-dub-dymchatiy-im1993-1.jpeg', 601, 1),
('laminat-quick-step-impressive-dub-dymchatiy-im1993-2.jpeg', 601, 2),
('laminat-quick-step-impressive-dub-dymchatiy-im1993.jpeg', 601, 0),
('laminat-quick-step-impressive-dub-etnicheskiy-korichneviy-im3557-1.jpeg', 607, 1),
('laminat-quick-step-impressive-dub-etnicheskiy-korichneviy-im3557-2.jpeg', 607, 2),
('laminat-quick-step-impressive-dub-etnicheskiy-korichneviy-im3557.jpeg', 607, 0),
('laminat-quick-step-impressive-dub-etnicheskiy-seriy-im3558-1.jpeg', 634, 1),
('laminat-quick-step-impressive-dub-etnicheskiy-seriy-im3558-2.jpeg', 634, 2),
('laminat-quick-step-impressive-dub-etnicheskiy-seriy-im3558.jpeg', 634, 0),
('laminat-quick-step-impressive-dub-fantaziyniy-beliy-im3559-1.jpeg', 629, 1),
('laminat-quick-step-impressive-dub-fantaziyniy-beliy-im3559-2.jpeg', 629, 2),
('laminat-quick-step-impressive-dub-fantaziyniy-beliy-im3559.jpeg', 629, 0),
('laminat-quick-step-impressive-dub-fantaziyniy-svetlo-seriy-im3560-1.jpeg', 627, 1),
('laminat-quick-step-impressive-dub-fantaziyniy-svetlo-seriy-im3560-2.jpeg', 627, 2),
('laminat-quick-step-impressive-dub-fantaziyniy-svetlo-seriy-im3560-3.jpeg', 627, 3),
('laminat-quick-step-impressive-dub-fantaziyniy-svetlo-seriy-im3560-4.jpeg', 627, 4),
('laminat-quick-step-impressive-dub-fantaziyniy-svetlo-seriy-im3560.jpeg', 627, 0),
('laminat-quick-step-impressive-dub-korichneviy-im1849-1.jpeg', 609, 1),
('laminat-quick-step-impressive-dub-korichneviy-im1849-2.jpeg', 609, 2),
('laminat-quick-step-impressive-dub-korichneviy-im1849.jpeg', 609, 0),
('laminat-quick-step-impressive-dub-naturalniy-im1848-1.jpeg', 603, 1),
('laminat-quick-step-impressive-dub-naturalniy-im1848-2.jpeg', 603, 2),
('laminat-quick-step-impressive-dub-naturalniy-im1848-3.jpeg', 603, 3),
('laminat-quick-step-impressive-dub-naturalniy-im1848.jpeg', 603, 0),
('laminat-quick-step-impressive-dub-pepelniy-im1992-1.jpeg', 616, 1),
('laminat-quick-step-impressive-dub-pepelniy-im1992-2.jpeg', 616, 2),
('laminat-quick-step-impressive-dub-pepelniy-im1992.jpeg', 616, 0),
('laminat-quick-step-impressive-dub-pesochniy-im1853-1.jpeg', 625, 1),
('laminat-quick-step-impressive-dub-pesochniy-im1853-2.jpeg', 625, 2),
('laminat-quick-step-impressive-dub-pesochniy-im1853.jpeg', 625, 0),
('laminat-quick-step-impressive-dub-seriy-lakirovanniy-im4665-1.jpeg', 621, 1),
('laminat-quick-step-impressive-dub-seriy-lakirovanniy-im4665-2.jpeg', 621, 2),
('laminat-quick-step-impressive-dub-seriy-lakirovanniy-im4665.jpeg', 621, 0),
('laminat-quick-step-impressive-dub-sero-bezheviy-im4663-1.jpeg', 618, 1),
('laminat-quick-step-impressive-dub-sero-bezheviy-im4663-2.jpeg', 618, 2),
('laminat-quick-step-impressive-dub-sero-bezheviy-im4663.jpeg', 618, 0),
('laminat-quick-step-impressive-dub-svetliy-im1847-1.jpeg', 623, 1),
('laminat-quick-step-impressive-dub-svetliy-im1847-2.jpeg', 623, 2),
('laminat-quick-step-impressive-dub-svetliy-im1847-3.jpeg', 623, 3),
('laminat-quick-step-impressive-dub-svetliy-im1847-4.jpeg', 623, 4),
('laminat-quick-step-impressive-dub-svetliy-im1847-5.jpeg', 623, 5),
('laminat-quick-step-impressive-dub-svetliy-im1847-6.jpeg', 623, 6),
('laminat-quick-step-impressive-dub-svetliy-im1847-7.jpeg', 623, 7),
('laminat-quick-step-impressive-dub-svetliy-im1847.jpeg', 623, 0),
('laminat-quick-step-impressive-dub-svetliy-naturalniy-im4664-1.jpeg', 619, 1),
('laminat-quick-step-impressive-dub-svetliy-naturalniy-im4664-2.jpeg', 619, 2),
('laminat-quick-step-impressive-dub-svetliy-naturalniy-im4664-3.jpeg', 619, 3),
('laminat-quick-step-impressive-dub-svetliy-naturalniy-im4664.jpeg', 619, 0),
('laminat-quick-step-impressive-dub-yuzhniy-im1994-1.jpeg', 605, 1),
('laminat-quick-step-impressive-dub-yuzhniy-im1994-2.jpeg', 605, 2),
('laminat-quick-step-impressive-dub-yuzhniy-im1994.jpeg', 605, 0),
('laminat-quick-step-impressive-patterns-beton-loft-ipe4508-1.jpeg', 648, 1),
('laminat-quick-step-impressive-patterns-beton-loft-ipe4508-2.jpeg', 648, 2),
('laminat-quick-step-impressive-patterns-beton-loft-ipe4508.jpeg', 648, 0),
('laminat-quick-step-impressive-patterns-dub-kofeyniy-brashirovanniy-ipa4145-1.jpeg', 663, 1),
('laminat-quick-step-impressive-patterns-dub-kofeyniy-brashirovanniy-ipa4145-2.jpeg', 663, 2),
('laminat-quick-step-impressive-patterns-dub-kofeyniy-brashirovanniy-ipa4145-3.jpeg', 663, 3),
('laminat-quick-step-impressive-patterns-dub-kofeyniy-brashirovanniy-ipa4145.jpeg', 663, 0),
('laminat-quick-step-impressive-patterns-dub-medniy-brashirovanniy-ipa4144-1.jpeg', 653, 1),
('laminat-quick-step-impressive-patterns-dub-medniy-brashirovanniy-ipa4144-2.jpeg', 653, 2),
('laminat-quick-step-impressive-patterns-dub-medniy-brashirovanniy-ipa4144.jpeg', 653, 0),
('laminat-quick-step-impressive-patterns-dub-palatstso-beliy-ipe4501-1.jpeg', 644, 1),
('laminat-quick-step-impressive-patterns-dub-palatstso-beliy-ipe4501-2.jpeg', 644, 2),
('laminat-quick-step-impressive-patterns-dub-palatstso-beliy-ipe4501.jpeg', 644, 0),
('laminat-quick-step-impressive-patterns-dub-palatstso-bezheviy-ipe4672-1.jpeg', 650, 1),
('laminat-quick-step-impressive-patterns-dub-palatstso-bezheviy-ipe4672-2.jpeg', 650, 2),
('laminat-quick-step-impressive-patterns-dub-palatstso-bezheviy-ipe4672-3.jpeg', 650, 3),
('laminat-quick-step-impressive-patterns-dub-palatstso-bezheviy-ipe4672.jpeg', 650, 0),
('laminat-quick-step-impressive-patterns-dub-palatstso-korichneviy-ipe4504-1.jpeg', 657, 1),
('laminat-quick-step-impressive-patterns-dub-palatstso-korichneviy-ipe4504-2.jpeg', 657, 2),
('laminat-quick-step-impressive-patterns-dub-palatstso-korichneviy-ipe4504.jpeg', 657, 0),
('laminat-quick-step-impressive-patterns-dub-pesochniy-brashirovanniy-ipa4142-1.jpeg', 646, 1),
('laminat-quick-step-impressive-patterns-dub-pesochniy-brashirovanniy-ipa4142-2.jpeg', 646, 2),
('laminat-quick-step-impressive-patterns-dub-pesochniy-brashirovanniy-ipa4142-3.jpeg', 646, 3),
('laminat-quick-step-impressive-patterns-dub-pesochniy-brashirovanniy-ipa4142.jpeg', 646, 0),
('laminat-quick-step-impressive-patterns-dub-prirodniy-bezheviy-brashirovanniy-ipa4143-1.jpeg', 659, 1),
('laminat-quick-step-impressive-patterns-dub-prirodniy-bezheviy-brashirovanniy-ipa4143-2.jpeg', 659, 2),
('laminat-quick-step-impressive-patterns-dub-prirodniy-bezheviy-brashirovanniy-ipa4143.jpeg', 659, 0),
('laminat-quick-step-impressive-patterns-dub-seriy-tepliy-brashirovanniy-ipa4141-1.jpeg', 652, 1),
('laminat-quick-step-impressive-patterns-dub-seriy-tepliy-brashirovanniy-ipa4141-2.jpeg', 652, 2),
('laminat-quick-step-impressive-patterns-dub-seriy-tepliy-brashirovanniy-ipa4141.jpeg', 652, 0),
('laminat-quick-step-impressive-patterns-mramor-bezheviy-ipe4506-1.jpeg', 642, 1),
('laminat-quick-step-impressive-patterns-mramor-bezheviy-ipe4506-2.jpeg', 642, 2),
('laminat-quick-step-impressive-patterns-mramor-bezheviy-ipe4506.jpeg', 642, 0),
('laminat-quick-step-impressive-patterns-tekstil-naturalniy-ipe4511-1.jpeg', 661, 1),
('laminat-quick-step-impressive-patterns-tekstil-naturalniy-ipe4511-2.jpeg', 661, 2),
('laminat-quick-step-impressive-patterns-tekstil-naturalniy-ipe4511.jpeg', 661, 0),
('laminat-quick-step-impressive-patterns-travertin-bezheviy-ipe4510-1.jpeg', 655, 1),
('laminat-quick-step-impressive-patterns-travertin-bezheviy-ipe4510-2.jpeg', 655, 2),
('laminat-quick-step-impressive-patterns-travertin-bezheviy-ipe4510.jpeg', 655, 0),
('laminat-quick-step-impressive-sosna-im1860-1.jpeg', 638, 1),
('laminat-quick-step-impressive-sosna-im1860-2.jpeg', 638, 2),
('laminat-quick-step-impressive-sosna-im1860-3.jpeg', 638, 3),
('laminat-quick-step-impressive-sosna-im1860.jpeg', 638, 0),
('laminat-quick-step-impressive-svetlo-seriy-beton-im1861-1.jpeg', 640, 1),
('laminat-quick-step-impressive-svetlo-seriy-beton-im1861-2.jpeg', 640, 2),
('laminat-quick-step-impressive-svetlo-seriy-beton-im1861-3.jpeg', 640, 3),
('laminat-quick-step-impressive-svetlo-seriy-beton-im1861.jpeg', 640, 0),
('laminat-quick-step-impressive-ultra-doska-belogo-duba-lakirovannaya-imu3105-1.jpeg', 673, 1),
('laminat-quick-step-impressive-ultra-doska-belogo-duba-lakirovannaya-imu3105-2.jpeg', 673, 2),
('laminat-quick-step-impressive-ultra-doska-belogo-duba-lakirovannaya-imu3105-3.jpeg', 673, 3),
('laminat-quick-step-impressive-ultra-doska-belogo-duba-lakirovannaya-imu3105.jpeg', 673, 0),
('laminat-quick-step-impressive-ultra-doska-naturalnogo-duba-lakirovannaya-imu3106-1.jpeg', 672, 1),
('laminat-quick-step-impressive-ultra-doska-naturalnogo-duba-lakirovannaya-imu3106-2.jpeg', 672, 2),
('laminat-quick-step-impressive-ultra-doska-naturalnogo-duba-lakirovannaya-imu3106-3.jpeg', 672, 3),
('laminat-quick-step-impressive-ultra-doska-naturalnogo-duba-lakirovannaya-imu3106.jpeg', 672, 0),
('laminat-quick-step-impressive-ultra-dub-bordo-imu1995-1.jpeg', 675, 1),
('laminat-quick-step-impressive-ultra-dub-bordo-imu1995-2.jpeg', 675, 2),
('laminat-quick-step-impressive-ultra-dub-bordo-imu1995.jpeg', 675, 0),
('laminat-quick-step-impressive-ultra-dub-derevenskiy-imu1851-1.jpeg', 671, 1),
('laminat-quick-step-impressive-ultra-dub-derevenskiy-imu1851-2.jpeg', 671, 2),
('laminat-quick-step-impressive-ultra-dub-derevenskiy-imu1851.jpeg', 671, 0),
('laminat-quick-step-impressive-ultra-dub-dymchatiy-imu1993-1.jpeg', 668, 1),
('laminat-quick-step-impressive-ultra-dub-dymchatiy-imu1993-2.jpeg', 668, 2),
('laminat-quick-step-impressive-ultra-dub-dymchatiy-imu1993.jpeg', 668, 0),
('laminat-quick-step-impressive-ultra-dub-etnicheskiy-seriy-imu3558-1.jpeg', 681, 1),
('laminat-quick-step-impressive-ultra-dub-etnicheskiy-seriy-imu3558-2.jpeg', 681, 2),
('laminat-quick-step-impressive-ultra-dub-etnicheskiy-seriy-imu3558.jpeg', 681, 0),
('laminat-quick-step-impressive-ultra-dub-fantaziyniy-beliy-imu3559-1.jpeg', 670, 1),
('laminat-quick-step-impressive-ultra-dub-fantaziyniy-beliy-imu3559-2.jpeg', 670, 2),
('laminat-quick-step-impressive-ultra-dub-fantaziyniy-beliy-imu3559.jpeg', 670, 0),
('laminat-quick-step-impressive-ultra-dub-fantaziyniy-svetlo-seriy-imu3560-1.jpeg', 679, 1),
('laminat-quick-step-impressive-ultra-dub-fantaziyniy-svetlo-seriy-imu3560-2.jpeg', 679, 2),
('laminat-quick-step-impressive-ultra-dub-fantaziyniy-svetlo-seriy-imu3560-3.jpeg', 679, 3),
('laminat-quick-step-impressive-ultra-dub-fantaziyniy-svetlo-seriy-imu3560-4.jpeg', 679, 4),
('laminat-quick-step-impressive-ultra-dub-fantaziyniy-svetlo-seriy-imu3560.jpeg', 679, 0),
('laminat-quick-step-impressive-ultra-dub-korichneviy-imu1849-1.jpeg', 667, 1),
('laminat-quick-step-impressive-ultra-dub-korichneviy-imu1849-2.jpeg', 667, 2),
('laminat-quick-step-impressive-ultra-dub-korichneviy-imu1849.jpeg', 667, 0),
('laminat-quick-step-impressive-ultra-dub-naturalniy-imu1848-1.jpeg', 666, 1),
('laminat-quick-step-impressive-ultra-dub-naturalniy-imu1848-2.jpeg', 666, 2),
('laminat-quick-step-impressive-ultra-dub-naturalniy-imu1848-3.jpeg', 666, 3),
('laminat-quick-step-impressive-ultra-dub-naturalniy-imu1848.jpeg', 666, 0),
('laminat-quick-step-impressive-ultra-dub-pepelniy-imu1992-1.jpeg', 674, 1),
('laminat-quick-step-impressive-ultra-dub-pepelniy-imu1992-2.jpeg', 674, 2),
('laminat-quick-step-impressive-ultra-dub-pepelniy-imu1992.jpeg', 674, 0),
('laminat-quick-step-impressive-ultra-dub-pesochniy-imu1853-1.jpeg', 680, 1),
('laminat-quick-step-impressive-ultra-dub-pesochniy-imu1853-2.jpeg', 680, 2),
('laminat-quick-step-impressive-ultra-dub-pesochniy-imu1853.jpeg', 680, 0),
('laminat-quick-step-impressive-ultra-dub-seriy-lakirovanniy-imu4665-1.jpeg', 678, 1),
('laminat-quick-step-impressive-ultra-dub-seriy-lakirovanniy-imu4665.jpeg', 678, 0),
('laminat-quick-step-impressive-ultra-dub-sero-bezheviy-imu4663-1.jpeg', 677, 1),
('laminat-quick-step-impressive-ultra-dub-sero-bezheviy-imu4663.jpeg', 677, 0),
('laminat-quick-step-impressive-ultra-dub-svetliy-imu1847-1.jpeg', 665, 1),
('laminat-quick-step-impressive-ultra-dub-svetliy-imu1847-2.jpeg', 665, 2),
('laminat-quick-step-impressive-ultra-dub-svetliy-imu1847-3.jpeg', 665, 3),
('laminat-quick-step-impressive-ultra-dub-svetliy-imu1847-4.jpeg', 665, 4),
('laminat-quick-step-impressive-ultra-dub-svetliy-imu1847-5.jpeg', 665, 5),
('laminat-quick-step-impressive-ultra-dub-svetliy-imu1847-6.jpeg', 665, 6),
('laminat-quick-step-impressive-ultra-dub-svetliy-imu1847-7.jpeg', 665, 7),
('laminat-quick-step-impressive-ultra-dub-svetliy-imu1847.jpeg', 665, 0),
('laminat-quick-step-impressive-ultra-dub-svetliy-naturalniy-imu4664-1.jpeg', 676, 1),
('laminat-quick-step-impressive-ultra-dub-svetliy-naturalniy-imu4664-2.jpeg', 676, 2),
('laminat-quick-step-impressive-ultra-dub-svetliy-naturalniy-imu4664.jpeg', 676, 0),
('laminat-quick-step-impressive-ultra-dub-yuzhniy-imu1994-1.jpeg', 669, 1),
('laminat-quick-step-impressive-ultra-dub-yuzhniy-imu1994-2.jpeg', 669, 2),
('laminat-quick-step-impressive-ultra-dub-yuzhniy-imu1994.jpeg', 669, 0),
('laminat-quick-step-impressive-ultra-svetlo-seriy-beton-imu1861-1.jpeg', 682, 1),
('laminat-quick-step-impressive-ultra-svetlo-seriy-beton-imu1861-2.jpeg', 682, 2),
('laminat-quick-step-impressive-ultra-svetlo-seriy-beton-imu1861-3.jpeg', 682, 3),
('laminat-quick-step-impressive-ultra-svetlo-seriy-beton-imu1861.jpeg', 682, 0),
('laminat-quick-step-majestic-dub-dolinniy-svetlo-bezheviy-mj3554-1.jpeg', 685, 1),
('laminat-quick-step-majestic-dub-dolinniy-svetlo-bezheviy-mj3554-2.jpeg', 685, 2),
('laminat-quick-step-majestic-dub-dolinniy-svetlo-bezheviy-mj3554-3.jpeg', 685, 3),
('laminat-quick-step-majestic-dub-dolinniy-svetlo-bezheviy-mj3554-4.jpeg', 685, 4),
('laminat-quick-step-majestic-dub-dolinniy-svetlo-bezheviy-mj3554-5.jpeg', 685, 5),
('laminat-quick-step-majestic-dub-dolinniy-svetlo-bezheviy-mj3554-6.jpeg', 685, 6),
('laminat-quick-step-majestic-dub-dolinniy-svetlo-bezheviy-mj3554-7.jpeg', 685, 7),
('laminat-quick-step-majestic-dub-dolinniy-svetlo-bezheviy-mj3554.jpeg', 685, 0),
('laminat-quick-step-majestic-dub-dolinniy-svetlo-korichneviy-mj3555-1.jpeg', 697, 1),
('laminat-quick-step-majestic-dub-dolinniy-svetlo-korichneviy-mj3555-2.jpeg', 697, 2),
('laminat-quick-step-majestic-dub-dolinniy-svetlo-korichneviy-mj3555.jpeg', 697, 0),
('laminat-quick-step-majestic-dub-lesnoy-massiv-bezheviy-mj3545-1.jpeg', 699, 1),
('laminat-quick-step-majestic-dub-lesnoy-massiv-bezheviy-mj3545-2.jpeg', 699, 2),
('laminat-quick-step-majestic-dub-lesnoy-massiv-bezheviy-mj3545.jpeg', 699, 0),
('laminat-quick-step-majestic-dub-lesnoy-massiv-korichneviy-mj3548-1.jpeg', 687, 1),
('laminat-quick-step-majestic-dub-lesnoy-massiv-korichneviy-mj3548-2.jpeg', 687, 2),
('laminat-quick-step-majestic-dub-lesnoy-massiv-korichneviy-mj3548-3.jpeg', 687, 3),
('laminat-quick-step-majestic-dub-lesnoy-massiv-korichneviy-mj3548.jpeg', 687, 0),
('laminat-quick-step-majestic-dub-lesnoy-massiv-naturalniy-mj3546-1.jpeg', 701, 1),
('laminat-quick-step-majestic-dub-lesnoy-massiv-naturalniy-mj3546-2.jpeg', 701, 2),
('laminat-quick-step-majestic-dub-lesnoy-massiv-naturalniy-mj3546-3.jpeg', 701, 3),
('laminat-quick-step-majestic-dub-lesnoy-massiv-naturalniy-mj3546-4.jpeg', 701, 4),
('laminat-quick-step-majestic-dub-lesnoy-massiv-naturalniy-mj3546-5.jpeg', 701, 5),
('laminat-quick-step-majestic-dub-lesnoy-massiv-naturalniy-mj3546-6.jpeg', 701, 6),
('laminat-quick-step-majestic-dub-lesnoy-massiv-naturalniy-mj3546.jpeg', 701, 0),
('laminat-quick-step-majestic-dub-lesnoy-massiv-svetlo-seriy-mj3547-1.jpeg', 691, 1),
('laminat-quick-step-majestic-dub-lesnoy-massiv-svetlo-seriy-mj3547-2.jpeg', 691, 2),
('laminat-quick-step-majestic-dub-lesnoy-massiv-svetlo-seriy-mj3547.jpeg', 691, 0),
('laminat-quick-step-majestic-dub-pustynniy-shlifovanniy-seriy-mj3552-1.jpeg', 695, 1),
('laminat-quick-step-majestic-dub-pustynniy-shlifovanniy-seriy-mj3552-2.jpeg', 695, 2),
('laminat-quick-step-majestic-dub-pustynniy-shlifovanniy-seriy-mj3552.jpeg', 695, 0),
('laminat-quick-step-majestic-dub-pustynniy-shlifovanniy-temno-korichneviy-mj3553-1.jpeg', 693, 1),
('laminat-quick-step-majestic-dub-pustynniy-shlifovanniy-temno-korichneviy-mj3553-2.jpeg', 693, 2),
('laminat-quick-step-majestic-dub-pustynniy-shlifovanniy-temno-korichneviy-mj3553-3.jpeg', 693, 3),
('laminat-quick-step-majestic-dub-pustynniy-shlifovanniy-temno-korichneviy-mj3553.jpeg', 693, 0),
('laminat-quick-step-majestic-dub-pustynniy-svetliy-naturalniy-mj3550-1.jpeg', 689, 1),
('laminat-quick-step-majestic-dub-pustynniy-svetliy-naturalniy-mj3550.jpeg', 689, 0),
('laminat-quick-step-majestic-dub-pustynniy-tepliy-naturalniy-mj3551-1.jpeg', 683, 1),
('laminat-quick-step-majestic-dub-pustynniy-tepliy-naturalniy-mj3551-2.jpeg', 683, 2),
('laminat-quick-step-majestic-dub-pustynniy-tepliy-naturalniy-mj3551-3.jpeg', 683, 3),
('laminat-quick-step-majestic-dub-pustynniy-tepliy-naturalniy-mj3551-4.jpeg', 683, 4),
('laminat-quick-step-majestic-dub-pustynniy-tepliy-naturalniy-mj3551.jpeg', 683, 0),
('laminat-quick-step-perspective-doska-belogo-duba-lakirovannaya-uf915-2-1.jpeg', 722, 1),
('laminat-quick-step-perspective-doska-belogo-duba-lakirovannaya-uf915-2-2.jpeg', 722, 2),
('laminat-quick-step-perspective-doska-belogo-duba-lakirovannaya-uf915-2.jpeg', 722, 0),
('laminat-quick-step-perspective-doska-duba-belogo-medium-uf1492-1.jpeg', 712, 1),
('laminat-quick-step-perspective-doska-duba-belogo-medium-uf1492-2.jpeg', 712, 2),
('laminat-quick-step-perspective-doska-duba-belogo-medium-uf1492-3.jpeg', 712, 3),
('laminat-quick-step-perspective-doska-duba-belogo-medium-uf1492-4.jpeg', 712, 4),
('laminat-quick-step-perspective-doska-duba-belogo-medium-uf1492.jpeg', 712, 0),
('laminat-quick-step-perspective-doska-duba-belogo-svetlaya-uf1491-1.jpeg', 710, 1),
('laminat-quick-step-perspective-doska-duba-belogo-svetlaya-uf1491-2.jpeg', 710, 2),
('laminat-quick-step-perspective-doska-duba-belogo-svetlaya-uf1491.jpeg', 710, 0),
('laminat-quick-step-perspective-doska-duba-belogo-zatemnennaya-uf1496-1.jpeg', 716, 1),
('laminat-quick-step-perspective-doska-duba-belogo-zatemnennaya-uf1496-2.jpeg', 716, 2),
('laminat-quick-step-perspective-doska-duba-belogo-zatemnennaya-uf1496-3.jpeg', 716, 3),
('laminat-quick-step-perspective-doska-duba-belogo-zatemnennaya-uf1496-4.jpeg', 716, 4),
('laminat-quick-step-perspective-doska-duba-belogo-zatemnennaya-uf1496.jpeg', 716, 0),
('laminat-quick-step-perspective-doska-duba-matovaya-promaslennaya-uf312-2-1.jpeg', 720, 1),
('laminat-quick-step-perspective-doska-duba-matovaya-promaslennaya-uf312-2-2.jpeg', 720, 2),
('laminat-quick-step-perspective-doska-duba-matovaya-promaslennaya-uf312-2.jpeg', 720, 0),
('laminat-quick-step-perspective-doska-duba-serogo-starinnogo-uf1388-1.jpeg', 708, 1),
('laminat-quick-step-perspective-doska-duba-serogo-starinnogo-uf1388-2.jpeg', 708, 2),
('laminat-quick-step-perspective-doska-duba-serogo-starinnogo-uf1388.jpeg', 708, 0),
('laminat-quick-step-perspective-doska-duba-svetlo-serogo-starinnogo-uf1406-1.jpeg', 707, 1),
('laminat-quick-step-perspective-doska-duba-svetlo-serogo-starinnogo-uf1406-2.jpeg', 707, 2),
('laminat-quick-step-perspective-doska-duba-svetlo-serogo-starinnogo-uf1406.jpeg', 707, 0),
('laminat-quick-step-perspective-doska-dubovaya-svetlaya-potertaya-uf1303-1.jpeg', 714, 1),
('laminat-quick-step-perspective-doska-dubovaya-svetlaya-potertaya-uf1303-2.jpeg', 714, 2),
('laminat-quick-step-perspective-doska-dubovaya-svetlaya-potertaya-uf1303.jpeg', 714, 0),
('laminat-quick-step-perspective-doska-dubovaya-svetlo-seraya-lakirovannaya-uf1304-2-1.jpeg', 724, 1),
('laminat-quick-step-perspective-doska-dubovaya-svetlo-seraya-lakirovannaya-uf1304-2-2.jpeg', 724, 2),
('laminat-quick-step-perspective-doska-dubovaya-svetlo-seraya-lakirovannaya-uf1304-2.jpeg', 724, 0),
('laminat-quick-step-perspective-doska-merbau-uf996-2-1.jpeg', 730, 1),
('laminat-quick-step-perspective-doska-merbau-uf996-2-2.jpeg', 730, 2),
('laminat-quick-step-perspective-doska-merbau-uf996-2.jpeg', 730, 0),
('laminat-quick-step-perspective-doska-orekhovaya-promaslennaya-uf1043-2-1.jpeg', 732, 1),
('laminat-quick-step-perspective-doska-orekhovaya-promaslennaya-uf1043-2-2.jpeg', 732, 2),
('laminat-quick-step-perspective-doska-orekhovaya-promaslennaya-uf1043-2.jpeg', 732, 0),
('laminat-quick-step-perspective-doska-venge-uf1000-2-1.jpeg', 734, 1),
('laminat-quick-step-perspective-doska-venge-uf1000-2-2.jpeg', 734, 2),
('laminat-quick-step-perspective-doska-venge-uf1000-2.jpeg', 734, 0),
('laminat-quick-step-perspective-dub-italyanskiy-bezheviy-petchvork-uf3832p-1.jpeg', 733, 1),
('laminat-quick-step-perspective-dub-italyanskiy-bezheviy-petchvork-uf3832p-2.jpeg', 733, 2),
('laminat-quick-step-perspective-dub-italyanskiy-bezheviy-petchvork-uf3832p.jpeg', 733, 0),
('laminat-quick-step-perspective-dub-italyanskiy-bezheviy-uf3832.jpeg', 703, 0),
('laminat-quick-step-perspective-dub-italyanskiy-svetlo-seriy-petchvork-uf3831p-1.jpeg', 729, 1),
('laminat-quick-step-perspective-dub-italyanskiy-svetlo-seriy-petchvork-uf3831p-2.jpeg', 729, 2),
('laminat-quick-step-perspective-dub-italyanskiy-svetlo-seriy-petchvork-uf3831p.jpeg', 729, 0),
('laminat-quick-step-perspective-dub-italyanskiy-svetlo-seriy-uf3831.jpeg', 704, 0),
('laminat-quick-step-perspective-dub-pochtenniy-naturalniy-promaslenniy-uf1157-2-1.jpeg', 727, 1),
('laminat-quick-step-perspective-dub-pochtenniy-naturalniy-promaslenniy-uf1157-2-2.jpeg', 727, 2),
('laminat-quick-step-perspective-dub-pochtenniy-naturalniy-promaslenniy-uf1157-2.jpeg', 727, 0),
('laminat-quick-step-perspective-dub-prirodniy-korichneviy-uf3579-1.jpeg', 705, 1),
('laminat-quick-step-perspective-dub-prirodniy-korichneviy-uf3579-2.jpeg', 705, 2),
('laminat-quick-step-perspective-dub-prirodniy-korichneviy-uf3579-3.jpeg', 705, 3),
('laminat-quick-step-perspective-dub-prirodniy-korichneviy-uf3579.jpeg', 705, 0),
('laminat-quick-step-perspective-dub-prirodniy-naturalniy-uf3578.jpeg', 709, 0),
('laminat-quick-step-perspective-dub-starinniy-seriy-uf3575-1.jpeg', 718, 1),
('laminat-quick-step-perspective-dub-starinniy-seriy-uf3575-2.jpeg', 718, 2),
('laminat-quick-step-perspective-dub-starinniy-seriy-uf3575.jpeg', 718, 0),
('laminat-quick-step-perspective-sosna-belaya-zatertaya-uf1235-2-1.jpeg', 726, 1),
('laminat-quick-step-perspective-sosna-belaya-zatertaya-uf1235-2-2.jpeg', 726, 2),
('laminat-quick-step-perspective-sosna-belaya-zatertaya-uf1235-2.jpeg', 726, 0),
('laminat-quick-step-perspective-venge-intensivniy-uf1300-2-1.jpeg', 723, 1),
('laminat-quick-step-perspective-venge-intensivniy-uf1300-2-2.jpeg', 723, 2),
('laminat-quick-step-perspective-venge-intensivniy-uf1300-2.jpeg', 723, 0),
('laminat-quick-step-signature-dub-beliy-krasheniy-sig4753-1.jpeg', 505, 1),
('laminat-quick-step-signature-dub-beliy-krasheniy-sig4753-10.jpeg', 505, 10),
('laminat-quick-step-signature-dub-beliy-krasheniy-sig4753-11.jpeg', 505, 11),
('laminat-quick-step-signature-dub-beliy-krasheniy-sig4753-2.jpeg', 505, 2),
('laminat-quick-step-signature-dub-beliy-krasheniy-sig4753-3.jpeg', 505, 3),
('laminat-quick-step-signature-dub-beliy-krasheniy-sig4753-4.jpeg', 505, 4),
('laminat-quick-step-signature-dub-beliy-krasheniy-sig4753-5.jpeg', 505, 5),
('laminat-quick-step-signature-dub-beliy-krasheniy-sig4753-6.jpeg', 505, 6),
('laminat-quick-step-signature-dub-beliy-krasheniy-sig4753-7.jpeg', 505, 7),
('laminat-quick-step-signature-dub-beliy-krasheniy-sig4753-8.jpeg', 505, 8),
('laminat-quick-step-signature-dub-beliy-krasheniy-sig4753-9.jpeg', 505, 9),
('laminat-quick-step-signature-dub-beliy-krasheniy-sig4753.jpeg', 505, 0),
('laminat-quick-step-signature-dub-beliy-premium-sig4757-1.jpeg', 485, 1),
('laminat-quick-step-signature-dub-beliy-premium-sig4757-2.jpeg', 485, 2),
('laminat-quick-step-signature-dub-beliy-premium-sig4757-3.jpeg', 485, 3),
('laminat-quick-step-signature-dub-beliy-premium-sig4757.jpeg', 485, 0),
('laminat-quick-step-signature-dub-bezheviy-brashirovanniy-sig4764-1.jpeg', 487, 1),
('laminat-quick-step-signature-dub-bezheviy-brashirovanniy-sig4764-2.jpeg', 487, 2),
('laminat-quick-step-signature-dub-bezheviy-brashirovanniy-sig4764-3.jpeg', 487, 3),
('laminat-quick-step-signature-dub-bezheviy-brashirovanniy-sig4764-4.jpeg', 487, 4),
('laminat-quick-step-signature-dub-bezheviy-brashirovanniy-sig4764.jpeg', 487, 0),
('laminat-quick-step-signature-dub-bezheviy-lakirovanniy-sig4750-1.jpeg', 489, 1),
('laminat-quick-step-signature-dub-bezheviy-lakirovanniy-sig4750-2.jpeg', 489, 2),
('laminat-quick-step-signature-dub-bezheviy-lakirovanniy-sig4750.jpeg', 489, 0),
('laminat-quick-step-signature-dub-korichneviy-brashirovanniy-sig4766-1.jpeg', 507, 1),
('laminat-quick-step-signature-dub-korichneviy-brashirovanniy-sig4766-2.jpeg', 507, 2),
('laminat-quick-step-signature-dub-korichneviy-brashirovanniy-sig4766-3.jpeg', 507, 3),
('laminat-quick-step-signature-dub-korichneviy-brashirovanniy-sig4766-4.jpeg', 507, 4),
('laminat-quick-step-signature-dub-korichneviy-brashirovanniy-sig4766-5.jpeg', 507, 5),
('laminat-quick-step-signature-dub-korichneviy-brashirovanniy-sig4766-6.jpeg', 507, 6),
('laminat-quick-step-signature-dub-korichneviy-brashirovanniy-sig4766.jpeg', 507, 0),
('laminat-quick-step-signature-dub-korichneviy-patina-sig4751-1.jpeg', 501, 1),
('laminat-quick-step-signature-dub-korichneviy-patina-sig4751-2.jpeg', 501, 2),
('laminat-quick-step-signature-dub-korichneviy-patina-sig4751-3.jpeg', 501, 3),
('laminat-quick-step-signature-dub-korichneviy-patina-sig4751-4.jpeg', 501, 4),
('laminat-quick-step-signature-dub-korichneviy-patina-sig4751-5.jpeg', 501, 5),
('laminat-quick-step-signature-dub-korichneviy-patina-sig4751-6.jpeg', 501, 6),
('laminat-quick-step-signature-dub-korichneviy-patina-sig4751.jpeg', 501, 0),
('laminat-quick-step-signature-dub-korichneviy-voscheniy-sig4756-1.jpeg', 509, 1),
('laminat-quick-step-signature-dub-korichneviy-voscheniy-sig4756-2.jpeg', 509, 2),
('laminat-quick-step-signature-dub-korichneviy-voscheniy-sig4756-3.jpeg', 509, 3),
('laminat-quick-step-signature-dub-korichneviy-voscheniy-sig4756-4.jpeg', 509, 4),
('laminat-quick-step-signature-dub-korichneviy-voscheniy-sig4756-5.jpeg', 509, 5),
('laminat-quick-step-signature-dub-korichneviy-voscheniy-sig4756-6.jpeg', 509, 6),
('laminat-quick-step-signature-dub-korichneviy-voscheniy-sig4756.jpeg', 509, 0),
('laminat-quick-step-signature-dub-naturalniy-brashirovanniy-sig4763-1.jpeg', 491, 1),
('laminat-quick-step-signature-dub-naturalniy-brashirovanniy-sig4763-2.jpeg', 491, 2),
('laminat-quick-step-signature-dub-naturalniy-brashirovanniy-sig4763-3.jpeg', 491, 3),
('laminat-quick-step-signature-dub-naturalniy-brashirovanniy-sig4763-4.jpeg', 491, 4),
('laminat-quick-step-signature-dub-naturalniy-brashirovanniy-sig4763-5.jpeg', 491, 5),
('laminat-quick-step-signature-dub-naturalniy-brashirovanniy-sig4763-6.jpeg', 491, 6),
('laminat-quick-step-signature-dub-naturalniy-brashirovanniy-sig4763-7.jpeg', 491, 7),
('laminat-quick-step-signature-dub-naturalniy-brashirovanniy-sig4763.jpeg', 491, 0),
('laminat-quick-step-signature-dub-potertiy-naturalniy-sig4767-1.jpeg', 503, 1),
('laminat-quick-step-signature-dub-potertiy-naturalniy-sig4767-2.jpeg', 503, 2),
('laminat-quick-step-signature-dub-potertiy-naturalniy-sig4767-3.jpeg', 503, 3),
('laminat-quick-step-signature-dub-potertiy-naturalniy-sig4767-4.jpeg', 503, 4),
('laminat-quick-step-signature-dub-potertiy-naturalniy-sig4767.jpeg', 503, 0),
('laminat-quick-step-signature-dub-rozoviy-krasheniy-sig4754-1.jpeg', 511, 1),
('laminat-quick-step-signature-dub-rozoviy-krasheniy-sig4754-10.jpeg', 511, 10),
('laminat-quick-step-signature-dub-rozoviy-krasheniy-sig4754-11.jpeg', 511, 11),
('laminat-quick-step-signature-dub-rozoviy-krasheniy-sig4754-12.jpeg', 511, 12),
('laminat-quick-step-signature-dub-rozoviy-krasheniy-sig4754-13.jpeg', 511, 13),
('laminat-quick-step-signature-dub-rozoviy-krasheniy-sig4754-2.jpeg', 511, 2),
('laminat-quick-step-signature-dub-rozoviy-krasheniy-sig4754-3.jpeg', 511, 3),
('laminat-quick-step-signature-dub-rozoviy-krasheniy-sig4754-4.jpeg', 511, 4),
('laminat-quick-step-signature-dub-rozoviy-krasheniy-sig4754-5.jpeg', 511, 5),
('laminat-quick-step-signature-dub-rozoviy-krasheniy-sig4754-6.jpeg', 511, 6),
('laminat-quick-step-signature-dub-rozoviy-krasheniy-sig4754-7.jpeg', 511, 7),
('laminat-quick-step-signature-dub-rozoviy-krasheniy-sig4754-8.jpeg', 511, 8),
('laminat-quick-step-signature-dub-rozoviy-krasheniy-sig4754-9.jpeg', 511, 9),
('laminat-quick-step-signature-dub-rozoviy-krasheniy-sig4754.jpeg', 511, 0),
('laminat-quick-step-signature-dub-seriy-brashirovanniy-sig4765-1.jpeg', 499, 1),
('laminat-quick-step-signature-dub-seriy-brashirovanniy-sig4765-2.jpeg', 499, 2),
('laminat-quick-step-signature-dub-seriy-brashirovanniy-sig4765.jpeg', 499, 0),
('laminat-quick-step-signature-dub-seriy-patina-sig4752-1.jpeg', 497, 1),
('laminat-quick-step-signature-dub-seriy-patina-sig4752-2.jpeg', 497, 2),
('laminat-quick-step-signature-dub-seriy-patina-sig4752-3.jpeg', 497, 3),
('laminat-quick-step-signature-dub-seriy-patina-sig4752.jpeg', 497, 0),
('laminat-quick-step-signature-dub-svetliy-lakirovanniy-sig4759-1.jpeg', 484, 1),
('laminat-quick-step-signature-dub-svetliy-lakirovanniy-sig4759-2.jpeg', 484, 2),
('laminat-quick-step-signature-dub-svetliy-lakirovanniy-sig4759.jpeg', 484, 0),
('laminat-quick-step-signature-dub-svetliy-patina-sig4748-1.jpeg', 493, 1),
('laminat-quick-step-signature-dub-svetliy-patina-sig4748-2.jpeg', 493, 2),
('laminat-quick-step-signature-dub-svetliy-patina-sig4748-3.jpeg', 493, 3),
('laminat-quick-step-signature-dub-svetliy-patina-sig4748-4.jpeg', 493, 4),
('laminat-quick-step-signature-dub-svetliy-patina-sig4748-5.jpeg', 493, 5),
('laminat-quick-step-signature-dub-svetliy-patina-sig4748-6.jpeg', 493, 6),
('laminat-quick-step-signature-dub-svetliy-patina-sig4748.jpeg', 493, 0),
('laminat-quick-step-signature-dub-tepliy-naturalniy-brashirovanniy-sig4762-1.jpeg', 482, 1),
('laminat-quick-step-signature-dub-tepliy-naturalniy-brashirovanniy-sig4762-2.jpeg', 482, 2),
('laminat-quick-step-signature-dub-tepliy-naturalniy-brashirovanniy-sig4762-3.jpeg', 482, 3),
('laminat-quick-step-signature-dub-tepliy-naturalniy-brashirovanniy-sig4762.jpeg', 482, 0),
('laminat-quick-step-signature-orekh-korichneviy-sig4761-1.jpeg', 495, 1),
('laminat-quick-step-signature-orekh-korichneviy-sig4761-2.jpeg', 495, 2),
('laminat-quick-step-signature-orekh-korichneviy-sig4761.jpeg', 495, 0),
('parket-quick-step-castello-dub-bezuprechniy-matoviy-cas4261s-1.jpeg', 910, 1),
('parket-quick-step-castello-dub-bezuprechniy-matoviy-cas4261s.jpeg', 910, 0),
('parket-quick-step-castello-dub-kapuchino-promaslenniy-cas1478s-1.jpeg', 903, 1),
('parket-quick-step-castello-dub-kapuchino-promaslenniy-cas1478s-2.jpeg', 903, 2),
('parket-quick-step-castello-dub-kapuchino-promaslenniy-cas1478s-3.jpeg', 903, 3),
('parket-quick-step-castello-dub-kapuchino-promaslenniy-cas1478s.jpeg', 903, 0),
('parket-quick-step-castello-dub-kofeyniy-matoviy-cas1352s-1.jpeg', 907, 1),
('parket-quick-step-castello-dub-kofeyniy-matoviy-cas1352s-2.jpeg', 907, 2),
('parket-quick-step-castello-dub-kofeyniy-matoviy-cas1352s-3.jpeg', 907, 3),
('parket-quick-step-castello-dub-kofeyniy-matoviy-cas1352s.jpeg', 907, 0),
('parket-quick-step-castello-dub-medoviy-promaslenniy-cas4258s-1.jpeg', 905, 1),
('parket-quick-step-castello-dub-medoviy-promaslenniy-cas4258s-2.jpeg', 905, 2),
('parket-quick-step-castello-dub-medoviy-promaslenniy-cas4258s.jpeg', 905, 0),
('parket-quick-step-castello-dub-pesochniy-promaslenniy-cas4259s-1.jpeg', 904, 1),
('parket-quick-step-castello-dub-pesochniy-promaslenniy-cas4259s-2.jpeg', 904, 2),
('parket-quick-step-castello-dub-pesochniy-promaslenniy-cas4259s.jpeg', 904, 0),
('parket-quick-step-castello-dub-traditsionniy-naturalniy-matoviy-cas1338s-1.jpeg', 909, 1),
('parket-quick-step-castello-dub-traditsionniy-naturalniy-matoviy-cas1338s-2.jpeg', 909, 2),
('parket-quick-step-castello-dub-traditsionniy-naturalniy-matoviy-cas1338s.jpeg', 909, 0),
('parket-quick-step-castello-dub-zakopchenniy-matoviy-cas1354s-1.jpeg', 908, 1),
('parket-quick-step-castello-dub-zakopchenniy-matoviy-cas1354s-2.jpeg', 908, 2),
('parket-quick-step-castello-dub-zakopchenniy-matoviy-cas1354s.jpeg', 908, 0),
('parket-quick-step-castello-orekh-klassicheskiy-cas4256s-1.jpeg', 906, 1),
('parket-quick-step-castello-orekh-klassicheskiy-cas4256s-2.jpeg', 906, 2),
('parket-quick-step-castello-orekh-klassicheskiy-cas4256s.jpeg', 906, 0),
('parket-quick-step-imperio-dub-beliy-everest-ekstramatoviy-imp3793s-1.jpeg', 912, 1),
('parket-quick-step-imperio-dub-beliy-everest-ekstramatoviy-imp3793s-2.jpeg', 912, 2),
('parket-quick-step-imperio-dub-beliy-everest-ekstramatoviy-imp3793s.jpeg', 912, 0),
('parket-quick-step-imperio-dub-naturalniy-ekstramatoviy-imp3792s-1.jpeg', 913, 1),
('parket-quick-step-imperio-dub-naturalniy-ekstramatoviy-imp3792s-2.jpeg', 913, 2);
INSERT INTO `product_images` (`name`, `product_id`, `level`) VALUES
('parket-quick-step-imperio-dub-naturalniy-ekstramatoviy-imp3792s-3.jpeg', 913, 3),
('parket-quick-step-imperio-dub-naturalniy-ekstramatoviy-imp3792s.jpeg', 913, 0),
('parket-quick-step-imperio-dub-promaslenniy-imp1626s-1.jpeg', 911, 1),
('parket-quick-step-imperio-dub-promaslenniy-imp1626s-2.jpeg', 911, 2),
('parket-quick-step-imperio-dub-promaslenniy-imp1626s-3.jpeg', 911, 3),
('parket-quick-step-imperio-dub-promaslenniy-imp1626s.jpeg', 911, 0),
('parket-quick-step-massimo-dub-kapuchino-blond-ekstra-matoviy-mas3566s-1.jpeg', 915, 1),
('parket-quick-step-massimo-dub-kapuchino-blond-ekstra-matoviy-mas3566s-2.jpeg', 915, 2),
('parket-quick-step-massimo-dub-kapuchino-blond-ekstra-matoviy-mas3566s.jpeg', 915, 0),
('parket-quick-step-massimo-dub-temniy-shokolad-promaslenniy-ekstramatoviy-mas3564s-1.jpeg', 918, 1),
('parket-quick-step-massimo-dub-temniy-shokolad-promaslenniy-ekstramatoviy-mas3564s-2.jpeg', 918, 2),
('parket-quick-step-massimo-dub-temniy-shokolad-promaslenniy-ekstramatoviy-mas3564s-3.jpeg', 918, 3),
('parket-quick-step-massimo-dub-temniy-shokolad-promaslenniy-ekstramatoviy-mas3564s.jpeg', 918, 0),
('parket-quick-step-massimo-dub-zimniy-promaslenniy-ekstramatoviy-mas3563s-1.jpeg', 916, 1),
('parket-quick-step-massimo-dub-zimniy-promaslenniy-ekstramatoviy-mas3563s-2.jpeg', 916, 2),
('parket-quick-step-massimo-dub-zimniy-promaslenniy-ekstramatoviy-mas3563s.jpeg', 916, 0),
('parket-quick-step-palazzo-dub-beton-promaslenniy-pal3795s-1.jpeg', 922, 1),
('parket-quick-step-palazzo-dub-beton-promaslenniy-pal3795s-2.jpeg', 922, 2),
('parket-quick-step-palazzo-dub-beton-promaslenniy-pal3795s-3.jpeg', 922, 3),
('parket-quick-step-palazzo-dub-beton-promaslenniy-pal3795s.jpeg', 922, 0),
('parket-quick-step-palazzo-dub-gorniy-promaslenniy-pal3094s-1.jpeg', 920, 1),
('parket-quick-step-palazzo-dub-gorniy-promaslenniy-pal3094s-2.jpeg', 920, 2),
('parket-quick-step-palazzo-dub-gorniy-promaslenniy-pal3094s.jpeg', 920, 0),
('parket-quick-step-palazzo-dub-imbirniy-keks-ekstramatoviy-pal3888s-1.jpeg', 929, 1),
('parket-quick-step-palazzo-dub-imbirniy-keks-ekstramatoviy-pal3888s-2.jpeg', 929, 2),
('parket-quick-step-palazzo-dub-imbirniy-keks-ekstramatoviy-pal3888s-3.jpeg', 929, 3),
('parket-quick-step-palazzo-dub-imbirniy-keks-ekstramatoviy-pal3888s.jpeg', 929, 0),
('parket-quick-step-palazzo-dub-koritsa-ekstramatoviy-pal3096s-1.jpeg', 925, 1),
('parket-quick-step-palazzo-dub-koritsa-ekstramatoviy-pal3096s-2.jpeg', 925, 2),
('parket-quick-step-palazzo-dub-koritsa-ekstramatoviy-pal3096s-3.jpeg', 925, 3),
('parket-quick-step-palazzo-dub-koritsa-ekstramatoviy-pal3096s-4.jpeg', 925, 4),
('parket-quick-step-palazzo-dub-koritsa-ekstramatoviy-pal3096s-5.jpeg', 925, 5),
('parket-quick-step-palazzo-dub-koritsa-ekstramatoviy-pal3096s-6.jpeg', 925, 6),
('parket-quick-step-palazzo-dub-koritsa-ekstramatoviy-pal3096s.jpeg', 925, 0),
('parket-quick-step-palazzo-dub-laymoviy-ekstramatoviy-pal3887s-1.jpeg', 927, 1),
('parket-quick-step-palazzo-dub-laymoviy-ekstramatoviy-pal3887s-2.jpeg', 927, 2),
('parket-quick-step-palazzo-dub-laymoviy-ekstramatoviy-pal3887s.jpeg', 927, 0),
('parket-quick-step-palazzo-dub-matoviy-promaslenniy-pal4260s-1.jpeg', 928, 1),
('parket-quick-step-palazzo-dub-matoviy-promaslenniy-pal4260s-2.jpeg', 928, 2),
('parket-quick-step-palazzo-dub-matoviy-promaslenniy-pal4260s.jpeg', 928, 0),
('parket-quick-step-palazzo-dub-polunochniy-promaslenniy-pal3889s-1.jpeg', 923, 1),
('parket-quick-step-palazzo-dub-polunochniy-promaslenniy-pal3889s-2.jpeg', 923, 2),
('parket-quick-step-palazzo-dub-polunochniy-promaslenniy-pal3889s-3.jpeg', 923, 3),
('parket-quick-step-palazzo-dub-polunochniy-promaslenniy-pal3889s.jpeg', 923, 0),
('plintus-dlya-parketa-(v-tsvet)-quick-step-qswppskr01352.jpeg', 897, 0),
('plintus-dlya-parketa-(v-tsvet)-quick-step-qswppskr01354.jpeg', 899, 0),
('plintus-dlya-parketa-(v-tsvet)-quick-step-qswppskr01478.jpeg', 892, 0),
('plintus-dlya-parketa-v-tsvet-quick-step-qswppskr01334.jpeg', 901, 0),
('plintus-dlya-parketa-v-tsvet-quick-step-qswppskr01341.jpeg', 914, 0),
('plintus-dlya-parketa-v-tsvet-quick-step-qswppskr03094.jpeg', 921, 0),
('plintus-dlya-parketa-v-tsvet-quick-step-qswppskr03096.jpeg', 926, 0),
('plintus-dlya-parketa-v-tsvet-quick-step-qswppskr03563.jpeg', 917, 0),
('plintus-dlya-parketa-v-tsvet-quick-step-qswppskr03564.jpeg', 919, 0),
('plintus-dlya-parketa-v-tsvet-quick-step-qswppskr03889.jpeg', 924, 0),
('plintus-standartniy-dlya-livyn-balance-quick-step-artizan-seriy-qsvskra40040.jpeg', 772, 0),
('plintus-standartniy-dlya-livyn-balance-quick-step-beton-svetliy-qsvskra40049.jpeg', 744, 0),
('plintus-standartniy-dlya-livyn-balance-quick-step-beton-svetliy-qsvskra40049.jpeg', 930, 0),
('plintus-standartniy-dlya-livyn-balance-quick-step-beton-tyopliy-seriy-qsvskra40050.jpeg', 738, 0),
('plintus-standartniy-dlya-livyn-balance-quick-step-bezheviy-dub-qsvskra40018.jpeg', 784, 0),
('plintus-standartniy-dlya-livyn-balance-quick-step-dub-barkhatniy-bezheviy-qsvskra40158.jpeg', 780, 0),
('plintus-standartniy-dlya-livyn-balance-quick-step-dub-barkhatniy-korichneviy-qsvskra40160.jpeg', 786, 0),
('plintus-standartniy-dlya-livyn-balance-quick-step-dub-barkhatniy-pesochniy-qsvskra40159.jpeg', 790, 0),
('plintus-standartniy-dlya-livyn-balance-quick-step-dub-barkhatniy-svetliy-qsvskra40157.jpeg', 782, 0),
('plintus-standartniy-dlya-livyn-balance-quick-step-dub-kanon-bezheviy-qsvskra40038.jpeg', 767, 0),
('plintus-standartniy-dlya-livyn-balance-quick-step-dub-kanon-korichneviy-qsvskra40127.jpeg', 824, 0),
('plintus-standartniy-dlya-livyn-balance-quick-step-dub-kanon-naturalniy-qsvskra40039.jpeg', 822, 0),
('plintus-standartniy-dlya-livyn-balance-quick-step-dub-kanon-seriy-pilyoniy-qsvskra40030.jpeg', 814, 0),
('plintus-standartniy-dlya-livyn-balance-quick-step-dub-kanon-svetliy-pilyoniy-qsvskra40128.jpeg', 769, 0),
('plintus-standartniy-dlya-livyn-balance-quick-step-dub-kanon-svetlo-korichneviy-pilyoniy-qsvskra40031.jpeg', 801, 0),
('plintus-standartniy-dlya-livyn-balance-quick-step-dub-korolevskiy-naturalniy-qsvskra40156.jpeg', 788, 0),
('plintus-standartniy-dlya-livyn-balance-quick-step-dub-kottedzh-naturalniy-qsvskra40025.jpeg', 812, 0),
('plintus-standartniy-dlya-livyn-balance-quick-step-dub-kottedzh-sero-korichneviy-qsvskra40026.jpeg', 816, 0),
('plintus-standartniy-dlya-livyn-balance-quick-step-dub-kottedzh-temno-korichneviy-qsvskra40027.jpeg', 774, 0),
('plintus-standartniy-dlya-livyn-balance-quick-step-dub-naturalniy-otborniy-qsvskra40033.jpeg', 820, 0),
('plintus-standartniy-dlya-livyn-balance-quick-step-dub-svetliy-otborniy-qsvskra40032.jpeg', 776, 0),
('plintus-standartniy-dlya-livyn-balance-quick-step-kashtan-vintazhniy-naturalniy-qsvskra40029.jpeg', 763, 0),
('plintus-standartniy-dlya-livyn-balance-quick-step-klassicheskiy-naturalniy-dub-qsvskra40023.jpeg', 765, 0),
('plintus-standartniy-dlya-livyn-balance-quick-step-mineralnaya-kroshka-pesochnaya-qsvskra40137.jpeg', 746, 0),
('plintus-standartniy-dlya-livyn-balance-quick-step-mineralnaya-kroshka-seraya-qsvskra40138.jpeg', 748, 0),
('plintus-standartniy-dlya-livyn-balance-quick-step-mramor-karrarskiy-beliy-qsvskra40136.jpeg', 740, 0),
('plintus-standartniy-dlya-livyn-balance-quick-step-sero-buriy-shelkoviy-dub-qsvskra40053.jpeg', 826, 0),
('plintus-standartniy-dlya-livyn-balance-quick-step-shelkoviy-temno-seriy-dub-qsvskra40060.jpeg', 818, 0),
('plintus-standartniy-dlya-livyn-balance-quick-step-shlifovanniy-beton-temno-seriy-qsvskra40141.jpeg', 750, 0),
('plintus-standartniy-dlya-livyn-balance-quick-step-slanets-chyorniy-qsvskra40035.jpeg', 742, 0),
('plintus-standartniy-dlya-livyn-balance-quick-step-zhemchuzhniy-sero-korichneviy-dub-qsvskra40133.jpeg', 778, 0),
('plintus-standartniy-dlya-livyn-pulse-quick-step-dub-chistiy-medoviy-qsvskrb40098.jpeg', 862, 0),
('plintus-standartniy-dlya-livyn-pulse-quick-step-dub-chistiy-naturalniy-qsvskrb40097.jpeg', 866, 0),
('plintus-standartniy-dlya-livyn-pulse-quick-step-dub-khlopkoviy-beliy-qsvskrb40200.jpeg', 880, 0),
('plintus-standartniy-dlya-livyn-pulse-quick-step-dub-khlopkoviy-bezheviy-qsvskrb40103.jpeg', 850, 0),
('plintus-standartniy-dlya-livyn-pulse-quick-step-dub-khlopkoviy-bezheviy-qsvskrb40203.jpeg', 888, 0),
('plintus-standartniy-dlya-livyn-pulse-quick-step-dub-khlopkoviy-naturalniy-qsvskrb40104.jpeg', 856, 0),
('plintus-standartniy-dlya-livyn-pulse-quick-step-dub-khlopkoviy-svetlo-seriy-qsvskrb40105.jpeg', 872, 0),
('plintus-standartniy-dlya-livyn-pulse-quick-step-dub-khlopkoviy-svetlo-seriy-qsvskrb40201.jpeg', 886, 0),
('plintus-standartniy-dlya-livyn-pulse-quick-step-dub-khlopkoviy-temno-seriy-pilyoniy-qsvskrb40106.jpeg', 854, 0),
('plintus-standartniy-dlya-livyn-pulse-quick-step-dub-khlopkoviy-temno-seriy-qsvskrb40202.jpeg', 890, 0),
('plintus-standartniy-dlya-livyn-pulse-quick-step-dub-morskoy-bezheviy-qsvskrb40080.jpeg', 846, 0),
('plintus-standartniy-dlya-livyn-pulse-quick-step-dub-morskoy-naturalniy-qsvskrb40081.jpeg', 870, 0),
('plintus-standartniy-dlya-livyn-pulse-quick-step-dub-morskoy-svetliy-qsvskrb40079.jpeg', 848, 0),
('plintus-standartniy-dlya-livyn-pulse-quick-step-dub-okhra-qsvskrb40093.jpeg', 852, 0),
('plintus-standartniy-dlya-livyn-pulse-quick-step-dub-osenniy-korichneviy-qsvskrb40090.jpeg', 840, 0),
('plintus-standartniy-dlya-livyn-pulse-quick-step-dub-osenniy-medoviy-qsvskrb40088.jpeg', 864, 0),
('plintus-standartniy-dlya-livyn-pulse-quick-step-dub-osenniy-shokoladniy-qsvskrb40199.jpeg', 884, 0),
('plintus-standartniy-dlya-livyn-pulse-quick-step-dub-osenniy-svetliy-naturalniy-qsvskrb40087.jpeg', 858, 0),
('plintus-standartniy-dlya-livyn-pulse-quick-step-dub-osenniy-tepliy-seriy-qsvskrb40089.jpeg', 842, 0),
('plintus-standartniy-dlya-livyn-pulse-quick-step-dub-peschaniy-tepliy-korichneviy-qsvskrb40086.jpeg', 868, 0),
('plintus-standartniy-dlya-livyn-pulse-quick-step-dub-peschaniy-tepliy-seriy-qsvskrb40083.jpeg', 878, 0),
('plintus-standartniy-dlya-livyn-pulse-quick-step-dub-pleteniy-korichneviy-qsvskrb40078.jpeg', 876, 0),
('plintus-standartniy-dlya-livyn-pulse-quick-step-dub-tepliy-naturalniy-qsvskrb40094.jpeg', 844, 0),
('plintus-standartniy-dlya-livyn-pulse-quick-step-korichnevaya-sosna-qsvskrb40075.jpeg', 860, 0),
('plintus-standartniy-dlya-livyn-pulse-quick-step-sosna-svetlo-seraya-qsvskrb40204.jpeg', 882, 0),
('plintus-standartniy-dlya-livyn-pulse-quick-step-utrennyaya-sosna-qsvskrb40074.jpeg', 874, 0),
('podlozhka-probkovaya.jpg', 23, 0),
('podlozhka-quick-step-livyn-basic-1-mm-dlya-plitki-pvh.jpeg', 931, 0),
('profitex.jpg', 12, 0),
('quickstep.jpg', 13, 0),
('standartniy-plintus-quick-step-beton-loft-qssk04508.jpeg', 649, 0),
('standartniy-plintus-quick-step-doska-belaya-qssk01859.jpeg', 617, 0),
('standartniy-plintus-quick-step-doska-belogo-duba-lakirovannaya-qssk00915.jpeg', 572, 0),
('standartniy-plintus-quick-step-doska-duba-belogo-medium-qssk01492.jpeg', 713, 0),
('standartniy-plintus-quick-step-doska-duba-belogo-svetlaya-qssk01491.jpeg', 711, 0),
('standartniy-plintus-quick-step-doska-duba-belogo-zatemnennaya-qssk01496.jpeg', 717, 0),
('standartniy-plintus-quick-step-doska-duba-matovaya-promaslennaya-qssk00312.jpeg', 721, 0),
('standartniy-plintus-quick-step-doska-duba-serogo-starinnogo-qssk01382.jpeg', 528, 0),
('standartniy-plintus-quick-step-doska-duba-svetlo-serogo-starinnogo-qssk01405.jpeg', 530, 0),
('standartniy-plintus-quick-step-doska-dubovaya-svetlaya-potertaya-qssk01303.jpeg', 715, 0),
('standartniy-plintus-quick-step-doska-dubovaya-svetlo-seraya-lakirovannaya-qssk01304.jpeg', 725, 0),
('standartniy-plintus-quick-step-doska-merbau-qssk00996.jpeg', 731, 0),
('standartniy-plintus-quick-step-doska-naturalnogo-duba-lakirovannaya-qssk00896.jpeg', 584, 0),
('standartniy-plintus-quick-step-doska-orekhovaya-promaslennaya-qssk01043.jpeg', 586, 0),
('standartniy-plintus-quick-step-doska-venge-qssk01000.jpeg', 594, 0),
('standartniy-plintus-quick-step-dub-angliyskiy-naturalniy-qssk04161.jpeg', 520, 0),
('standartniy-plintus-quick-step-dub-beliy-krasheniy-qssk04753.jpeg', 506, 0),
('standartniy-plintus-quick-step-dub-beliy-otbelenniy-qssk04087.jpeg', 481, 0),
('standartniy-plintus-quick-step-dub-beliy-otbelenniy-qssk04087.jpeg', 542, 0),
('standartniy-plintus-quick-step-dub-beliy-premium-qssk04757.jpeg', 486, 0),
('standartniy-plintus-quick-step-dub-beliy-promaslenniy-qssk01538.jpeg', 544, 0),
('standartniy-plintus-quick-step-dub-bezheviy-brashirovanniy-qssk04764.jpeg', 488, 0),
('standartniy-plintus-quick-step-dub-bezheviy-lakirovanniy-qssk04750.jpeg', 490, 0),
('standartniy-plintus-quick-step-dub-bezheviy-otbelenniy-qssk04088.jpeg', 546, 0),
('standartniy-plintus-quick-step-dub-bezheviy-premium-qssk04093.jpeg', 536, 0),
('standartniy-plintus-quick-step-dub-bezheviy-rustikalniy-qssk04084.jpeg', 548, 0),
('standartniy-plintus-quick-step-dub-bordo-qssk01995.jpeg', 615, 0),
('standartniy-plintus-quick-step-dub-chernaya-noch-qssk01862.jpeg', 637, 0),
('standartniy-plintus-quick-step-dub-derevenskiy-qssk01851.jpeg', 612, 0),
('standartniy-plintus-quick-step-dub-dolinniy-svetlo-bezheviy-qssk03554.jpeg', 686, 0),
('standartniy-plintus-quick-step-dub-dolinniy-svetlo-korichneviy-qssk03555.jpeg', 698, 0),
('standartniy-plintus-quick-step-dub-dymchatiy-qssk01993.jpeg', 602, 0),
('standartniy-plintus-quick-step-dub-etnicheskiy-korichneviy-qssk03557.jpeg', 608, 0),
('standartniy-plintus-quick-step-dub-etnicheskiy-seriy-qssk03558.jpeg', 635, 0),
('standartniy-plintus-quick-step-dub-fantaziyniy-beliy-qssk03559.jpeg', 630, 0),
('standartniy-plintus-quick-step-dub-fantaziyniy-svetlo-seriy-qssk03560.jpeg', 628, 0),
('standartniy-plintus-quick-step-dub-gorchichniy-qssk04162.jpeg', 518, 0),
('standartniy-plintus-quick-step-dub-gorniy-korichneviy-qssk04091.jpeg', 556, 0),
('standartniy-plintus-quick-step-dub-gorniy-krasniy-qssk04090.jpeg', 558, 0),
('standartniy-plintus-quick-step-dub-gorniy-temno-korichneviy-qssk04092.jpeg', 554, 0),
('standartniy-plintus-quick-step-dub-italyanskiy-bezheviy-qssk03574.jpeg', 580, 0),
('standartniy-plintus-quick-step-dub-italyanskiy-svetlo-seriy-qssk03573.jpeg', 568, 0),
('standartniy-plintus-quick-step-dub-izyskanniy-temniy-qssk03581.jpeg', 588, 0),
('standartniy-plintus-quick-step-dub-kapuchino-qssk04160.jpeg', 514, 0),
('standartniy-plintus-quick-step-dub-kofeyniy-brashirovanniy-qssk04145.jpeg', 664, 0),
('standartniy-plintus-quick-step-dub-korichneviy-brashirovanniy-qssk04766.jpeg', 508, 0),
('standartniy-plintus-quick-step-dub-korichneviy-patina-qssk04751.jpeg', 502, 0),
('standartniy-plintus-quick-step-dub-korichneviy-qssk01849.jpeg', 610, 0),
('standartniy-plintus-quick-step-dub-korichneviy-voscheniy-qssk04756.jpeg', 510, 0),
('standartniy-plintus-quick-step-dub-lesnoy-massiv-bezheviy-qssk03545.jpeg', 700, 0),
('standartniy-plintus-quick-step-dub-lesnoy-massiv-korichneviy-qssk03548.jpeg', 688, 0),
('standartniy-plintus-quick-step-dub-lesnoy-massiv-naturalniy-qssk03546.jpeg', 702, 0),
('standartniy-plintus-quick-step-dub-lesnoy-massiv-svetlo-seriy-qssk03547.jpeg', 692, 0),
('standartniy-plintus-quick-step-dub-medniy-brashirovanniy-qssk04144.jpeg', 654, 0),
('standartniy-plintus-quick-step-dub-naturalniy-brashirovanniy-qssk04763.jpeg', 492, 0),
('standartniy-plintus-quick-step-dub-naturalniy-otbelenniy-qssk04089.jpeg', 550, 0),
('standartniy-plintus-quick-step-dub-naturalniy-qssk01848.jpeg', 604, 0),
('standartniy-plintus-quick-step-dub-naturalniy-rustikalniy-qssk04085.jpeg', 540, 0),
('standartniy-plintus-quick-step-dub-naturalniy-zolotistiy-qssk03465.jpeg', 566, 0),
('standartniy-plintus-quick-step-dub-neshvill-naturalniy-qssk03180.jpeg', 620, 0),
('standartniy-plintus-quick-step-dub-palatstso-bezheviy-qssk04672.jpeg', 651, 0),
('standartniy-plintus-quick-step-dub-palatstso-korichneviy-qssk04504.jpeg', 658, 0),
('standartniy-plintus-quick-step-dub-pepelniy-qssk04159.jpeg', 516, 0),
('standartniy-plintus-quick-step-dub-pesochniy-brashirovanniy-qssk04142.jpeg', 647, 0),
('standartniy-plintus-quick-step-dub-pesochniy-qssk01853.jpeg', 626, 0),
('standartniy-plintus-quick-step-dub-pochtenniy-naturalniy-promaslenniy-qssk01157.jpeg', 728, 0),
('standartniy-plintus-quick-step-dub-potertiy-naturalniy-qssk04767.jpeg', 504, 0),
('standartniy-plintus-quick-step-dub-prirodniy-bezheviy-brashirovanniy-qssk04143.jpeg', 660, 0),
('standartniy-plintus-quick-step-dub-prirodniy-korichneviy-qssk03579.jpeg', 706, 0),
('standartniy-plintus-quick-step-dub-prirodniy-naturalniy-qssk03578.jpeg', 596, 0),
('standartniy-plintus-quick-step-dub-pustynniy-shlifovanniy-seriy-qssk03552.jpeg', 696, 0),
('standartniy-plintus-quick-step-dub-pustynniy-shlifovanniy-temno-korichneviy-qssk03553.jpeg', 694, 0),
('standartniy-plintus-quick-step-dub-pustynniy-svetliy-naturalniy-qssk03550.jpeg', 690, 0),
('standartniy-plintus-quick-step-dub-pustynniy-tepliy-naturalniy-qssk03551.jpeg', 684, 0),
('standartniy-plintus-quick-step-dub-rozoviy-krasheniy-qssk04754.jpeg', 512, 0),
('standartniy-plintus-quick-step-dub-seriy-brashirovanniy-qssk04765.jpeg', 500, 0),
('standartniy-plintus-quick-step-dub-seriy-patina-qssk04752.jpeg', 498, 0),
('standartniy-plintus-quick-step-dub-seriy-serebristiy-qssk03464.jpeg', 562, 0),
('standartniy-plintus-quick-step-dub-shokoladniy-promaslenniy-qssk03461.jpeg', 576, 0),
('standartniy-plintus-quick-step-dub-shokoladniy-rustikalniy-qssk04086.jpeg', 552, 0),
('standartniy-plintus-quick-step-dub-starinniy-bezheviy-qssk03576.jpeg', 590, 0),
('standartniy-plintus-quick-step-dub-starinniy-naturalniy-qssk01381.jpeg', 534, 0),
('standartniy-plintus-quick-step-dub-starinniy-seriy-qssk03575.jpeg', 719, 0),
('standartniy-plintus-quick-step-dub-starinniy-temniy-qssk01383.jpeg', 532, 0),
('standartniy-plintus-quick-step-dub-svetliy-naturalniy-promaslenniy-qssk03457.jpeg', 574, 0),
('standartniy-plintus-quick-step-dub-svetliy-patina-qssk04748.jpeg', 494, 0),
('standartniy-plintus-quick-step-dub-svetliy-qssk01847.jpeg', 624, 0),
('standartniy-plintus-quick-step-dub-svetlo-seriy-patina-qssk04158.jpeg', 522, 0),
('standartniy-plintus-quick-step-dub-svetlo-seriy-serebristiy-qssk03462.jpeg', 560, 0),
('standartniy-plintus-quick-step-dub-svetlo-seriy-zolotistiy-qssk03463.jpeg', 564, 0),
('standartniy-plintus-quick-step-dub-temno-korichneviy-promaslenniy-qssk03460.jpeg', 592, 0),
('standartniy-plintus-quick-step-dub-tepliy-naturalniy-brashirovanniy-qssk04762.jpeg', 483, 0),
('standartniy-plintus-quick-step-dub-tepliy-naturalniy-premium-qssk04095.jpeg', 538, 0),
('standartniy-plintus-quick-step-dub-tepliy-naturalniy-promaslenniy-qssk03458.jpeg', 578, 0),
('standartniy-plintus-quick-step-dub-tepliy-seriy-promaslenniy-qssk03459.jpeg', 570, 0),
('standartniy-plintus-quick-step-dub-vindzor-qssk03106.jpeg', 632, 0),
('standartniy-plintus-quick-step-dub-yuzhniy-qssk01994.jpeg', 606, 0),
('standartniy-plintus-quick-step-kholst-qssk01557.jpeg', 662, 0),
('standartniy-plintus-quick-step-kubinskiy-dub-qssk01655.jpeg', 524, 0),
('standartniy-plintus-quick-step-lunniy-dub-qssk01658.jpeg', 526, 0),
('standartniy-plintus-quick-step-mramor-bezheviy-qssk04506.jpeg', 643, 0),
('standartniy-plintus-quick-step-orekh-korichneviy-qssk04761.jpeg', 496, 0),
('standartniy-plintus-quick-step-plitka-belaya-qssk01553.jpeg', 656, 0),
('standartniy-plintus-quick-step-sosna-belaya-zatertaya-qssk01235.jpeg', 598, 0),
('standartniy-plintus-quick-step-sosna-qssk01860.jpeg', 639, 0),
('standartniy-plintus-quick-step-standard-skirting-board-(matching-colour)-qssk03364.jpeg', 622, 0),
('standartniy-plintus-quick-step-standartniy-plintus-(v-tsvet)-qssk04157.jpeg', 645, 0),
('standartniy-plintus-quick-step-svetlo-seriy-beton-qssk01861.jpeg', 641, 0),
('standartniy-plintus-quick-step-venge-intensivniy-qssk01300.jpeg', 582, 0),
('tuplex.jpg', 14, 0),
('vinil-quick-step-ambient-click-beton-svetliy-amcl40049-1.jpeg', 743, 1),
('vinil-quick-step-ambient-click-beton-svetliy-amcl40049-2.jpeg', 743, 2),
('vinil-quick-step-ambient-click-beton-svetliy-amcl40049-3.jpeg', 743, 3),
('vinil-quick-step-ambient-click-beton-svetliy-amcl40049.jpeg', 743, 0),
('vinil-quick-step-ambient-click-beton-tyopliy-seriy-amcl40050-1.jpeg', 737, 1),
('vinil-quick-step-ambient-click-beton-tyopliy-seriy-amcl40050-2.jpeg', 737, 2),
('vinil-quick-step-ambient-click-beton-tyopliy-seriy-amcl40050.jpeg', 737, 0),
('vinil-quick-step-ambient-click-mineralnaya-kroshka-pesochnaya-amcl40137-1.jpeg', 745, 1),
('vinil-quick-step-ambient-click-mineralnaya-kroshka-pesochnaya-amcl40137-2.jpeg', 745, 2),
('vinil-quick-step-ambient-click-mineralnaya-kroshka-pesochnaya-amcl40137-3.jpeg', 745, 3),
('vinil-quick-step-ambient-click-mineralnaya-kroshka-pesochnaya-amcl40137.jpeg', 745, 0),
('vinil-quick-step-ambient-click-mineralnaya-kroshka-seraya-amcl40138-1.jpeg', 747, 1),
('vinil-quick-step-ambient-click-mineralnaya-kroshka-seraya-amcl40138-2.jpeg', 747, 2),
('vinil-quick-step-ambient-click-mineralnaya-kroshka-seraya-amcl40138.jpeg', 747, 0),
('vinil-quick-step-ambient-click-mramor-karrarskiy-beliy-amcl40136-1.jpeg', 739, 1),
('vinil-quick-step-ambient-click-mramor-karrarskiy-beliy-amcl40136-2.jpeg', 739, 2),
('vinil-quick-step-ambient-click-mramor-karrarskiy-beliy-amcl40136-3.jpeg', 739, 3),
('vinil-quick-step-ambient-click-mramor-karrarskiy-beliy-amcl40136-4.jpeg', 739, 4),
('vinil-quick-step-ambient-click-mramor-karrarskiy-beliy-amcl40136-5.jpeg', 739, 5),
('vinil-quick-step-ambient-click-mramor-karrarskiy-beliy-amcl40136.jpeg', 739, 0),
('vinil-quick-step-ambient-click-shlifovanniy-beton-temno-seriy-amcl40141-1.jpeg', 749, 1),
('vinil-quick-step-ambient-click-shlifovanniy-beton-temno-seriy-amcl40141-2.jpeg', 749, 2),
('vinil-quick-step-ambient-click-shlifovanniy-beton-temno-seriy-amcl40141.jpeg', 749, 0),
('vinil-quick-step-ambient-click-slanets-chyorniy-amcl40035-1.jpeg', 741, 1),
('vinil-quick-step-ambient-click-slanets-chyorniy-amcl40035-2.jpeg', 741, 2),
('vinil-quick-step-ambient-click-slanets-chyorniy-amcl40035-3.jpeg', 741, 3),
('vinil-quick-step-ambient-click-slanets-chyorniy-amcl40035-4.jpeg', 741, 4),
('vinil-quick-step-ambient-click-slanets-chyorniy-amcl40035-5.jpeg', 741, 5),
('vinil-quick-step-ambient-click-slanets-chyorniy-amcl40035.jpeg', 741, 0),
('vinil-quick-step-ambient-glue-plus-beton-svetliy-amgp40049-1.jpeg', 752, 1),
('vinil-quick-step-ambient-glue-plus-beton-svetliy-amgp40049-2.jpeg', 752, 2),
('vinil-quick-step-ambient-glue-plus-beton-svetliy-amgp40049-3.jpeg', 752, 3),
('vinil-quick-step-ambient-glue-plus-beton-svetliy-amgp40049.jpeg', 752, 0),
('vinil-quick-step-ambient-glue-plus-beton-tyopliy-seriy-amgp40050-1.jpeg', 754, 1),
('vinil-quick-step-ambient-glue-plus-beton-tyopliy-seriy-amgp40050-2.jpeg', 754, 2),
('vinil-quick-step-ambient-glue-plus-beton-tyopliy-seriy-amgp40050.jpeg', 754, 0),
('vinil-quick-step-ambient-glue-plus-mineralnaya-kroshka-pesochnaya-amgp40137-1.jpeg', 756, 1),
('vinil-quick-step-ambient-glue-plus-mineralnaya-kroshka-pesochnaya-amgp40137-2.jpeg', 756, 2),
('vinil-quick-step-ambient-glue-plus-mineralnaya-kroshka-pesochnaya-amgp40137-3.jpeg', 756, 3),
('vinil-quick-step-ambient-glue-plus-mineralnaya-kroshka-pesochnaya-amgp40137.jpeg', 756, 0),
('vinil-quick-step-ambient-glue-plus-mineralnaya-kroshka-seraya-amgp40138-1.jpeg', 755, 1),
('vinil-quick-step-ambient-glue-plus-mineralnaya-kroshka-seraya-amgp40138-2.jpeg', 755, 2),
('vinil-quick-step-ambient-glue-plus-mineralnaya-kroshka-seraya-amgp40138.jpeg', 755, 0),
('vinil-quick-step-ambient-glue-plus-mramor-karrarskiy-beliy-amgp40136-1.jpeg', 753, 1),
('vinil-quick-step-ambient-glue-plus-mramor-karrarskiy-beliy-amgp40136-2.jpeg', 753, 2),
('vinil-quick-step-ambient-glue-plus-mramor-karrarskiy-beliy-amgp40136-3.jpeg', 753, 3),
('vinil-quick-step-ambient-glue-plus-mramor-karrarskiy-beliy-amgp40136-4.jpeg', 753, 4),
('vinil-quick-step-ambient-glue-plus-mramor-karrarskiy-beliy-amgp40136-5.jpeg', 753, 5),
('vinil-quick-step-ambient-glue-plus-mramor-karrarskiy-beliy-amgp40136-6.jpeg', 753, 6),
('vinil-quick-step-ambient-glue-plus-mramor-karrarskiy-beliy-amgp40136-7.jpeg', 753, 7),
('vinil-quick-step-ambient-glue-plus-mramor-karrarskiy-beliy-amgp40136-8.jpeg', 753, 8),
('vinil-quick-step-ambient-glue-plus-mramor-karrarskiy-beliy-amgp40136.jpeg', 753, 0),
('vinil-quick-step-ambient-glue-plus-shlifovanniy-beton-temno-seriy-amgp40141-1.jpeg', 757, 1),
('vinil-quick-step-ambient-glue-plus-shlifovanniy-beton-temno-seriy-amgp40141-2.jpeg', 757, 2),
('vinil-quick-step-ambient-glue-plus-shlifovanniy-beton-temno-seriy-amgp40141.jpeg', 757, 0),
('vinil-quick-step-ambient-glue-plus-slanets-chyorniy-amgp40035-1.jpeg', 751, 1),
('vinil-quick-step-ambient-glue-plus-slanets-chyorniy-amgp40035-2.jpeg', 751, 2),
('vinil-quick-step-ambient-glue-plus-slanets-chyorniy-amgp40035-3.jpeg', 751, 3),
('vinil-quick-step-ambient-glue-plus-slanets-chyorniy-amgp40035-4.jpeg', 751, 4),
('vinil-quick-step-ambient-glue-plus-slanets-chyorniy-amgp40035-5.jpeg', 751, 5),
('vinil-quick-step-ambient-glue-plus-slanets-chyorniy-amgp40035.jpeg', 751, 0),
('vinil-quick-step-ambient-rigid-click-mramor-karrarskiy-beliy-ramcl40136-1.jpeg', 758, 1),
('vinil-quick-step-ambient-rigid-click-mramor-karrarskiy-beliy-ramcl40136-2.jpeg', 758, 2),
('vinil-quick-step-ambient-rigid-click-mramor-karrarskiy-beliy-ramcl40136-3.jpeg', 758, 3),
('vinil-quick-step-ambient-rigid-click-mramor-karrarskiy-beliy-ramcl40136-4.jpeg', 758, 4),
('vinil-quick-step-ambient-rigid-click-mramor-karrarskiy-beliy-ramcl40136-5.jpeg', 758, 5),
('vinil-quick-step-ambient-rigid-click-mramor-karrarskiy-beliy-ramcl40136.jpeg', 758, 0),
('vinil-quick-step-ambient-rigid-click-shlifovanniy-beton-seriy-ramcl40140-1.jpeg', 761, 1),
('vinil-quick-step-ambient-rigid-click-shlifovanniy-beton-seriy-ramcl40140-2.jpeg', 761, 2),
('vinil-quick-step-ambient-rigid-click-shlifovanniy-beton-seriy-ramcl40140-3.jpeg', 761, 3),
('vinil-quick-step-ambient-rigid-click-shlifovanniy-beton-seriy-ramcl40140-4.jpeg', 761, 4),
('vinil-quick-step-ambient-rigid-click-shlifovanniy-beton-seriy-ramcl40140-5.jpeg', 761, 5),
('vinil-quick-step-ambient-rigid-click-shlifovanniy-beton-seriy-ramcl40140.jpeg', 761, 0),
('vinil-quick-step-ambient-rigid-click-shlifovanniy-beton-svetlo-seriy-ramcl40139-1.jpeg', 760, 1),
('vinil-quick-step-ambient-rigid-click-shlifovanniy-beton-svetlo-seriy-ramcl40139-2.jpeg', 760, 2),
('vinil-quick-step-ambient-rigid-click-shlifovanniy-beton-svetlo-seriy-ramcl40139-3.jpeg', 760, 3),
('vinil-quick-step-ambient-rigid-click-shlifovanniy-beton-svetlo-seriy-ramcl40139-4.jpeg', 760, 4),
('vinil-quick-step-ambient-rigid-click-shlifovanniy-beton-svetlo-seriy-ramcl40139-5.jpeg', 760, 5),
('vinil-quick-step-ambient-rigid-click-shlifovanniy-beton-svetlo-seriy-ramcl40139-6.jpeg', 760, 6),
('vinil-quick-step-ambient-rigid-click-shlifovanniy-beton-svetlo-seriy-ramcl40139-7.jpeg', 760, 7),
('vinil-quick-step-ambient-rigid-click-shlifovanniy-beton-svetlo-seriy-ramcl40139-8.jpeg', 760, 8),
('vinil-quick-step-ambient-rigid-click-shlifovanniy-beton-svetlo-seriy-ramcl40139-9.jpeg', 760, 9),
('vinil-quick-step-ambient-rigid-click-shlifovanniy-beton-svetlo-seriy-ramcl40139.jpeg', 760, 0),
('vinil-quick-step-ambient-rigid-click-slanets-seriy-ramcl40034-1.jpeg', 759, 1),
('vinil-quick-step-ambient-rigid-click-slanets-seriy-ramcl40034-2.jpeg', 759, 2),
('vinil-quick-step-ambient-rigid-click-slanets-seriy-ramcl40034.jpeg', 759, 0),
('vinil-quick-step-balance-click-artizan-seriy-bacl40040-1.jpeg', 771, 1),
('vinil-quick-step-balance-click-artizan-seriy-bacl40040-2.jpeg', 771, 2),
('vinil-quick-step-balance-click-artizan-seriy-bacl40040.jpeg', 771, 0),
('vinil-quick-step-balance-click-bezheviy-dub-bacl40018-1.jpeg', 783, 1),
('vinil-quick-step-balance-click-bezheviy-dub-bacl40018-2.jpeg', 783, 2),
('vinil-quick-step-balance-click-bezheviy-dub-bacl40018-3.jpeg', 783, 3),
('vinil-quick-step-balance-click-bezheviy-dub-bacl40018.jpeg', 783, 0),
('vinil-quick-step-balance-click-dub-barkhatniy-bezheviy-bacl40158-1.jpeg', 779, 1),
('vinil-quick-step-balance-click-dub-barkhatniy-bezheviy-bacl40158-2.jpeg', 779, 2),
('vinil-quick-step-balance-click-dub-barkhatniy-bezheviy-bacl40158-3.jpeg', 779, 3),
('vinil-quick-step-balance-click-dub-barkhatniy-bezheviy-bacl40158-4.jpeg', 779, 4),
('vinil-quick-step-balance-click-dub-barkhatniy-bezheviy-bacl40158.jpeg', 779, 0),
('vinil-quick-step-balance-click-dub-barkhatniy-korichneviy-bacl40160-1.jpeg', 785, 1),
('vinil-quick-step-balance-click-dub-barkhatniy-korichneviy-bacl40160-2.jpeg', 785, 2),
('vinil-quick-step-balance-click-dub-barkhatniy-korichneviy-bacl40160-3.jpeg', 785, 3),
('vinil-quick-step-balance-click-dub-barkhatniy-korichneviy-bacl40160.jpeg', 785, 0),
('vinil-quick-step-balance-click-dub-barkhatniy-pesochniy-bacl40159-1.jpeg', 789, 1),
('vinil-quick-step-balance-click-dub-barkhatniy-pesochniy-bacl40159-2.jpeg', 789, 2),
('vinil-quick-step-balance-click-dub-barkhatniy-pesochniy-bacl40159.jpeg', 789, 0),
('vinil-quick-step-balance-click-dub-barkhatniy-svetliy-bacl40157-1.jpeg', 781, 1),
('vinil-quick-step-balance-click-dub-barkhatniy-svetliy-bacl40157-2.jpeg', 781, 2),
('vinil-quick-step-balance-click-dub-barkhatniy-svetliy-bacl40157.jpeg', 781, 0),
('vinil-quick-step-balance-click-dub-kanon-bezheviy-bacl40038-1.jpeg', 766, 1),
('vinil-quick-step-balance-click-dub-kanon-bezheviy-bacl40038-2.jpeg', 766, 2),
('vinil-quick-step-balance-click-dub-kanon-bezheviy-bacl40038-3.jpeg', 766, 3),
('vinil-quick-step-balance-click-dub-kanon-bezheviy-bacl40038-4.jpeg', 766, 4),
('vinil-quick-step-balance-click-dub-kanon-bezheviy-bacl40038.jpeg', 766, 0),
('vinil-quick-step-balance-click-dub-kanon-svetliy-pilyoniy-bacl40128-1.jpeg', 768, 1),
('vinil-quick-step-balance-click-dub-kanon-svetliy-pilyoniy-bacl40128-2.jpeg', 768, 2),
('vinil-quick-step-balance-click-dub-kanon-svetliy-pilyoniy-bacl40128.jpeg', 768, 0),
('vinil-quick-step-balance-click-dub-kanon-svetlo-korichneviy-pilyoniy-bacl40031-1.jpeg', 800, 1),
('vinil-quick-step-balance-click-dub-kanon-svetlo-korichneviy-pilyoniy-bacl40031-2.jpeg', 800, 2),
('vinil-quick-step-balance-click-dub-kanon-svetlo-korichneviy-pilyoniy-bacl40031-3.jpeg', 800, 3),
('vinil-quick-step-balance-click-dub-kanon-svetlo-korichneviy-pilyoniy-bacl40031.jpeg', 800, 0),
('vinil-quick-step-balance-click-dub-korolevskiy-naturalniy-bacl40156-1.jpeg', 787, 1),
('vinil-quick-step-balance-click-dub-korolevskiy-naturalniy-bacl40156-2.jpeg', 787, 2),
('vinil-quick-step-balance-click-dub-korolevskiy-naturalniy-bacl40156.jpeg', 787, 0),
('vinil-quick-step-balance-click-dub-kottedzh-temno-korichneviy-bacl40027-1.jpeg', 773, 1),
('vinil-quick-step-balance-click-dub-kottedzh-temno-korichneviy-bacl40027-2.jpeg', 773, 2),
('vinil-quick-step-balance-click-dub-kottedzh-temno-korichneviy-bacl40027-3.jpeg', 773, 3),
('vinil-quick-step-balance-click-dub-kottedzh-temno-korichneviy-bacl40027-4.jpeg', 773, 4),
('vinil-quick-step-balance-click-dub-kottedzh-temno-korichneviy-bacl40027.jpeg', 773, 0),
('vinil-quick-step-balance-click-dub-svetliy-otborniy-bacl40032-1.jpeg', 775, 1),
('vinil-quick-step-balance-click-dub-svetliy-otborniy-bacl40032-2.jpeg', 775, 2),
('vinil-quick-step-balance-click-dub-svetliy-otborniy-bacl40032-3.jpeg', 775, 3),
('vinil-quick-step-balance-click-dub-svetliy-otborniy-bacl40032-4.jpeg', 775, 4),
('vinil-quick-step-balance-click-dub-svetliy-otborniy-bacl40032-5.jpeg', 775, 5),
('vinil-quick-step-balance-click-dub-svetliy-otborniy-bacl40032-6.jpeg', 775, 6),
('vinil-quick-step-balance-click-dub-svetliy-otborniy-bacl40032.jpeg', 775, 0),
('vinil-quick-step-balance-click-kashtan-vintazhniy-naturalniy-bacl40029-1.jpeg', 762, 1),
('vinil-quick-step-balance-click-kashtan-vintazhniy-naturalniy-bacl40029-2.jpeg', 762, 2),
('vinil-quick-step-balance-click-kashtan-vintazhniy-naturalniy-bacl40029-3.jpeg', 762, 3),
('vinil-quick-step-balance-click-kashtan-vintazhniy-naturalniy-bacl40029.jpeg', 762, 0),
('vinil-quick-step-balance-click-klassicheskiy-naturalniy-dub-bacl40023-1.jpeg', 764, 1),
('vinil-quick-step-balance-click-klassicheskiy-naturalniy-dub-bacl40023-2.jpeg', 764, 2),
('vinil-quick-step-balance-click-klassicheskiy-naturalniy-dub-bacl40023.jpeg', 764, 0),
('vinil-quick-step-balance-click-plus-bezheviy-dub-bacp40018-1.jpeg', 803, 1),
('vinil-quick-step-balance-click-plus-bezheviy-dub-bacp40018-2.jpeg', 803, 2),
('vinil-quick-step-balance-click-plus-bezheviy-dub-bacp40018-3.jpeg', 803, 3),
('vinil-quick-step-balance-click-plus-bezheviy-dub-bacp40018.jpeg', 803, 0),
('vinil-quick-step-balance-click-plus-dub-barkhatniy-svetliy-bacp40157-1.jpeg', 806, 1),
('vinil-quick-step-balance-click-plus-dub-barkhatniy-svetliy-bacp40157-2.jpeg', 806, 2),
('vinil-quick-step-balance-click-plus-dub-barkhatniy-svetliy-bacp40157.jpeg', 806, 0),
('vinil-quick-step-balance-click-plus-dub-kanon-bezheviy-bacp40038-1.jpeg', 807, 1),
('vinil-quick-step-balance-click-plus-dub-kanon-bezheviy-bacp40038-2.jpeg', 807, 2),
('vinil-quick-step-balance-click-plus-dub-kanon-bezheviy-bacp40038-3.jpeg', 807, 3),
('vinil-quick-step-balance-click-plus-dub-kanon-bezheviy-bacp40038.jpeg', 807, 0),
('vinil-quick-step-balance-click-plus-dub-kanon-svetliy-pilyoniy-bacp40128-1.jpeg', 802, 1),
('vinil-quick-step-balance-click-plus-dub-kanon-svetliy-pilyoniy-bacp40128-2.jpeg', 802, 2),
('vinil-quick-step-balance-click-plus-dub-kanon-svetliy-pilyoniy-bacp40128-3.jpeg', 802, 3),
('vinil-quick-step-balance-click-plus-dub-kanon-svetliy-pilyoniy-bacp40128.jpeg', 802, 0),
('vinil-quick-step-balance-click-plus-dub-kanon-svetlo-korichneviy-pilyoniy-bacp40031-1.jpeg', 805, 1),
('vinil-quick-step-balance-click-plus-dub-kanon-svetlo-korichneviy-pilyoniy-bacp40031-2.jpeg', 805, 2),
('vinil-quick-step-balance-click-plus-dub-kanon-svetlo-korichneviy-pilyoniy-bacp40031-3.jpeg', 805, 3),
('vinil-quick-step-balance-click-plus-dub-kanon-svetlo-korichneviy-pilyoniy-bacp40031.jpeg', 805, 0),
('vinil-quick-step-balance-click-plus-dub-kottedzh-temno-korichneviy-bacp40027-1.jpeg', 809, 1),
('vinil-quick-step-balance-click-plus-dub-kottedzh-temno-korichneviy-bacp40027-2.jpeg', 809, 2),
('vinil-quick-step-balance-click-plus-dub-kottedzh-temno-korichneviy-bacp40027-3.jpeg', 809, 3),
('vinil-quick-step-balance-click-plus-dub-kottedzh-temno-korichneviy-bacp40027-4.jpeg', 809, 4),
('vinil-quick-step-balance-click-plus-dub-kottedzh-temno-korichneviy-bacp40027.jpeg', 809, 0),
('vinil-quick-step-balance-click-plus-kashtan-vintazhniy-naturalniy-bacp40029-1.jpeg', 804, 1),
('vinil-quick-step-balance-click-plus-kashtan-vintazhniy-naturalniy-bacp40029-2.jpeg', 804, 2),
('vinil-quick-step-balance-click-plus-kashtan-vintazhniy-naturalniy-bacp40029-3.jpeg', 804, 3),
('vinil-quick-step-balance-click-plus-kashtan-vintazhniy-naturalniy-bacp40029.jpeg', 804, 0),
('vinil-quick-step-balance-click-plus-klassicheskiy-naturalniy-dub-bacp40023-1.jpeg', 808, 1),
('vinil-quick-step-balance-click-plus-klassicheskiy-naturalniy-dub-bacp40023-2.jpeg', 808, 2),
('vinil-quick-step-balance-click-plus-klassicheskiy-naturalniy-dub-bacp40023.jpeg', 808, 0),
('vinil-quick-step-balance-click-zhemchuzhniy-sero-korichneviy-dub-bacl40133-1.jpeg', 777, 1),
('vinil-quick-step-balance-click-zhemchuzhniy-sero-korichneviy-dub-bacl40133-2.jpeg', 777, 2),
('vinil-quick-step-balance-click-zhemchuzhniy-sero-korichneviy-dub-bacl40133.jpeg', 777, 0),
('vinil-quick-step-balance-glue-plus-dub-kanon-bezheviy-bagp40038-1.jpeg', 810, 1),
('vinil-quick-step-balance-glue-plus-dub-kanon-bezheviy-bagp40038-2.jpeg', 810, 2),
('vinil-quick-step-balance-glue-plus-dub-kanon-bezheviy-bagp40038-3.jpeg', 810, 3),
('vinil-quick-step-balance-glue-plus-dub-kanon-bezheviy-bagp40038.jpeg', 810, 0),
('vinil-quick-step-balance-glue-plus-dub-kanon-korichneviy-bagp40127-1.jpeg', 823, 1),
('vinil-quick-step-balance-glue-plus-dub-kanon-korichneviy-bagp40127-2.jpeg', 823, 2),
('vinil-quick-step-balance-glue-plus-dub-kanon-korichneviy-bagp40127-3.jpeg', 823, 3),
('vinil-quick-step-balance-glue-plus-dub-kanon-korichneviy-bagp40127.jpeg', 823, 0),
('vinil-quick-step-balance-glue-plus-dub-kanon-naturalniy-bagp40039-1.jpeg', 821, 1),
('vinil-quick-step-balance-glue-plus-dub-kanon-naturalniy-bagp40039-2.jpeg', 821, 2),
('vinil-quick-step-balance-glue-plus-dub-kanon-naturalniy-bagp40039-3.jpeg', 821, 3),
('vinil-quick-step-balance-glue-plus-dub-kanon-naturalniy-bagp40039.jpeg', 821, 0),
('vinil-quick-step-balance-glue-plus-dub-kanon-seriy-pilyoniy-bagp40030-1.jpeg', 813, 1),
('vinil-quick-step-balance-glue-plus-dub-kanon-seriy-pilyoniy-bagp40030-2.jpeg', 813, 2),
('vinil-quick-step-balance-glue-plus-dub-kanon-seriy-pilyoniy-bagp40030-3.jpeg', 813, 3),
('vinil-quick-step-balance-glue-plus-dub-kanon-seriy-pilyoniy-bagp40030.jpeg', 813, 0),
('vinil-quick-step-balance-glue-plus-dub-kottedzh-naturalniy-bagp40025-1.jpeg', 811, 1),
('vinil-quick-step-balance-glue-plus-dub-kottedzh-naturalniy-bagp40025-2.jpeg', 811, 2),
('vinil-quick-step-balance-glue-plus-dub-kottedzh-naturalniy-bagp40025-3.jpeg', 811, 3),
('vinil-quick-step-balance-glue-plus-dub-kottedzh-naturalniy-bagp40025-4.jpeg', 811, 4),
('vinil-quick-step-balance-glue-plus-dub-kottedzh-naturalniy-bagp40025-5.jpeg', 811, 5),
('vinil-quick-step-balance-glue-plus-dub-kottedzh-naturalniy-bagp40025-6.jpeg', 811, 6),
('vinil-quick-step-balance-glue-plus-dub-kottedzh-naturalniy-bagp40025-7.jpeg', 811, 7),
('vinil-quick-step-balance-glue-plus-dub-kottedzh-naturalniy-bagp40025.jpeg', 811, 0),
('vinil-quick-step-balance-glue-plus-dub-kottedzh-sero-korichneviy-bagp40026-1.jpeg', 815, 1),
('vinil-quick-step-balance-glue-plus-dub-kottedzh-sero-korichneviy-bagp40026-2.jpeg', 815, 2),
('vinil-quick-step-balance-glue-plus-dub-kottedzh-sero-korichneviy-bagp40026.jpeg', 815, 0),
('vinil-quick-step-balance-glue-plus-dub-naturalniy-otborniy-bagp40033-1.jpeg', 819, 1),
('vinil-quick-step-balance-glue-plus-dub-naturalniy-otborniy-bagp40033-2.jpeg', 819, 2),
('vinil-quick-step-balance-glue-plus-dub-naturalniy-otborniy-bagp40033-3.jpeg', 819, 3),
('vinil-quick-step-balance-glue-plus-dub-naturalniy-otborniy-bagp40033-4.jpeg', 819, 4),
('vinil-quick-step-balance-glue-plus-dub-naturalniy-otborniy-bagp40033.jpeg', 819, 0),
('vinil-quick-step-balance-glue-plus-sero-buriy-shelkoviy-dub-bagp40053-1.jpeg', 825, 1),
('vinil-quick-step-balance-glue-plus-sero-buriy-shelkoviy-dub-bagp40053-2.jpeg', 825, 2),
('vinil-quick-step-balance-glue-plus-sero-buriy-shelkoviy-dub-bagp40053.jpeg', 825, 0),
('vinil-quick-step-balance-glue-plus-shelkoviy-temno-seriy-dub-bagp40060-1.jpeg', 817, 1),
('vinil-quick-step-balance-glue-plus-shelkoviy-temno-seriy-dub-bagp40060-2.jpeg', 817, 2),
('vinil-quick-step-balance-glue-plus-shelkoviy-temno-seriy-dub-bagp40060.jpeg', 817, 0),
('vinil-quick-step-balance-rigid-click-dub-kanon-bezheviy-rbacl40038-1.jpeg', 827, 1),
('vinil-quick-step-balance-rigid-click-dub-kanon-bezheviy-rbacl40038-2.jpeg', 827, 2),
('vinil-quick-step-balance-rigid-click-dub-kanon-bezheviy-rbacl40038-3.jpeg', 827, 3),
('vinil-quick-step-balance-rigid-click-dub-kanon-bezheviy-rbacl40038.jpeg', 827, 0),
('vinil-quick-step-balance-rigid-click-dub-kanon-korichneviy-rbacl40127-1.jpeg', 838, 1),
('vinil-quick-step-balance-rigid-click-dub-kanon-korichneviy-rbacl40127-2.jpeg', 838, 2),
('vinil-quick-step-balance-rigid-click-dub-kanon-korichneviy-rbacl40127-3.jpeg', 838, 3),
('vinil-quick-step-balance-rigid-click-dub-kanon-korichneviy-rbacl40127-4.jpeg', 838, 4),
('vinil-quick-step-balance-rigid-click-dub-kanon-korichneviy-rbacl40127.jpeg', 838, 0),
('vinil-quick-step-balance-rigid-click-dub-kanon-naturalniy-rbacl40039-1.jpeg', 829, 1),
('vinil-quick-step-balance-rigid-click-dub-kanon-naturalniy-rbacl40039-2.jpeg', 829, 2),
('vinil-quick-step-balance-rigid-click-dub-kanon-naturalniy-rbacl40039-3.jpeg', 829, 3),
('vinil-quick-step-balance-rigid-click-dub-kanon-naturalniy-rbacl40039.jpeg', 829, 0),
('vinil-quick-step-balance-rigid-click-dub-kanon-seriy-pilyoniy-rbacl40030-1.jpeg', 828, 1),
('vinil-quick-step-balance-rigid-click-dub-kanon-seriy-pilyoniy-rbacl40030-2.jpeg', 828, 2),
('vinil-quick-step-balance-rigid-click-dub-kanon-seriy-pilyoniy-rbacl40030-3.jpeg', 828, 3),
('vinil-quick-step-balance-rigid-click-dub-kanon-seriy-pilyoniy-rbacl40030.jpeg', 828, 0),
('vinil-quick-step-balance-rigid-click-dub-kanon-temno-korichneviy-pilyoniy-rbacl40059-1.jpeg', 831, 1),
('vinil-quick-step-balance-rigid-click-dub-kanon-temno-korichneviy-pilyoniy-rbacl40059-2.jpeg', 831, 2),
('vinil-quick-step-balance-rigid-click-dub-kanon-temno-korichneviy-pilyoniy-rbacl40059.jpeg', 831, 0),
('vinil-quick-step-balance-rigid-click-dub-kottedzh-naturalniy-rbacl40025-1.jpeg', 834, 1),
('vinil-quick-step-balance-rigid-click-dub-kottedzh-naturalniy-rbacl40025-2.jpeg', 834, 2),
('vinil-quick-step-balance-rigid-click-dub-kottedzh-naturalniy-rbacl40025-3.jpeg', 834, 3),
('vinil-quick-step-balance-rigid-click-dub-kottedzh-naturalniy-rbacl40025-4.jpeg', 834, 4),
('vinil-quick-step-balance-rigid-click-dub-kottedzh-naturalniy-rbacl40025-5.jpeg', 834, 5),
('vinil-quick-step-balance-rigid-click-dub-kottedzh-naturalniy-rbacl40025-6.jpeg', 834, 6),
('vinil-quick-step-balance-rigid-click-dub-kottedzh-naturalniy-rbacl40025.jpeg', 834, 0),
('vinil-quick-step-balance-rigid-click-dub-kottedzh-sero-korichneviy-rbacl40026-1.jpeg', 830, 1),
('vinil-quick-step-balance-rigid-click-dub-kottedzh-sero-korichneviy-rbacl40026-2.jpeg', 830, 2),
('vinil-quick-step-balance-rigid-click-dub-kottedzh-sero-korichneviy-rbacl40026.jpeg', 830, 0),
('vinil-quick-step-balance-rigid-click-dub-naturalniy-otborniy-rbacl40033-1.jpeg', 833, 1),
('vinil-quick-step-balance-rigid-click-dub-naturalniy-otborniy-rbacl40033-2.jpeg', 833, 2),
('vinil-quick-step-balance-rigid-click-dub-naturalniy-otborniy-rbacl40033-3.jpeg', 833, 3),
('vinil-quick-step-balance-rigid-click-dub-naturalniy-otborniy-rbacl40033.jpeg', 833, 0),
('vinil-quick-step-balance-rigid-click-dub-shelkoviy-tepliy-naturalniy-rbacl40130-1.jpeg', 836, 1),
('vinil-quick-step-balance-rigid-click-dub-shelkoviy-tepliy-naturalniy-rbacl40130-2.jpeg', 836, 2),
('vinil-quick-step-balance-rigid-click-dub-shelkoviy-tepliy-naturalniy-rbacl40130.jpeg', 836, 0),
('vinil-quick-step-balance-rigid-click-sero-buriy-shelkoviy-dub-rbacl40053-1.jpeg', 837, 1),
('vinil-quick-step-balance-rigid-click-sero-buriy-shelkoviy-dub-rbacl40053-2.jpeg', 837, 2),
('vinil-quick-step-balance-rigid-click-sero-buriy-shelkoviy-dub-rbacl40053.jpeg', 837, 0),
('vinil-quick-step-balance-rigid-click-shelkoviy-temno-seriy-dub-rbacl40060-1.jpeg', 835, 1),
('vinil-quick-step-balance-rigid-click-shelkoviy-temno-seriy-dub-rbacl40060-2.jpeg', 835, 2),
('vinil-quick-step-balance-rigid-click-shelkoviy-temno-seriy-dub-rbacl40060.jpeg', 835, 0),
('vinil-quick-step-balance-rigid-click-shyolkoviy-dub-svetliy-rbacl40052-1.jpeg', 832, 1),
('vinil-quick-step-balance-rigid-click-shyolkoviy-dub-svetliy-rbacl40052-2.jpeg', 832, 2),
('vinil-quick-step-balance-rigid-click-shyolkoviy-dub-svetliy-rbacl40052-3.jpeg', 832, 3),
('vinil-quick-step-balance-rigid-click-shyolkoviy-dub-svetliy-rbacl40052-4.jpeg', 832, 4),
('vinil-quick-step-balance-rigid-click-shyolkoviy-dub-svetliy-rbacl40052.jpeg', 832, 0),
('vinil-quick-step-pulse-click-dub-chistiy-medoviy-pucl40098-1.jpeg', 861, 1),
('vinil-quick-step-pulse-click-dub-chistiy-medoviy-pucl40098-2.jpeg', 861, 2),
('vinil-quick-step-pulse-click-dub-chistiy-medoviy-pucl40098-3.jpeg', 861, 3),
('vinil-quick-step-pulse-click-dub-chistiy-medoviy-pucl40098.jpeg', 861, 0),
('vinil-quick-step-pulse-click-dub-chistiy-naturalniy-pucl40097-1.jpeg', 865, 1),
('vinil-quick-step-pulse-click-dub-chistiy-naturalniy-pucl40097-2.jpeg', 865, 2),
('vinil-quick-step-pulse-click-dub-chistiy-naturalniy-pucl40097-3.jpeg', 865, 3),
('vinil-quick-step-pulse-click-dub-chistiy-naturalniy-pucl40097-4.jpeg', 865, 4),
('vinil-quick-step-pulse-click-dub-chistiy-naturalniy-pucl40097.jpeg', 865, 0),
('vinil-quick-step-pulse-click-dub-khlopkoviy-bezheviy-pucl40103-1.jpeg', 849, 1),
('vinil-quick-step-pulse-click-dub-khlopkoviy-bezheviy-pucl40103-2.jpeg', 849, 2),
('vinil-quick-step-pulse-click-dub-khlopkoviy-bezheviy-pucl40103-3.jpeg', 849, 3),
('vinil-quick-step-pulse-click-dub-khlopkoviy-bezheviy-pucl40103-4.jpeg', 849, 4),
('vinil-quick-step-pulse-click-dub-khlopkoviy-bezheviy-pucl40103-5.jpeg', 849, 5),
('vinil-quick-step-pulse-click-dub-khlopkoviy-bezheviy-pucl40103.jpeg', 849, 0),
('vinil-quick-step-pulse-click-dub-khlopkoviy-naturalniy-pucl40104-1.jpeg', 855, 1),
('vinil-quick-step-pulse-click-dub-khlopkoviy-naturalniy-pucl40104-10.jpeg', 855, 10),
('vinil-quick-step-pulse-click-dub-khlopkoviy-naturalniy-pucl40104-11.jpeg', 855, 11),
('vinil-quick-step-pulse-click-dub-khlopkoviy-naturalniy-pucl40104-12.jpeg', 855, 12),
('vinil-quick-step-pulse-click-dub-khlopkoviy-naturalniy-pucl40104-13.jpeg', 855, 13),
('vinil-quick-step-pulse-click-dub-khlopkoviy-naturalniy-pucl40104-14.jpeg', 855, 14),
('vinil-quick-step-pulse-click-dub-khlopkoviy-naturalniy-pucl40104-15.jpeg', 855, 15),
('vinil-quick-step-pulse-click-dub-khlopkoviy-naturalniy-pucl40104-2.jpeg', 855, 2),
('vinil-quick-step-pulse-click-dub-khlopkoviy-naturalniy-pucl40104-3.jpeg', 855, 3),
('vinil-quick-step-pulse-click-dub-khlopkoviy-naturalniy-pucl40104-4.jpeg', 855, 4),
('vinil-quick-step-pulse-click-dub-khlopkoviy-naturalniy-pucl40104-5.jpeg', 855, 5),
('vinil-quick-step-pulse-click-dub-khlopkoviy-naturalniy-pucl40104-6.jpeg', 855, 6),
('vinil-quick-step-pulse-click-dub-khlopkoviy-naturalniy-pucl40104-7.jpeg', 855, 7),
('vinil-quick-step-pulse-click-dub-khlopkoviy-naturalniy-pucl40104-8.jpeg', 855, 8),
('vinil-quick-step-pulse-click-dub-khlopkoviy-naturalniy-pucl40104-9.jpeg', 855, 9),
('vinil-quick-step-pulse-click-dub-khlopkoviy-naturalniy-pucl40104.jpeg', 855, 0),
('vinil-quick-step-pulse-click-dub-khlopkoviy-svetlo-seriy-pucl40105-1.jpeg', 871, 1),
('vinil-quick-step-pulse-click-dub-khlopkoviy-svetlo-seriy-pucl40105-2.jpeg', 871, 2),
('vinil-quick-step-pulse-click-dub-khlopkoviy-svetlo-seriy-pucl40105-3.jpeg', 871, 3),
('vinil-quick-step-pulse-click-dub-khlopkoviy-svetlo-seriy-pucl40105-4.jpeg', 871, 4),
('vinil-quick-step-pulse-click-dub-khlopkoviy-svetlo-seriy-pucl40105-5.jpeg', 871, 5),
('vinil-quick-step-pulse-click-dub-khlopkoviy-svetlo-seriy-pucl40105-6.jpeg', 871, 6),
('vinil-quick-step-pulse-click-dub-khlopkoviy-svetlo-seriy-pucl40105.jpeg', 871, 0),
('vinil-quick-step-pulse-click-dub-khlopkoviy-temno-seriy-pilyoniy-pucl40106-1.jpeg', 853, 1),
('vinil-quick-step-pulse-click-dub-khlopkoviy-temno-seriy-pilyoniy-pucl40106-2.jpeg', 853, 2),
('vinil-quick-step-pulse-click-dub-khlopkoviy-temno-seriy-pilyoniy-pucl40106.jpeg', 853, 0),
('vinil-quick-step-pulse-click-dub-morskoy-bezheviy-pucl40080-1.jpeg', 845, 1),
('vinil-quick-step-pulse-click-dub-morskoy-bezheviy-pucl40080-2.jpeg', 845, 2),
('vinil-quick-step-pulse-click-dub-morskoy-bezheviy-pucl40080-3.jpeg', 845, 3),
('vinil-quick-step-pulse-click-dub-morskoy-bezheviy-pucl40080-4.jpeg', 845, 4),
('vinil-quick-step-pulse-click-dub-morskoy-bezheviy-pucl40080-5.jpeg', 845, 5),
('vinil-quick-step-pulse-click-dub-morskoy-bezheviy-pucl40080-6.jpeg', 845, 6),
('vinil-quick-step-pulse-click-dub-morskoy-bezheviy-pucl40080-7.jpeg', 845, 7),
('vinil-quick-step-pulse-click-dub-morskoy-bezheviy-pucl40080.jpeg', 845, 0),
('vinil-quick-step-pulse-click-dub-morskoy-naturalniy-pucl40081-1.jpeg', 869, 1),
('vinil-quick-step-pulse-click-dub-morskoy-naturalniy-pucl40081-2.jpeg', 869, 2),
('vinil-quick-step-pulse-click-dub-morskoy-naturalniy-pucl40081.jpeg', 869, 0),
('vinil-quick-step-pulse-click-dub-morskoy-svetliy-pucl40079-1.jpeg', 847, 1),
('vinil-quick-step-pulse-click-dub-morskoy-svetliy-pucl40079-2.jpeg', 847, 2),
('vinil-quick-step-pulse-click-dub-morskoy-svetliy-pucl40079-3.jpeg', 847, 3),
('vinil-quick-step-pulse-click-dub-morskoy-svetliy-pucl40079.jpeg', 847, 0),
('vinil-quick-step-pulse-click-dub-okhra-pucl40093-1.jpeg', 851, 1),
('vinil-quick-step-pulse-click-dub-okhra-pucl40093-2.jpeg', 851, 2),
('vinil-quick-step-pulse-click-dub-okhra-pucl40093.jpeg', 851, 0),
('vinil-quick-step-pulse-click-dub-osenniy-korichneviy-pucl40090-1.jpeg', 839, 1),
('vinil-quick-step-pulse-click-dub-osenniy-korichneviy-pucl40090-2.jpeg', 839, 2),
('vinil-quick-step-pulse-click-dub-osenniy-korichneviy-pucl40090.jpeg', 839, 0),
('vinil-quick-step-pulse-click-dub-osenniy-medoviy-pucl40088-1.jpeg', 863, 1),
('vinil-quick-step-pulse-click-dub-osenniy-medoviy-pucl40088-2.jpeg', 863, 2),
('vinil-quick-step-pulse-click-dub-osenniy-medoviy-pucl40088-3.jpeg', 863, 3),
('vinil-quick-step-pulse-click-dub-osenniy-medoviy-pucl40088.jpeg', 863, 0),
('vinil-quick-step-pulse-click-dub-osenniy-svetliy-naturalniy-pucl40087-1.jpeg', 857, 1),
('vinil-quick-step-pulse-click-dub-osenniy-svetliy-naturalniy-pucl40087-2.jpeg', 857, 2),
('vinil-quick-step-pulse-click-dub-osenniy-svetliy-naturalniy-pucl40087.jpeg', 857, 0),
('vinil-quick-step-pulse-click-dub-osenniy-tepliy-seriy-pucl40089-1.jpeg', 841, 1),
('vinil-quick-step-pulse-click-dub-osenniy-tepliy-seriy-pucl40089-2.jpeg', 841, 2),
('vinil-quick-step-pulse-click-dub-osenniy-tepliy-seriy-pucl40089.jpeg', 841, 0),
('vinil-quick-step-pulse-click-dub-peschaniy-tepliy-korichneviy-pucl40086-1.jpeg', 867, 1),
('vinil-quick-step-pulse-click-dub-peschaniy-tepliy-korichneviy-pucl40086-2.jpeg', 867, 2),
('vinil-quick-step-pulse-click-dub-peschaniy-tepliy-korichneviy-pucl40086.jpeg', 867, 0),
('vinil-quick-step-pulse-click-dub-peschaniy-tepliy-seriy-pucl40083-1.jpeg', 877, 1),
('vinil-quick-step-pulse-click-dub-peschaniy-tepliy-seriy-pucl40083-2.jpeg', 877, 2),
('vinil-quick-step-pulse-click-dub-peschaniy-tepliy-seriy-pucl40083.jpeg', 877, 0),
('vinil-quick-step-pulse-click-dub-pleteniy-korichneviy-pucl40078-1.jpeg', 875, 1),
('vinil-quick-step-pulse-click-dub-pleteniy-korichneviy-pucl40078-2.jpeg', 875, 2),
('vinil-quick-step-pulse-click-dub-pleteniy-korichneviy-pucl40078-3.jpeg', 875, 3),
('vinil-quick-step-pulse-click-dub-pleteniy-korichneviy-pucl40078-4.jpeg', 875, 4),
('vinil-quick-step-pulse-click-dub-pleteniy-korichneviy-pucl40078.jpeg', 875, 0),
('vinil-quick-step-pulse-click-dub-tepliy-naturalniy-pucl40094-1.jpeg', 843, 1),
('vinil-quick-step-pulse-click-dub-tepliy-naturalniy-pucl40094-2.jpeg', 843, 2),
('vinil-quick-step-pulse-click-dub-tepliy-naturalniy-pucl40094.jpeg', 843, 0),
('vinil-quick-step-pulse-click-korichnevaya-sosna-pucl40075-1.jpeg', 859, 1),
('vinil-quick-step-pulse-click-korichnevaya-sosna-pucl40075-2.jpeg', 859, 2),
('vinil-quick-step-pulse-click-korichnevaya-sosna-pucl40075-3.jpeg', 859, 3),
('vinil-quick-step-pulse-click-korichnevaya-sosna-pucl40075.jpeg', 859, 0),
('vinil-quick-step-pulse-click-utrennyaya-sosna-pucl40074-1.jpeg', 873, 1),
('vinil-quick-step-pulse-click-utrennyaya-sosna-pucl40074-2.jpeg', 873, 2),
('vinil-quick-step-pulse-click-utrennyaya-sosna-pucl40074-3.jpeg', 873, 3),
('vinil-quick-step-pulse-click-utrennyaya-sosna-pucl40074-4.jpeg', 873, 4),
('vinil-quick-step-pulse-click-utrennyaya-sosna-pucl40074.jpeg', 873, 0),
('vinil-quick-step-pulse-rigid-click-dub-khlopkoviy-beliy-rpucl40200-1.jpeg', 879, 1),
('vinil-quick-step-pulse-rigid-click-dub-khlopkoviy-beliy-rpucl40200-2.jpeg', 879, 2),
('vinil-quick-step-pulse-rigid-click-dub-khlopkoviy-beliy-rpucl40200.jpeg', 879, 0),
('vinil-quick-step-pulse-rigid-click-dub-khlopkoviy-bezheviy-naturalniy-rpucl40203-1.jpeg', 887, 1);
INSERT INTO `product_images` (`name`, `product_id`, `level`) VALUES
('vinil-quick-step-pulse-rigid-click-dub-khlopkoviy-bezheviy-naturalniy-rpucl40203-2.jpeg', 887, 2),
('vinil-quick-step-pulse-rigid-click-dub-khlopkoviy-bezheviy-naturalniy-rpucl40203.jpeg', 887, 0),
('vinil-quick-step-pulse-rigid-click-dub-khlopkoviy-svetlo-seriy-rpucl40201-1.jpeg', 885, 1),
('vinil-quick-step-pulse-rigid-click-dub-khlopkoviy-svetlo-seriy-rpucl40201.jpeg', 885, 0),
('vinil-quick-step-pulse-rigid-click-dub-khlopkoviy-temno-seriy-rpucl40202-1.jpeg', 889, 1),
('vinil-quick-step-pulse-rigid-click-dub-khlopkoviy-temno-seriy-rpucl40202-2.jpeg', 889, 2),
('vinil-quick-step-pulse-rigid-click-dub-khlopkoviy-temno-seriy-rpucl40202-3.jpeg', 889, 3),
('vinil-quick-step-pulse-rigid-click-dub-khlopkoviy-temno-seriy-rpucl40202.jpeg', 889, 0),
('vinil-quick-step-pulse-rigid-click-dub-osenniy-shokoladniy-rpucl40199-1.jpeg', 883, 1),
('vinil-quick-step-pulse-rigid-click-dub-osenniy-shokoladniy-rpucl40199-2.jpeg', 883, 2),
('vinil-quick-step-pulse-rigid-click-dub-osenniy-shokoladniy-rpucl40199-3.jpeg', 883, 3),
('vinil-quick-step-pulse-rigid-click-dub-osenniy-shokoladniy-rpucl40199.jpeg', 883, 0),
('vinil-quick-step-pulse-rigid-click-sosna-svetlo-seraya-rpucl40204-1.jpeg', 881, 1),
('vinil-quick-step-pulse-rigid-click-sosna-svetlo-seraya-rpucl40204-2.jpeg', 881, 2),
('vinil-quick-step-pulse-rigid-click-sosna-svetlo-seraya-rpucl40204.jpeg', 881, 0);

-- --------------------------------------------------------

--
-- Структура таблицы `product_stocks`
--

CREATE TABLE `product_stocks` (
  `product_id` int(10) UNSIGNED NOT NULL,
  `quantity` smallint(6) NOT NULL
) ENGINE=InnoDB DEFAULT CHARSET=utf8mb4 COLLATE=utf8mb4_unicode_ci;

--
-- Дамп данных таблицы `product_stocks`
--

INSERT INTO `product_stocks` (`product_id`, `quantity`) VALUES
(12, 993),
(13, 999),
(14, 999),
(15, 992),
(23, 9999),
(481, 9999),
(482, 9999),
(483, 9999),
(484, 9999),
(485, 9999),
(486, 9999),
(487, 9999),
(488, 9999),
(489, 9999),
(490, 9999),
(491, 9999),
(492, 9999),
(493, 9999),
(494, 9999),
(495, 9999),
(496, 9999),
(497, 9999),
(498, 9999),
(499, 9999),
(500, 9999),
(501, 9999),
(502, 9999),
(503, 9999),
(504, 9999),
(505, 9999),
(506, 9999),
(507, 9999),
(508, 9999),
(509, 9999),
(510, 9999),
(511, 9999),
(512, 9999),
(513, 9999),
(514, 9999),
(515, 9999),
(516, 9999),
(517, 9999),
(518, 9999),
(519, 9999),
(520, 9999),
(521, 9999),
(522, 9999),
(523, 9999),
(524, 9999),
(525, 9999),
(526, 9999),
(527, 9999),
(528, 9999),
(529, 9999),
(530, 9999),
(531, 9999),
(532, 9999),
(533, 9999),
(534, 9999),
(535, 9999),
(536, 9999),
(537, 9999),
(538, 9999),
(539, 9999),
(540, 9999),
(541, 9999),
(542, 9999),
(543, 9999),
(544, 9999),
(545, 9999),
(546, 9999),
(547, 9999),
(548, 9999),
(549, 9999),
(550, 9999),
(551, 9999),
(552, 9999),
(553, 9999),
(554, 9999),
(555, 9999),
(556, 9999),
(557, 9999),
(558, 9999),
(559, 9999),
(560, 9999),
(561, 9999),
(562, 9999),
(563, 9999),
(564, 9999),
(565, 9999),
(566, 9999),
(567, 9999),
(568, 9999),
(569, 9999),
(570, 9999),
(571, 9999),
(572, 9999),
(573, 9999),
(574, 9999),
(575, 9999),
(576, 9999),
(577, 9999),
(578, 9999),
(579, 9999),
(580, 9999),
(581, 9999),
(582, 9999),
(583, 9999),
(584, 9999),
(585, 9999),
(586, 9999),
(587, 9999),
(588, 9999),
(589, 9999),
(590, 9999),
(591, 9999),
(592, 9999),
(593, 9999),
(594, 9999),
(595, 9999),
(596, 9999),
(597, 9999),
(598, 9999),
(599, 9999),
(600, 9999),
(601, 9999),
(602, 9999),
(603, 9999),
(604, 9999),
(605, 9999),
(606, 9999),
(607, 9999),
(608, 9999),
(609, 9999),
(610, 9999),
(611, 9999),
(612, 9999),
(613, 9999),
(614, 9999),
(615, 9999),
(616, 9999),
(617, 9999),
(618, 9999),
(619, 9999),
(620, 9999),
(621, 9999),
(622, 9999),
(623, 9999),
(624, 9999),
(625, 9999),
(626, 9999),
(627, 9999),
(628, 9999),
(629, 9999),
(630, 9999),
(631, 9999),
(632, 9999),
(633, 9999),
(634, 9999),
(635, 9999),
(636, 9999),
(637, 9999),
(638, 9999),
(639, 9999),
(640, 9999),
(641, 9999),
(642, 9999),
(643, 9999),
(644, 9999),
(645, 9999),
(646, 9999),
(647, 9999),
(648, 9999),
(649, 9999),
(650, 9999),
(651, 9999),
(652, 9999),
(653, 9999),
(654, 9999),
(655, 9999),
(656, 9999),
(657, 9999),
(658, 9999),
(659, 9999),
(660, 9999),
(661, 9999),
(662, 9999),
(663, 9999),
(664, 9999),
(665, 9999),
(666, 9999),
(667, 9999),
(668, 9999),
(669, 9999),
(670, 9999),
(671, 9999),
(672, 9999),
(673, 9999),
(674, 9999),
(675, 9999),
(676, 9999),
(677, 9999),
(678, 9999),
(679, 9999),
(680, 9999),
(681, 9999),
(682, 9999),
(683, 9999),
(684, 9999),
(685, 9999),
(686, 9999),
(687, 9999),
(688, 9999),
(689, 9999),
(690, 9999),
(691, 9999),
(692, 9999),
(693, 9999),
(694, 9999),
(695, 9999),
(696, 9999),
(697, 9999),
(698, 9999),
(699, 9999),
(700, 9999),
(701, 9999),
(702, 9999),
(703, 9999),
(704, 9999),
(705, 9999),
(706, 9999),
(707, 9999),
(708, 9999),
(709, 9999),
(710, 9999),
(711, 9999),
(712, 9999),
(713, 9999),
(714, 9999),
(715, 9999),
(716, 9999),
(717, 9999),
(718, 9999),
(719, 9999),
(720, 9999),
(721, 9999),
(722, 9999),
(723, 9999),
(724, 9999),
(725, 9999),
(726, 9999),
(727, 9999),
(728, 9999),
(729, 9999),
(730, 9999),
(731, 9999),
(732, 9999),
(733, 9999),
(734, 9999),
(737, 9999),
(738, 9999),
(739, 9999),
(740, 9999),
(741, 9999),
(742, 9999),
(743, 9999),
(744, 9999),
(745, 9999),
(746, 9999),
(747, 9999),
(748, 9999),
(749, 9999),
(750, 9999),
(751, 9999),
(752, 9999),
(753, 9999),
(754, 9999),
(755, 9999),
(756, 9999),
(757, 9999),
(758, 9999),
(759, 9999),
(760, 9999),
(761, 9999),
(762, 9999),
(763, 9999),
(764, 9999),
(765, 9999),
(766, 9999),
(767, 9999),
(768, 9999),
(769, 9999),
(771, 9999),
(772, 9999),
(773, 9999),
(774, 9999),
(775, 9999),
(776, 9999),
(777, 9999),
(778, 9999),
(779, 9999),
(780, 9999),
(781, 9999),
(782, 9999),
(783, 9999),
(784, 9999),
(785, 9999),
(786, 9999),
(787, 9999),
(788, 9999),
(789, 9999),
(790, 9999),
(800, 9999),
(801, 9999),
(802, 9999),
(803, 9999),
(804, 9999),
(805, 9999),
(806, 9999),
(807, 9999),
(808, 9999),
(809, 9999),
(810, 9999),
(811, 9999),
(812, 9999),
(813, 9999),
(814, 9999),
(815, 9999),
(816, 9999),
(817, 9999),
(818, 9999),
(819, 9999),
(820, 9999),
(821, 9999),
(822, 9999),
(823, 9999),
(824, 9999),
(825, 9999),
(826, 9999),
(827, 9999),
(828, 9999),
(829, 9999),
(830, 9999),
(831, 9999),
(832, 9999),
(833, 9999),
(834, 9999),
(835, 9999),
(836, 9999),
(837, 9999),
(838, 9999),
(839, 9999),
(840, 9999),
(841, 9999),
(842, 9999),
(843, 9999),
(844, 9999),
(845, 9999),
(846, 9999),
(847, 9999),
(848, 9999),
(849, 9999),
(850, 9999),
(851, 9999),
(852, 9999),
(853, 9999),
(854, 9999),
(855, 9999),
(856, 9999),
(857, 9999),
(858, 9999),
(859, 9999),
(860, 9999),
(861, 9999),
(862, 9999),
(863, 9999),
(864, 9999),
(865, 9999),
(866, 9999),
(867, 9999),
(868, 9999),
(869, 9999),
(870, 9999),
(871, 9999),
(872, 9999),
(873, 9999),
(874, 9999),
(875, 9999),
(876, 9999),
(877, 9999),
(878, 9999),
(879, 9999),
(880, 9999),
(881, 9999),
(882, 9999),
(883, 9999),
(884, 9999),
(885, 9999),
(886, 9999),
(887, 9999),
(888, 9999),
(889, 9999),
(890, 9999),
(892, 9999),
(897, 9999),
(899, 9999),
(901, 9999),
(903, 9999),
(904, 9999),
(905, 9999),
(906, 9999),
(907, 9999),
(908, 9999),
(909, 9999),
(910, 9999),
(911, 9999),
(912, 9999),
(913, 9999),
(914, 9999),
(915, 9999),
(916, 9999),
(917, 9999),
(918, 9999),
(919, 9999),
(920, 9999),
(921, 9999),
(922, 9999),
(923, 9999),
(924, 9999),
(925, 9999),
(926, 9999),
(927, 9999),
(928, 9999),
(929, 9999),
(930, 9999),
(931, 9999),
(933, 9999),
(934, 9999),
(935, 9999),
(936, 9999),
(937, 9999),
(938, 9999),
(939, 9999),
(940, 9999),
(941, 9999),
(942, 9999),
(943, 9999),
(944, 9999),
(945, 9999),
(946, 9999),
(947, 9999),
(948, 9999),
(949, 9999),
(950, 9999),
(951, 9999),
(952, 9999),
(953, 9999),
(954, 9999),
(955, 9999),
(956, 9999),
(957, 9999),
(958, 9999),
(959, 9999),
(960, 9999),
(961, 9999),
(962, 9999),
(963, 9999),
(964, 9999),
(965, 9999),
(966, 9999),
(967, 9999),
(968, 9999),
(969, 9999),
(970, 9999),
(971, 9999),
(972, 9999),
(973, 9999),
(974, 9999),
(975, 9999),
(976, 9999),
(977, 9999),
(978, 9999),
(979, 9999),
(980, 9999),
(981, 9999),
(982, 9999),
(983, 9999),
(984, 9999),
(985, 9999),
(986, 9999),
(987, 9999),
(988, 9999),
(989, 9999),
(990, 9999),
(991, 9999),
(992, 9999),
(993, 9999),
(994, 9999),
(995, 9999),
(996, 9999),
(997, 9999),
(998, 9999),
(999, 9999),
(1000, 9999),
(1001, 9999),
(1002, 9999),
(1003, 9999),
(1004, 9999),
(1005, 9999),
(1006, 9999);

-- --------------------------------------------------------

--
-- Структура таблицы `product_views`
--

CREATE TABLE `product_views` (
  `product_id` int(10) UNSIGNED NOT NULL,
  `page_id` int(10) UNSIGNED NOT NULL,
  `unit_id` int(10) UNSIGNED NOT NULL
) ENGINE=InnoDB DEFAULT CHARSET=utf8mb4 COLLATE=utf8mb4_unicode_ci;

--
-- Дамп данных таблицы `product_views`
--

INSERT INTO `product_views` (`product_id`, `page_id`, `unit_id`) VALUES
(12, 33, 1),
(13, 34, 1),
(14, 35, 1),
(15, 37, 1),
(23, 44, 1),
(931, 1070, 1),
(933, 1074, 1),
(934, 1075, 1),
(935, 1076, 1),
(936, 1077, 1),
(937, 1078, 1),
(938, 1079, 1),
(939, 1080, 1),
(940, 1081, 1),
(941, 1082, 1),
(942, 1083, 1),
(943, 1084, 1),
(944, 1085, 1),
(945, 1086, 1),
(946, 1087, 1),
(947, 1088, 1),
(948, 1089, 1),
(949, 1090, 1),
(950, 1091, 1),
(951, 1092, 1),
(952, 1093, 1),
(953, 1094, 1),
(954, 1095, 1),
(955, 1096, 1),
(956, 1097, 1),
(957, 1098, 1),
(958, 1099, 1),
(959, 1100, 1),
(960, 1101, 1),
(961, 1102, 1),
(962, 1103, 1),
(963, 1104, 1),
(964, 1105, 1),
(965, 1106, 1),
(966, 1107, 1),
(967, 1108, 1),
(968, 1109, 1),
(969, 1110, 1),
(970, 1111, 1);

-- --------------------------------------------------------

--
-- Структура таблицы `promotional_products`
--

CREATE TABLE `promotional_products` (
  `product_id` int(10) UNSIGNED NOT NULL,
  `discount` int(11) NOT NULL
) ENGINE=InnoDB DEFAULT CHARSET=utf8mb4 COLLATE=utf8mb4_unicode_ci;

-- --------------------------------------------------------

--
-- Структура таблицы `purchased_bundles`
--

CREATE TABLE `purchased_bundles` (
  `id` int(10) UNSIGNED NOT NULL,
  `created_at` timestamp NULL DEFAULT NULL,
  `updated_at` timestamp NULL DEFAULT NULL
) ENGINE=InnoDB DEFAULT CHARSET=utf8mb4 COLLATE=utf8mb4_unicode_ci;

-- --------------------------------------------------------

--
-- Структура таблицы `purchased_products`
--

CREATE TABLE `purchased_products` (
  `purchased_bundle_id` int(10) UNSIGNED NOT NULL,
  `product_id` int(10) UNSIGNED NOT NULL
) ENGINE=InnoDB DEFAULT CHARSET=utf8mb4 COLLATE=utf8mb4_unicode_ci;

-- --------------------------------------------------------

--
-- Структура таблицы `roles`
--

CREATE TABLE `roles` (
  `id` int(10) UNSIGNED NOT NULL,
  `name` varchar(255) COLLATE utf8mb4_unicode_ci NOT NULL
) ENGINE=InnoDB DEFAULT CHARSET=utf8mb4 COLLATE=utf8mb4_unicode_ci;

--
-- Дамп данных таблицы `roles`
--

INSERT INTO `roles` (`id`, `name`) VALUES
(1, 'admin'),
(2, 'editor');

-- --------------------------------------------------------

--
-- Структура таблицы `routes`
--

CREATE TABLE `routes` (
  `id` int(10) UNSIGNED NOT NULL,
  `name` varchar(50) COLLATE utf8mb4_unicode_ci NOT NULL
) ENGINE=InnoDB DEFAULT CHARSET=utf8mb4 COLLATE=utf8mb4_unicode_ci;

--
-- Дамп данных таблицы `routes`
--

INSERT INTO `routes` (`id`, `name`) VALUES
(3, 'categories'),
(6, 'contactsPage'),
(10, 'glue'),
(9, 'laminateProduct'),
(5, 'mainPage'),
(4, 'page'),
(12, 'parquet'),
(8, 'plinth'),
(1, 'product'),
(7, 'productGroup'),
(2, 'products'),
(13, 'stock'),
(11, 'vinil');

-- --------------------------------------------------------

--
-- Структура таблицы `sales`
--

CREATE TABLE `sales` (
  `id` int(10) UNSIGNED NOT NULL,
  `customer_id` int(10) UNSIGNED NOT NULL,
  `added_on` timestamp NOT NULL DEFAULT current_timestamp() ON UPDATE current_timestamp()
) ENGINE=InnoDB DEFAULT CHARSET=utf8mb4 COLLATE=utf8mb4_unicode_ci;

--
-- Дамп данных таблицы `sales`
--

INSERT INTO `sales` (`id`, `customer_id`, `added_on`) VALUES
(7, 7, '2020-10-12 02:10:42'),
(8, 8, '2020-10-12 02:15:02'),
(9, 9, '2020-10-12 02:29:23'),
(10, 10, '2020-10-12 02:48:29'),
(11, 11, '2020-10-12 02:50:22'),
(12, 12, '2020-10-26 02:48:54'),
(13, 13, '2020-10-26 02:49:55'),
(14, 14, '2020-12-15 12:54:49'),
(15, 15, '2020-12-15 12:56:57'),
(16, 16, '2020-12-15 13:02:55'),
(17, 17, '2020-12-17 13:35:17'),
(18, 18, '2020-12-18 14:56:24'),
(19, 19, '2020-12-19 14:14:27'),
(20, 20, '2020-12-19 14:31:20'),
(21, 21, '2020-12-19 14:37:35'),
(22, 22, '2021-01-06 08:50:02'),
(23, 23, '2021-01-08 10:28:08'),
(24, 24, '2021-01-14 14:36:42'),
(25, 25, '2021-01-17 12:49:54'),
(26, 26, '2021-01-21 07:17:00'),
(27, 27, '2021-01-24 19:18:05'),
(28, 28, '2021-01-26 14:40:43'),
(29, 29, '2021-01-26 14:46:22'),
(30, 30, '2021-01-26 14:48:25'),
(31, 31, '2021-01-26 14:59:29'),
(32, 32, '2021-01-26 15:01:56'),
(33, 33, '2021-01-27 12:56:50'),
(34, 34, '2021-01-31 22:10:43'),
(35, 35, '2021-03-01 11:07:40'),
(36, 36, '2021-03-01 14:47:42'),
(37, 37, '2021-03-01 21:43:05'),
(38, 38, '2021-03-02 05:35:16'),
(39, 39, '2021-03-20 00:10:23'),
(40, 40, '2021-03-20 00:22:33'),
(41, 41, '2021-03-20 00:25:25'),
(42, 42, '2021-03-20 01:04:00'),
(43, 43, '2021-04-01 10:44:59');

-- --------------------------------------------------------

--
-- Структура таблицы `sale_statuses`
--

CREATE TABLE `sale_statuses` (
  `sale_id` int(10) UNSIGNED NOT NULL,
  `status_id` int(10) UNSIGNED NOT NULL
) ENGINE=InnoDB DEFAULT CHARSET=utf8;

--
-- Дамп данных таблицы `sale_statuses`
--

INSERT INTO `sale_statuses` (`sale_id`, `status_id`) VALUES
(7, 1),
(8, 1),
(9, 1),
(10, 1),
(11, 1),
(12, 1),
(13, 1),
(14, 1),
(15, 1),
(16, 1),
(17, 1),
(18, 1),
(19, 1),
(20, 1),
(21, 1),
(22, 1),
(23, 1),
(24, 1),
(25, 1),
(26, 1),
(27, 1),
(28, 1),
(29, 1),
(30, 1),
(31, 1),
(32, 1),
(33, 1),
(34, 1),
(35, 1),
(36, 1),
(37, 1),
(38, 1),
(39, 1),
(40, 1),
(41, 1),
(42, 1),
(43, 1);

-- --------------------------------------------------------

--
-- Структура таблицы `services`
--

CREATE TABLE `services` (
  `id` int(10) UNSIGNED NOT NULL,
  `name` varchar(255) COLLATE utf8mb4_unicode_ci NOT NULL,
  `created_at` timestamp NULL DEFAULT NULL,
  `updated_at` timestamp NULL DEFAULT NULL
) ENGINE=InnoDB DEFAULT CHARSET=utf8mb4 COLLATE=utf8mb4_unicode_ci;

--
-- Дамп данных таблицы `services`
--

INSERT INTO `services` (`id`, `name`, `created_at`, `updated_at`) VALUES
(1, 'Доставка', '2020-08-26 21:00:00', '2020-08-26 21:00:00'),
(2, 'Укладка по прямой', '2020-09-18 19:17:11', '2020-09-18 19:21:09'),
(3, 'Укладка по диагонали', '2020-09-18 19:23:24', '2020-09-18 19:23:24'),
(4, 'Укладка одним полотном', '2020-09-18 19:29:06', '2020-09-18 19:29:06'),
(5, 'Установка ПВХ плинтуса', '2020-09-29 12:28:57', '2020-09-29 12:28:57'),
(6, 'Установка МДФ плинтуса', '2020-10-09 16:33:51', '2020-10-09 16:33:51'),
(7, 'Монтаж с приклеиванием к основанию', '2021-01-29 12:38:17', '2021-01-29 12:38:17');

-- --------------------------------------------------------

--
-- Структура таблицы `service_characteristics`
--

CREATE TABLE `service_characteristics` (
  `service_id` int(10) UNSIGNED NOT NULL,
  `characteristic_id` int(10) UNSIGNED NOT NULL,
  `value` varchar(100) COLLATE utf8mb4_unicode_ci NOT NULL
) ENGINE=InnoDB DEFAULT CHARSET=utf8mb4 COLLATE=utf8mb4_unicode_ci;

-- --------------------------------------------------------

--
-- Структура таблицы `service_magazine_sales`
--

CREATE TABLE `service_magazine_sales` (
  `sale_id` int(10) UNSIGNED NOT NULL,
  `service_id` int(10) UNSIGNED NOT NULL,
  `service_price_history_id` int(10) UNSIGNED NOT NULL,
  `quantity` smallint(6) NOT NULL
) ENGINE=InnoDB DEFAULT CHARSET=utf8mb4 COLLATE=utf8mb4_unicode_ci;

--
-- Дамп данных таблицы `service_magazine_sales`
--

INSERT INTO `service_magazine_sales` (`sale_id`, `service_id`, `service_price_history_id`, `quantity`) VALUES
(7, 3, 10, 50),
(7, 5, 8, 50),
(8, 2, 9, 50),
(8, 6, 7, 50),
(9, 2, 9, 50),
(9, 6, 7, 50),
(10, 2, 9, 50),
(10, 5, 8, 50),
(11, 2, 9, 110),
(11, 5, 8, 110),
(12, 2, 9, 50),
(12, 6, 7, 50),
(13, 2, 9, 50),
(13, 6, 7, 50),
(14, 2, 9, 50),
(14, 5, 8, 50),
(15, 2, 9, 50),
(15, 5, 8, 50),
(16, 2, 9, 50),
(16, 5, 8, 50),
(17, 2, 9, 56),
(19, 2, 9, 50),
(19, 5, 8, 50),
(20, 2, 9, 30),
(20, 5, 8, 30),
(21, 3, 10, 25),
(21, 6, 7, 25),
(22, 2, 9, 165),
(22, 6, 7, 165),
(25, 2, 9, 26),
(25, 6, 7, 29),
(26, 2, 9, 56),
(26, 6, 7, 54),
(27, 3, 10, 65),
(27, 5, 8, 65),
(28, 2, 9, 10),
(28, 5, 8, 10),
(29, 2, 9, 10),
(29, 5, 8, 10),
(30, 2, 9, 10),
(30, 5, 8, 10),
(31, 2, 9, 10),
(31, 5, 8, 10),
(32, 2, 9, 10),
(32, 5, 8, 10),
(33, 2, 9, 88),
(33, 6, 7, 54),
(34, 2, 9, 50),
(34, 5, 8, 50);

-- --------------------------------------------------------

--
-- Структура таблицы `service_prices`
--

CREATE TABLE `service_prices` (
  `service_id` int(10) UNSIGNED NOT NULL,
  `service_price_history_id` int(10) UNSIGNED NOT NULL
) ENGINE=InnoDB DEFAULT CHARSET=utf8mb4 COLLATE=utf8mb4_unicode_ci;

--
-- Дамп данных таблицы `service_prices`
--

INSERT INTO `service_prices` (`service_id`, `service_price_history_id`) VALUES
(1, 1),
(4, 5),
(6, 7),
(5, 8),
(2, 9),
(3, 10),
(7, 11);

-- --------------------------------------------------------

--
-- Структура таблицы `service_price_histories`
--

CREATE TABLE `service_price_histories` (
  `id` int(10) UNSIGNED NOT NULL,
  `service_id` int(10) UNSIGNED NOT NULL,
  `price` int(11) NOT NULL,
  `actual_on` timestamp NOT NULL DEFAULT current_timestamp() ON UPDATE current_timestamp()
) ENGINE=InnoDB DEFAULT CHARSET=utf8mb4 COLLATE=utf8mb4_unicode_ci;

--
-- Дамп данных таблицы `service_price_histories`
--

INSERT INTO `service_price_histories` (`id`, `service_id`, `price`, `actual_on`) VALUES
(1, 1, 0, '2020-08-27 15:12:15'),
(2, 2, 10000, '2020-09-18 19:17:12'),
(3, 3, 28000, '2020-09-18 19:23:24'),
(4, 2, 22000, '2020-09-18 19:23:51'),
(5, 4, 30000, '2020-09-18 19:29:06'),
(6, 5, 9000, '2020-09-29 12:28:57'),
(7, 6, 20000, '2020-10-09 16:33:51'),
(8, 5, 10000, '2020-10-09 16:52:58'),
(9, 2, 25000, '2020-10-09 17:01:23'),
(10, 3, 32000, '2020-10-09 17:02:12'),
(11, 7, 55000, '2021-01-29 12:38:17');

-- --------------------------------------------------------

--
-- Структура таблицы `service_units`
--

CREATE TABLE `service_units` (
  `service_id` int(10) UNSIGNED NOT NULL,
  `unit_id` int(10) UNSIGNED NOT NULL
) ENGINE=InnoDB DEFAULT CHARSET=utf8mb4 COLLATE=utf8mb4_unicode_ci;

--
-- Дамп данных таблицы `service_units`
--

INSERT INTO `service_units` (`service_id`, `unit_id`) VALUES
(2, 3),
(3, 3),
(4, 3),
(5, 6),
(6, 6);

-- --------------------------------------------------------

--
-- Структура таблицы `statuses`
--

CREATE TABLE `statuses` (
  `id` int(10) UNSIGNED NOT NULL,
  `name` varchar(255) NOT NULL
) ENGINE=InnoDB DEFAULT CHARSET=utf8;

--
-- Дамп данных таблицы `statuses`
--

INSERT INTO `statuses` (`id`, `name`) VALUES
(1, 'Обрабатывается'),
(2, 'Оплачен');

-- --------------------------------------------------------

--
-- Структура таблицы `top_menu_categories`
--

CREATE TABLE `top_menu_categories` (
  `id` int(10) UNSIGNED NOT NULL,
  `title` varchar(100) COLLATE utf8mb4_unicode_ci NOT NULL,
  `link` varchar(255) COLLATE utf8mb4_unicode_ci NOT NULL,
  `parent_id` int(11) NOT NULL,
  `sort` int(11) DEFAULT NULL
) ENGINE=InnoDB DEFAULT CHARSET=utf8mb4 COLLATE=utf8mb4_unicode_ci;

-- --------------------------------------------------------

--
-- Структура таблицы `units`
--

CREATE TABLE `units` (
  `id` int(10) UNSIGNED NOT NULL,
  `code` int(10) UNSIGNED NOT NULL,
  `name` varchar(255) COLLATE utf8mb4_unicode_ci NOT NULL,
  `reduction` varchar(20) COLLATE utf8mb4_unicode_ci NOT NULL
) ENGINE=InnoDB DEFAULT CHARSET=utf8mb4 COLLATE=utf8mb4_unicode_ci;

--
-- Дамп данных таблицы `units`
--

INSERT INTO `units` (`id`, `code`, `name`, `reduction`) VALUES
(1, 778, 'Упаковка', 'упак'),
(2, 3, 'Миллиметр', 'мм'),
(3, 55, 'Квадратный метр', 'м<sup>2</sup>'),
(4, 166, 'Килограмм', 'кг'),
(5, 796, 'Штука', 'шт'),
(6, 6, 'Метр', 'м'),
(7, 18, 'Погонный метр', 'пог. м'),
(8, 0, 'Килограмм на литр', 'кг/л'),
(9, 335, 'Минута', 'мин'),
(10, 0, 'Грамм на кубический метр', 'г/<sup>м</sup>');

-- --------------------------------------------------------

--
-- Структура таблицы `users`
--

CREATE TABLE `users` (
  `id` int(10) UNSIGNED NOT NULL,
  `name` varchar(255) COLLATE utf8mb4_unicode_ci NOT NULL,
  `email` varchar(255) CHARACTER SET cp1251 NOT NULL,
  `password` varchar(255) COLLATE utf8mb4_unicode_ci NOT NULL,
  `remember_token` varchar(100) COLLATE utf8mb4_unicode_ci DEFAULT NULL,
  `created_at` timestamp NULL DEFAULT NULL,
  `updated_at` timestamp NULL DEFAULT NULL
) ENGINE=InnoDB DEFAULT CHARSET=utf8mb4 COLLATE=utf8mb4_unicode_ci;

--
-- Дамп данных таблицы `users`
--

INSERT INTO `users` (`id`, `name`, `email`, `password`, `remember_token`, `created_at`, `updated_at`) VALUES
(1, 'admin', 'protopopov-alexey@bk.ru', '$2y$10$fQ/Xl.KKi1hViMFRw8wjtudJ81hnRE5F.vRvBuwCcS1L92Jtv2W9W', 'yd1CT11rOZxPl2rftkGoYtJtmc4Kxr6hFXgPD4HJFz62td6fx1JaQhbwnRpN', '2020-08-16 18:51:31', '2020-08-16 18:51:31'),
(2, 'Alexey', 'alexbuster18@gmail.com', '$2y$10$lzQnm0IzPW0Lw00UWSJeSe/qV6dp4BXQSP3NEG2lTyG3/6Yv9nLk2', 'jzG8SXNvfSGK8bfkLLuaUysfo3vNOie4KzXr6H3lyxVLCFUuJGzWWshnMhE7', '2020-12-05 11:47:22', '2020-12-05 11:47:22'),
(4, 'Mike', 'spbplus@mail.ru', '$2y$10$NM4J0uWUps.lNctwyGquZ.QdRcRTVUY/PMluBrvWPnHZyLpcrEjj.', '8mQFw8Sz8KK3JMINiIfROAr28nC3zqoZywiPX4x9kHAQISDOVyM476AtkV8C', '2021-03-01 14:54:16', '2021-03-01 14:54:16'),
(5, 'Игорь', 'fleerspb@mail.ru', '$2y$10$p81EflFl7JGfAZaOpCmevezuNn4c4xm3OvO/3jBh0qr1K7jw8obEK', 'amNhIoAbiL00DdHmlwdBRzcWtlC97m1aawD52VAdowqll1pQ7Bdp2S5TjAlW', '2021-03-23 15:34:37', '2021-03-23 15:34:37');

-- --------------------------------------------------------

--
-- Структура таблицы `user_roles`
--

CREATE TABLE `user_roles` (
  `user_id` int(10) UNSIGNED NOT NULL,
  `role_id` int(10) UNSIGNED NOT NULL
) ENGINE=InnoDB DEFAULT CHARSET=utf8mb4 COLLATE=utf8mb4_unicode_ci;

--
-- Дамп данных таблицы `user_roles`
--

INSERT INTO `user_roles` (`user_id`, `role_id`) VALUES
(1, 1),
(2, 2),
(4, 2),
(5, 2);

--
-- Индексы сохранённых таблиц
--

--
-- Индексы таблицы `categories`
--
ALTER TABLE `categories`
  ADD PRIMARY KEY (`id`);

--
-- Индексы таблицы `categories_views`
--
ALTER TABLE `categories_views`
  ADD PRIMARY KEY (`category_id`,`page_id`),
  ADD KEY `categories_views_page_id_foreign` (`page_id`);

--
-- Индексы таблицы `category_characteristics`
--
ALTER TABLE `category_characteristics`
  ADD PRIMARY KEY (`category_id`,`characteristic_id`),
  ADD KEY `category_characteristics_characteristic_id_foreign` (`characteristic_id`);

--
-- Индексы таблицы `category_images`
--
ALTER TABLE `category_images`
  ADD PRIMARY KEY (`name`,`category_id`),
  ADD KEY `category_images_category_id_foreign` (`category_id`);

--
-- Индексы таблицы `category_prices`
--
ALTER TABLE `category_prices`
  ADD PRIMARY KEY (`category_id`);

--
-- Индексы таблицы `category_services`
--
ALTER TABLE `category_services`
  ADD PRIMARY KEY (`category_id`,`service_id`),
  ADD KEY `category_services_service_id_foreign` (`service_id`);

--
-- Индексы таблицы `characteristics`
--
ALTER TABLE `characteristics`
  ADD PRIMARY KEY (`id`),
  ADD KEY `unit_id` (`unit_id`);

--
-- Индексы таблицы `customers`
--
ALTER TABLE `customers`
  ADD PRIMARY KEY (`id`);

--
-- Индексы таблицы `floors_views`
--
ALTER TABLE `floors_views`
  ADD PRIMARY KEY (`category_id`,`page_id`),
  ADD KEY `floors_views_page_id_foreign` (`page_id`);

--
-- Индексы таблицы `group_products`
--
ALTER TABLE `group_products`
  ADD PRIMARY KEY (`product_group_id`,`product_id`),
  ADD KEY `group_products_product_id_foreign` (`product_id`);

--
-- Индексы таблицы `laminate_product_views`
--
ALTER TABLE `laminate_product_views`
  ADD PRIMARY KEY (`page_id`,`product_id`),
  ADD KEY `laminate_views_product_id_foreign` (`product_id`),
  ADD KEY `category_id` (`category_id`);

--
-- Индексы таблицы `magazine_sales`
--
ALTER TABLE `magazine_sales`
  ADD PRIMARY KEY (`sale_id`,`product_id`),
  ADD KEY `magazine_sales_product_id_foreign` (`product_id`),
  ADD KEY `magazine_sales_price_history_id_foreign` (`price_history_id`);

--
-- Индексы таблицы `menu_categories`
--
ALTER TABLE `menu_categories`
  ADD PRIMARY KEY (`id`);

--
-- Индексы таблицы `menu_images`
--
ALTER TABLE `menu_images`
  ADD PRIMARY KEY (`name`,`menu_category_id`),
  ADD KEY `menu_images_menu_category_id_foreign` (`menu_category_id`);

--
-- Индексы таблицы `menu_items`
--
ALTER TABLE `menu_items`
  ADD PRIMARY KEY (`id`),
  ADD KEY `menu_items_page_id_foreign` (`page_id`),
  ADD KEY `menu_items_parent_id_index` (`parent_id`);

--
-- Индексы таблицы `migrations`
--
ALTER TABLE `migrations`
  ADD PRIMARY KEY (`id`);

--
-- Индексы таблицы `pages`
--
ALTER TABLE `pages`
  ADD PRIMARY KEY (`id`),
  ADD UNIQUE KEY `pages_uri_unique` (`uri`) USING BTREE;

--
-- Индексы таблицы `page_parameters`
--
ALTER TABLE `page_parameters`
  ADD KEY `page_parameters_page_id_foreign` (`page_id`);

--
-- Индексы таблицы `page_routes`
--
ALTER TABLE `page_routes`
  ADD PRIMARY KEY (`route_id`,`page_id`),
  ADD KEY `page_routes_page_id_foreign` (`page_id`);

--
-- Индексы таблицы `page_routes_old`
--
ALTER TABLE `page_routes_old`
  ADD PRIMARY KEY (`route_id`,`page_id`),
  ADD KEY `page_routes_page_id_foreign` (`page_id`);

--
-- Индексы таблицы `page_views`
--
ALTER TABLE `page_views`
  ADD KEY `page_views_page_id_foreign` (`page_id`);

--
-- Индексы таблицы `password_resets`
--
ALTER TABLE `password_resets`
  ADD KEY `password_resets_email_index` (`email`(191));

--
-- Индексы таблицы `plinth_views`
--
ALTER TABLE `plinth_views`
  ADD PRIMARY KEY (`product_id`,`page_id`),
  ADD KEY `plinth_views_page_id_foreign` (`page_id`);

--
-- Индексы таблицы `prices`
--
ALTER TABLE `prices`
  ADD PRIMARY KEY (`product_id`),
  ADD KEY `prices_price_history_id_foreign` (`price_history_id`);

--
-- Индексы таблицы `price_histories`
--
ALTER TABLE `price_histories`
  ADD PRIMARY KEY (`id`),
  ADD KEY `price_histories_product_id_foreign` (`product_id`);

--
-- Индексы таблицы `products`
--
ALTER TABLE `products`
  ADD PRIMARY KEY (`id`),
  ADD KEY `products_unit_id_foreign` (`unit_id`),
  ADD KEY `products_category_id_foreign` (`category_id`);

--
-- Индексы таблицы `products_views`
--
ALTER TABLE `products_views`
  ADD PRIMARY KEY (`category_id`,`page_id`),
  ADD KEY `products_views_page_id_foreign` (`page_id`);

--
-- Индексы таблицы `product_characteristics`
--
ALTER TABLE `product_characteristics`
  ADD PRIMARY KEY (`product_id`,`characteristic_id`),
  ADD KEY `product_characteristics_characteristic_id_foreign` (`characteristic_id`);

--
-- Индексы таблицы `product_groups`
--
ALTER TABLE `product_groups`
  ADD PRIMARY KEY (`id`),
  ADD KEY `product_groups_category_id_foreign` (`category_id`);

--
-- Индексы таблицы `product_group_images`
--
ALTER TABLE `product_group_images`
  ADD PRIMARY KEY (`name`,`product_group_id`),
  ADD KEY `product_group_images_product_group_id_foreign` (`product_group_id`);

--
-- Индексы таблицы `product_group_views`
--
ALTER TABLE `product_group_views`
  ADD PRIMARY KEY (`product_group_id`,`page_id`),
  ADD KEY `product_group_views_page_id_foreign` (`page_id`);

--
-- Индексы таблицы `product_images`
--
ALTER TABLE `product_images`
  ADD PRIMARY KEY (`name`,`product_id`),
  ADD KEY `product_images_product_id_foreign` (`product_id`);

--
-- Индексы таблицы `product_stocks`
--
ALTER TABLE `product_stocks`
  ADD PRIMARY KEY (`product_id`);

--
-- Индексы таблицы `product_views`
--
ALTER TABLE `product_views`
  ADD PRIMARY KEY (`product_id`,`page_id`),
  ADD KEY `product_views_page_id_foreign` (`page_id`),
  ADD KEY `unit_id` (`unit_id`);

--
-- Индексы таблицы `promotional_products`
--
ALTER TABLE `promotional_products`
  ADD PRIMARY KEY (`product_id`),
  ADD KEY `promotional_products_product_id_foreign` (`product_id`);

--
-- Индексы таблицы `purchased_bundles`
--
ALTER TABLE `purchased_bundles`
  ADD PRIMARY KEY (`id`);

--
-- Индексы таблицы `purchased_products`
--
ALTER TABLE `purchased_products`
  ADD PRIMARY KEY (`purchased_bundle_id`,`product_id`),
  ADD KEY `purchased_products_product_id_foreign` (`product_id`);

--
-- Индексы таблицы `roles`
--
ALTER TABLE `roles`
  ADD PRIMARY KEY (`id`);

--
-- Индексы таблицы `routes`
--
ALTER TABLE `routes`
  ADD PRIMARY KEY (`id`),
  ADD UNIQUE KEY `routes_name_unique` (`name`);

--
-- Индексы таблицы `sales`
--
ALTER TABLE `sales`
  ADD PRIMARY KEY (`id`),
  ADD KEY `sales_customer_id_foreign` (`customer_id`);

--
-- Индексы таблицы `sale_statuses`
--
ALTER TABLE `sale_statuses`
  ADD PRIMARY KEY (`sale_id`),
  ADD KEY `sale_statuses_status_id_foreign` (`status_id`);

--
-- Индексы таблицы `services`
--
ALTER TABLE `services`
  ADD PRIMARY KEY (`id`);

--
-- Индексы таблицы `service_characteristics`
--
ALTER TABLE `service_characteristics`
  ADD PRIMARY KEY (`service_id`,`characteristic_id`),
  ADD KEY `service_characteristics_characteristic_id_foreign` (`characteristic_id`);

--
-- Индексы таблицы `service_magazine_sales`
--
ALTER TABLE `service_magazine_sales`
  ADD PRIMARY KEY (`sale_id`,`service_id`),
  ADD KEY `service_magazine_sales_service_id_foreign` (`service_id`) USING BTREE,
  ADD KEY `service_magazine_sales_price_history_id_foreign` (`service_price_history_id`) USING BTREE;

--
-- Индексы таблицы `service_prices`
--
ALTER TABLE `service_prices`
  ADD PRIMARY KEY (`service_id`),
  ADD KEY `service_prices_service_price_history_id_foreign` (`service_price_history_id`);

--
-- Индексы таблицы `service_price_histories`
--
ALTER TABLE `service_price_histories`
  ADD PRIMARY KEY (`id`),
  ADD KEY `service_price_histories_service_id_foreign` (`service_id`);

--
-- Индексы таблицы `service_units`
--
ALTER TABLE `service_units`
  ADD PRIMARY KEY (`service_id`,`unit_id`),
  ADD KEY `service_units_unit_id_foreign` (`unit_id`);

--
-- Индексы таблицы `statuses`
--
ALTER TABLE `statuses`
  ADD PRIMARY KEY (`id`);

--
-- Индексы таблицы `top_menu_categories`
--
ALTER TABLE `top_menu_categories`
  ADD PRIMARY KEY (`id`);

--
-- Индексы таблицы `units`
--
ALTER TABLE `units`
  ADD PRIMARY KEY (`id`);

--
-- Индексы таблицы `users`
--
ALTER TABLE `users`
  ADD PRIMARY KEY (`id`),
  ADD UNIQUE KEY `users_email_unique` (`email`);

--
-- Индексы таблицы `user_roles`
--
ALTER TABLE `user_roles`
  ADD KEY `user_roles_user_id_foreign` (`user_id`),
  ADD KEY `user_roles_role_id_foreign` (`role_id`);

--
-- AUTO_INCREMENT для сохранённых таблиц
--

--
-- AUTO_INCREMENT для таблицы `categories`
--
ALTER TABLE `categories`
  MODIFY `id` int(10) UNSIGNED NOT NULL AUTO_INCREMENT, AUTO_INCREMENT=51;

--
-- AUTO_INCREMENT для таблицы `characteristics`
--
ALTER TABLE `characteristics`
  MODIFY `id` int(10) UNSIGNED NOT NULL AUTO_INCREMENT, AUTO_INCREMENT=107;

--
-- AUTO_INCREMENT для таблицы `customers`
--
ALTER TABLE `customers`
  MODIFY `id` int(10) UNSIGNED NOT NULL AUTO_INCREMENT, AUTO_INCREMENT=44;

--
-- AUTO_INCREMENT для таблицы `menu_categories`
--
ALTER TABLE `menu_categories`
  MODIFY `id` int(10) UNSIGNED NOT NULL AUTO_INCREMENT;

--
-- AUTO_INCREMENT для таблицы `menu_items`
--
ALTER TABLE `menu_items`
  MODIFY `id` int(10) UNSIGNED NOT NULL AUTO_INCREMENT, AUTO_INCREMENT=13;

--
-- AUTO_INCREMENT для таблицы `migrations`
--
ALTER TABLE `migrations`
  MODIFY `id` int(10) UNSIGNED NOT NULL AUTO_INCREMENT, AUTO_INCREMENT=52;

--
-- AUTO_INCREMENT для таблицы `pages`
--
ALTER TABLE `pages`
  MODIFY `id` int(10) UNSIGNED NOT NULL AUTO_INCREMENT, AUTO_INCREMENT=1154;

--
-- AUTO_INCREMENT для таблицы `price_histories`
--
ALTER TABLE `price_histories`
  MODIFY `id` int(10) UNSIGNED NOT NULL AUTO_INCREMENT, AUTO_INCREMENT=1210;

--
-- AUTO_INCREMENT для таблицы `products`
--
ALTER TABLE `products`
  MODIFY `id` int(10) UNSIGNED NOT NULL AUTO_INCREMENT, AUTO_INCREMENT=1007;

--
-- AUTO_INCREMENT для таблицы `product_groups`
--
ALTER TABLE `product_groups`
  MODIFY `id` int(10) UNSIGNED NOT NULL AUTO_INCREMENT;

--
-- AUTO_INCREMENT для таблицы `purchased_bundles`
--
ALTER TABLE `purchased_bundles`
  MODIFY `id` int(10) UNSIGNED NOT NULL AUTO_INCREMENT;

--
-- AUTO_INCREMENT для таблицы `roles`
--
ALTER TABLE `roles`
  MODIFY `id` int(10) UNSIGNED NOT NULL AUTO_INCREMENT, AUTO_INCREMENT=3;

--
-- AUTO_INCREMENT для таблицы `routes`
--
ALTER TABLE `routes`
  MODIFY `id` int(10) UNSIGNED NOT NULL AUTO_INCREMENT, AUTO_INCREMENT=14;

--
-- AUTO_INCREMENT для таблицы `sales`
--
ALTER TABLE `sales`
  MODIFY `id` int(10) UNSIGNED NOT NULL AUTO_INCREMENT, AUTO_INCREMENT=44;

--
-- AUTO_INCREMENT для таблицы `services`
--
ALTER TABLE `services`
  MODIFY `id` int(10) UNSIGNED NOT NULL AUTO_INCREMENT, AUTO_INCREMENT=8;

--
-- AUTO_INCREMENT для таблицы `service_price_histories`
--
ALTER TABLE `service_price_histories`
  MODIFY `id` int(10) UNSIGNED NOT NULL AUTO_INCREMENT, AUTO_INCREMENT=12;

--
-- AUTO_INCREMENT для таблицы `statuses`
--
ALTER TABLE `statuses`
  MODIFY `id` int(10) UNSIGNED NOT NULL AUTO_INCREMENT, AUTO_INCREMENT=3;

--
-- AUTO_INCREMENT для таблицы `top_menu_categories`
--
ALTER TABLE `top_menu_categories`
  MODIFY `id` int(10) UNSIGNED NOT NULL AUTO_INCREMENT;

--
-- AUTO_INCREMENT для таблицы `units`
--
ALTER TABLE `units`
  MODIFY `id` int(10) UNSIGNED NOT NULL AUTO_INCREMENT, AUTO_INCREMENT=11;

--
-- AUTO_INCREMENT для таблицы `users`
--
ALTER TABLE `users`
  MODIFY `id` int(10) UNSIGNED NOT NULL AUTO_INCREMENT, AUTO_INCREMENT=6;

--
-- Ограничения внешнего ключа сохраненных таблиц
--

--
-- Ограничения внешнего ключа таблицы `categories_views`
--
ALTER TABLE `categories_views`
  ADD CONSTRAINT `categories_views_category_id_foreign` FOREIGN KEY (`category_id`) REFERENCES `categories` (`id`) ON DELETE CASCADE,
  ADD CONSTRAINT `categories_views_page_id_foreign` FOREIGN KEY (`page_id`) REFERENCES `pages` (`id`) ON DELETE CASCADE;

--
-- Ограничения внешнего ключа таблицы `category_characteristics`
--
ALTER TABLE `category_characteristics`
  ADD CONSTRAINT `category_characteristics_category_id_foreign` FOREIGN KEY (`category_id`) REFERENCES `categories` (`id`) ON DELETE CASCADE,
  ADD CONSTRAINT `category_characteristics_characteristic_id_foreign` FOREIGN KEY (`characteristic_id`) REFERENCES `characteristics` (`id`) ON DELETE CASCADE;

--
-- Ограничения внешнего ключа таблицы `category_images`
--
ALTER TABLE `category_images`
  ADD CONSTRAINT `category_images_category_id_foreign` FOREIGN KEY (`category_id`) REFERENCES `categories` (`id`) ON DELETE CASCADE;

--
-- Ограничения внешнего ключа таблицы `category_prices`
--
ALTER TABLE `category_prices`
  ADD CONSTRAINT `category_prices_ibfk_1` FOREIGN KEY (`category_id`) REFERENCES `categories` (`id`) ON DELETE CASCADE;

--
-- Ограничения внешнего ключа таблицы `category_services`
--
ALTER TABLE `category_services`
  ADD CONSTRAINT `category_services_category_id_foreign` FOREIGN KEY (`category_id`) REFERENCES `categories` (`id`) ON DELETE CASCADE,
  ADD CONSTRAINT `category_services_service_id_foreign` FOREIGN KEY (`service_id`) REFERENCES `services` (`id`) ON DELETE CASCADE;

--
-- Ограничения внешнего ключа таблицы `characteristics`
--
ALTER TABLE `characteristics`
  ADD CONSTRAINT `characteristics_ibfk_1` FOREIGN KEY (`unit_id`) REFERENCES `units` (`id`) ON DELETE CASCADE;

--
-- Ограничения внешнего ключа таблицы `floors_views`
--
ALTER TABLE `floors_views`
  ADD CONSTRAINT `floors_views_category_id_foreign` FOREIGN KEY (`category_id`) REFERENCES `categories` (`id`) ON DELETE CASCADE,
  ADD CONSTRAINT `floors_views_page_id_foreign` FOREIGN KEY (`page_id`) REFERENCES `pages` (`id`) ON DELETE CASCADE;

--
-- Ограничения внешнего ключа таблицы `group_products`
--
ALTER TABLE `group_products`
  ADD CONSTRAINT `group_products_product_group_id_foreign` FOREIGN KEY (`product_group_id`) REFERENCES `product_groups` (`id`) ON DELETE CASCADE,
  ADD CONSTRAINT `group_products_product_id_foreign` FOREIGN KEY (`product_id`) REFERENCES `products` (`id`) ON DELETE CASCADE;

--
-- Ограничения внешнего ключа таблицы `laminate_product_views`
--
ALTER TABLE `laminate_product_views`
  ADD CONSTRAINT `laminate_product_views_ibfk_1` FOREIGN KEY (`category_id`) REFERENCES `categories` (`id`) ON DELETE CASCADE,
  ADD CONSTRAINT `laminate_views_page_id_foreign` FOREIGN KEY (`page_id`) REFERENCES `pages` (`id`) ON DELETE CASCADE,
  ADD CONSTRAINT `laminate_views_product_id_foreign` FOREIGN KEY (`product_id`) REFERENCES `products` (`id`) ON DELETE CASCADE;

--
-- Ограничения внешнего ключа таблицы `magazine_sales`
--
ALTER TABLE `magazine_sales`
  ADD CONSTRAINT `magazine_sales_price_history_id_foreign` FOREIGN KEY (`price_history_id`) REFERENCES `price_histories` (`id`) ON DELETE CASCADE,
  ADD CONSTRAINT `magazine_sales_product_id_foreign` FOREIGN KEY (`product_id`) REFERENCES `products` (`id`) ON DELETE CASCADE,
  ADD CONSTRAINT `magazine_sales_sale_id_foreign` FOREIGN KEY (`sale_id`) REFERENCES `sales` (`id`) ON DELETE CASCADE;

--
-- Ограничения внешнего ключа таблицы `menu_images`
--
ALTER TABLE `menu_images`
  ADD CONSTRAINT `menu_images_menu_category_id_foreign` FOREIGN KEY (`menu_category_id`) REFERENCES `menu_categories` (`id`) ON DELETE CASCADE;

--
-- Ограничения внешнего ключа таблицы `menu_items`
--
ALTER TABLE `menu_items`
  ADD CONSTRAINT `menu_items_page_id_foreign` FOREIGN KEY (`page_id`) REFERENCES `pages` (`id`) ON DELETE CASCADE;

--
-- Ограничения внешнего ключа таблицы `page_parameters`
--
ALTER TABLE `page_parameters`
  ADD CONSTRAINT `page_parameters_page_id_foreign` FOREIGN KEY (`page_id`) REFERENCES `pages` (`id`) ON DELETE CASCADE;

--
-- Ограничения внешнего ключа таблицы `page_routes`
--
ALTER TABLE `page_routes`
  ADD CONSTRAINT `page_routes_page_id_foreign` FOREIGN KEY (`page_id`) REFERENCES `pages` (`id`) ON DELETE CASCADE,
  ADD CONSTRAINT `page_routes_route_id_foreign` FOREIGN KEY (`route_id`) REFERENCES `routes` (`id`) ON DELETE CASCADE;

--
-- Ограничения внешнего ключа таблицы `page_views`
--
ALTER TABLE `page_views`
  ADD CONSTRAINT `page_views_page_id_foreign` FOREIGN KEY (`page_id`) REFERENCES `pages` (`id`) ON DELETE CASCADE;

--
-- Ограничения внешнего ключа таблицы `plinth_views`
--
ALTER TABLE `plinth_views`
  ADD CONSTRAINT `plinth_views_page_id_foreign` FOREIGN KEY (`page_id`) REFERENCES `pages` (`id`) ON DELETE CASCADE,
  ADD CONSTRAINT `plinth_views_product_id_foreign` FOREIGN KEY (`product_id`) REFERENCES `products` (`id`) ON DELETE CASCADE;

--
-- Ограничения внешнего ключа таблицы `prices`
--
ALTER TABLE `prices`
  ADD CONSTRAINT `prices_ibfk_1` FOREIGN KEY (`product_id`) REFERENCES `products` (`id`) ON DELETE CASCADE,
  ADD CONSTRAINT `prices_price_history_id_foreign` FOREIGN KEY (`price_history_id`) REFERENCES `price_histories` (`id`) ON DELETE CASCADE;

--
-- Ограничения внешнего ключа таблицы `price_histories`
--
ALTER TABLE `price_histories`
  ADD CONSTRAINT `price_histories_product_id_foreign` FOREIGN KEY (`product_id`) REFERENCES `products` (`id`) ON DELETE CASCADE;

--
-- Ограничения внешнего ключа таблицы `products`
--
ALTER TABLE `products`
  ADD CONSTRAINT `products_category_id_foreign` FOREIGN KEY (`category_id`) REFERENCES `categories` (`id`) ON DELETE CASCADE,
  ADD CONSTRAINT `products_unit_id_foreign` FOREIGN KEY (`unit_id`) REFERENCES `units` (`id`) ON DELETE CASCADE;

--
-- Ограничения внешнего ключа таблицы `products_views`
--
ALTER TABLE `products_views`
  ADD CONSTRAINT `products_views_category_id_foreign` FOREIGN KEY (`category_id`) REFERENCES `categories` (`id`) ON DELETE CASCADE,
  ADD CONSTRAINT `products_views_page_id_foreign` FOREIGN KEY (`page_id`) REFERENCES `pages` (`id`) ON DELETE CASCADE;

--
-- Ограничения внешнего ключа таблицы `product_characteristics`
--
ALTER TABLE `product_characteristics`
  ADD CONSTRAINT `product_characteristics_characteristic_id_foreign` FOREIGN KEY (`characteristic_id`) REFERENCES `characteristics` (`id`) ON DELETE CASCADE,
  ADD CONSTRAINT `product_characteristics_product_id_foreign` FOREIGN KEY (`product_id`) REFERENCES `products` (`id`) ON DELETE CASCADE;

--
-- Ограничения внешнего ключа таблицы `product_groups`
--
ALTER TABLE `product_groups`
  ADD CONSTRAINT `product_groups_category_id_foreign` FOREIGN KEY (`category_id`) REFERENCES `categories` (`id`) ON DELETE CASCADE;

--
-- Ограничения внешнего ключа таблицы `product_group_images`
--
ALTER TABLE `product_group_images`
  ADD CONSTRAINT `product_group_images_product_group_id_foreign` FOREIGN KEY (`product_group_id`) REFERENCES `product_groups` (`id`) ON DELETE CASCADE;

--
-- Ограничения внешнего ключа таблицы `product_group_views`
--
ALTER TABLE `product_group_views`
  ADD CONSTRAINT `product_group_views_page_id_foreign` FOREIGN KEY (`page_id`) REFERENCES `pages` (`id`) ON DELETE CASCADE,
  ADD CONSTRAINT `product_group_views_product_group_id_foreign` FOREIGN KEY (`product_group_id`) REFERENCES `product_groups` (`id`) ON DELETE CASCADE;

--
-- Ограничения внешнего ключа таблицы `product_images`
--
ALTER TABLE `product_images`
  ADD CONSTRAINT `product_images_product_id_foreign` FOREIGN KEY (`product_id`) REFERENCES `products` (`id`) ON DELETE CASCADE;

--
-- Ограничения внешнего ключа таблицы `product_stocks`
--
ALTER TABLE `product_stocks`
  ADD CONSTRAINT `product_stocks_product_id_foreign` FOREIGN KEY (`product_id`) REFERENCES `products` (`id`) ON DELETE CASCADE;

--
-- Ограничения внешнего ключа таблицы `product_views`
--
ALTER TABLE `product_views`
  ADD CONSTRAINT `product_views_ibfk_1` FOREIGN KEY (`unit_id`) REFERENCES `units` (`id`) ON DELETE CASCADE,
  ADD CONSTRAINT `product_views_page_id_foreign` FOREIGN KEY (`page_id`) REFERENCES `pages` (`id`) ON DELETE CASCADE,
  ADD CONSTRAINT `product_views_product_id_foreign` FOREIGN KEY (`product_id`) REFERENCES `products` (`id`) ON DELETE CASCADE;

--
-- Ограничения внешнего ключа таблицы `promotional_products`
--
ALTER TABLE `promotional_products`
  ADD CONSTRAINT `promotional_products_product_id_foreign` FOREIGN KEY (`product_id`) REFERENCES `products` (`id`) ON DELETE CASCADE;

--
-- Ограничения внешнего ключа таблицы `purchased_products`
--
ALTER TABLE `purchased_products`
  ADD CONSTRAINT `purchased_products_product_id_foreign` FOREIGN KEY (`product_id`) REFERENCES `products` (`id`) ON DELETE CASCADE,
  ADD CONSTRAINT `purchased_products_purchased_bundle_id_foreign` FOREIGN KEY (`purchased_bundle_id`) REFERENCES `purchased_bundles` (`id`) ON DELETE CASCADE;

--
-- Ограничения внешнего ключа таблицы `sales`
--
ALTER TABLE `sales`
  ADD CONSTRAINT `sales_customer_id_foreign` FOREIGN KEY (`customer_id`) REFERENCES `customers` (`id`) ON DELETE CASCADE;

--
-- Ограничения внешнего ключа таблицы `service_characteristics`
--
ALTER TABLE `service_characteristics`
  ADD CONSTRAINT `service_characteristics_characteristic_id_foreign` FOREIGN KEY (`characteristic_id`) REFERENCES `characteristics` (`id`) ON DELETE CASCADE,
  ADD CONSTRAINT `service_characteristics_service_id_foreign` FOREIGN KEY (`service_id`) REFERENCES `services` (`id`) ON DELETE CASCADE;

--
-- Ограничения внешнего ключа таблицы `service_magazine_sales`
--
ALTER TABLE `service_magazine_sales`
  ADD CONSTRAINT `service_magazine_sales_sale_id_foreign` FOREIGN KEY (`sale_id`) REFERENCES `sales` (`id`) ON DELETE CASCADE,
  ADD CONSTRAINT `service_magazine_sales_service_id_foreign` FOREIGN KEY (`service_id`) REFERENCES `services` (`id`) ON DELETE CASCADE,
  ADD CONSTRAINT `service_magazine_sales_service_price_history_id_foreign` FOREIGN KEY (`service_price_history_id`) REFERENCES `service_price_histories` (`id`) ON DELETE CASCADE;

--
-- Ограничения внешнего ключа таблицы `service_prices`
--
ALTER TABLE `service_prices`
  ADD CONSTRAINT `service_prices_ibfk_1` FOREIGN KEY (`service_id`) REFERENCES `services` (`id`) ON DELETE CASCADE,
  ADD CONSTRAINT `service_prices_service_price_history_id_foreign` FOREIGN KEY (`service_price_history_id`) REFERENCES `service_price_histories` (`id`) ON DELETE CASCADE;

--
-- Ограничения внешнего ключа таблицы `service_price_histories`
--
ALTER TABLE `service_price_histories`
  ADD CONSTRAINT `service_price_histories_service_id_foreign` FOREIGN KEY (`service_id`) REFERENCES `services` (`id`) ON DELETE CASCADE;

--
-- Ограничения внешнего ключа таблицы `service_units`
--
ALTER TABLE `service_units`
  ADD CONSTRAINT `service_units_service_id_foreign` FOREIGN KEY (`service_id`) REFERENCES `services` (`id`) ON DELETE CASCADE,
  ADD CONSTRAINT `service_units_unit_id_foreign` FOREIGN KEY (`unit_id`) REFERENCES `units` (`id`) ON DELETE CASCADE;

--
-- Ограничения внешнего ключа таблицы `user_roles`
--
ALTER TABLE `user_roles`
  ADD CONSTRAINT `user_roles_role_id_foreign` FOREIGN KEY (`role_id`) REFERENCES `roles` (`id`) ON DELETE CASCADE,
  ADD CONSTRAINT `user_roles_user_id_foreign` FOREIGN KEY (`user_id`) REFERENCES `users` (`id`) ON DELETE CASCADE;
COMMIT;

/*!40101 SET CHARACTER_SET_CLIENT=@OLD_CHARACTER_SET_CLIENT */;
/*!40101 SET CHARACTER_SET_RESULTS=@OLD_CHARACTER_SET_RESULTS */;
/*!40101 SET COLLATION_CONNECTION=@OLD_COLLATION_CONNECTION */;
