-- phpMyAdmin SQL Dump
-- version 4.9.2
-- https://www.phpmyadmin.net/
--
-- Хост: 127.0.0.1
-- Время создания: Ноя 17 2020 г., 21:08
-- Версия сервера: 10.4.11-MariaDB
-- Версия PHP: 7.4.1

SET SQL_MODE = "NO_AUTO_VALUE_ON_ZERO";
SET AUTOCOMMIT = 0;
START TRANSACTION;
SET time_zone = "+00:00";


/*!40101 SET @OLD_CHARACTER_SET_CLIENT=@@CHARACTER_SET_CLIENT */;
/*!40101 SET @OLD_CHARACTER_SET_RESULTS=@@CHARACTER_SET_RESULTS */;
/*!40101 SET @OLD_COLLATION_CONNECTION=@@COLLATION_CONNECTION */;
/*!40101 SET NAMES utf8mb4 */;

--
-- База данных: `quick_step`
--

-- --------------------------------------------------------

--
-- Структура таблицы `categories`
--

CREATE TABLE `categories` (
  `id` int(10) UNSIGNED NOT NULL,
  `name` varchar(255) COLLATE utf8mb4_unicode_ci NOT NULL,
  `parent_id` int(11) DEFAULT NULL,
  `published` tinyint(1) NOT NULL,
  `sort` int(11) DEFAULT NULL,
  `created_at` timestamp NULL DEFAULT NULL,
  `updated_at` timestamp NULL DEFAULT NULL
) ENGINE=InnoDB DEFAULT CHARSET=utf8mb4 COLLATE=utf8mb4_unicode_ci;

--
-- Дамп данных таблицы `categories`
--

INSERT INTO `categories` (`id`, `name`, `parent_id`, `published`, `sort`, `created_at`, `updated_at`) VALUES
(4, 'Ламинат', NULL, 1, 1, NULL, NULL),
(16, 'Плинтус', NULL, 1, 8, NULL, NULL),
(17, 'Подложка', NULL, 0, 9, NULL, NULL),
(18, 'Герметик', NULL, 0, 10, NULL, NULL),
(19, 'Signature', 4, 1, 2, NULL, NULL),
(20, 'Castle', 4, 1, 3, NULL, NULL),
(21, 'Classic', 4, 1, 4, NULL, NULL),
(22, 'Desire', 4, 1, 5, NULL, NULL),
(23, 'Eligna', 4, 1, 6, NULL, NULL),
(24, 'Impressive', 4, 1, 7, NULL, NULL);

-- --------------------------------------------------------

--
-- Структура таблицы `categories_views`
--

CREATE TABLE `categories_views` (
  `category_id` int(10) UNSIGNED NOT NULL,
  `page_id` int(10) UNSIGNED NOT NULL
) ENGINE=InnoDB DEFAULT CHARSET=utf8mb4 COLLATE=utf8mb4_unicode_ci;

--
-- Дамп данных таблицы `categories_views`
--

INSERT INTO `categories_views` (`category_id`, `page_id`) VALUES
(4, 1);

-- --------------------------------------------------------

--
-- Структура таблицы `category_characteristics`
--

CREATE TABLE `category_characteristics` (
  `category_id` int(10) UNSIGNED NOT NULL,
  `characteristic_id` int(10) UNSIGNED NOT NULL,
  `value` varchar(100) COLLATE utf8mb4_unicode_ci NOT NULL
) ENGINE=InnoDB DEFAULT CHARSET=utf8mb4 COLLATE=utf8mb4_unicode_ci;

--
-- Дамп данных таблицы `category_characteristics`
--

INSERT INTO `category_characteristics` (`category_id`, `characteristic_id`, `value`) VALUES
(19, 59, '9'),
(19, 60, '32'),
(19, 69, '2.048'),
(19, 71, 'Да'),
(20, 59, '8'),
(20, 60, '33'),
(20, 69, '1.901'),
(20, 71, 'Да'),
(21, 59, '8'),
(21, 60, '32'),
(21, 69, '1.596'),
(21, 71, 'Да'),
(22, 59, '8'),
(22, 60, '32'),
(22, 69, '1.722'),
(22, 71, 'Да'),
(23, 59, '8'),
(23, 60, '32'),
(23, 69, '1.722'),
(23, 71, 'Да'),
(24, 59, '8'),
(24, 60, '32'),
(24, 69, '1.835'),
(24, 71, 'Да');

-- --------------------------------------------------------

--
-- Структура таблицы `category_images`
--

CREATE TABLE `category_images` (
  `name` varchar(100) COLLATE utf8mb4_unicode_ci NOT NULL,
  `category_id` int(10) UNSIGNED NOT NULL
) ENGINE=InnoDB DEFAULT CHARSET=utf8mb4 COLLATE=utf8mb4_unicode_ci;

--
-- Дамп данных таблицы `category_images`
--

INSERT INTO `category_images` (`name`, `category_id`) VALUES
('castle.jpeg', 20),
('classic.jpeg', 21),
('click-guard.jpg', 18),
('desire.jpeg', 22),
('eligna.jpeg', 23),
('impressive.jpeg', 24),
('laminat.jpg', 4),
('plintus.jpg', 16),
('podlozhka.jpg', 17),
('signature.jpg', 19);

-- --------------------------------------------------------

--
-- Структура таблицы `category_prices`
--

CREATE TABLE `category_prices` (
  `category_id` int(10) UNSIGNED NOT NULL,
  `price` int(11) NOT NULL,
  `actual_on` timestamp NOT NULL DEFAULT current_timestamp() ON UPDATE current_timestamp()
) ENGINE=InnoDB DEFAULT CHARSET=utf8mb4 COLLATE=utf8mb4_unicode_ci;

--
-- Дамп данных таблицы `category_prices`
--

INSERT INTO `category_prices` (`category_id`, `price`, `actual_on`) VALUES
(19, 378880, '2020-11-10 14:44:00'),
(20, 272794, '2020-11-11 12:30:05'),
(21, 159600, '2020-11-11 16:15:21'),
(22, 216111, '2020-11-12 11:22:06'),
(23, 188559, '2020-11-13 11:57:58'),
(24, 253230, '2020-11-16 23:56:52');

-- --------------------------------------------------------

--
-- Структура таблицы `category_services`
--

CREATE TABLE `category_services` (
  `category_id` int(10) UNSIGNED NOT NULL,
  `service_id` int(10) UNSIGNED NOT NULL
) ENGINE=InnoDB DEFAULT CHARSET=utf8mb4 COLLATE=utf8mb4_unicode_ci;

--
-- Дамп данных таблицы `category_services`
--

INSERT INTO `category_services` (`category_id`, `service_id`) VALUES
(4, 2),
(4, 3),
(4, 4),
(16, 5),
(16, 6);

-- --------------------------------------------------------

--
-- Структура таблицы `characteristics`
--

CREATE TABLE `characteristics` (
  `id` int(10) UNSIGNED NOT NULL,
  `name` varchar(100) COLLATE utf8mb4_unicode_ci NOT NULL,
  `unit_id` int(10) UNSIGNED DEFAULT NULL
) ENGINE=InnoDB DEFAULT CHARSET=utf8mb4 COLLATE=utf8mb4_unicode_ci;

--
-- Дамп данных таблицы `characteristics`
--

INSERT INTO `characteristics` (`id`, `name`, `unit_id`) VALUES
(57, 'Длина', 2),
(58, 'Ширина', 2),
(59, 'Толщина', 2),
(60, 'Класс', NULL),
(61, 'Количество фасок', NULL),
(62, 'Количество полос', NULL),
(63, 'Производитель', NULL),
(64, 'Страна', NULL),
(65, 'Стилизация', NULL),
(66, 'Тип помещения', NULL),
(67, 'Тип соединения', NULL),
(68, 'В упаковке, шт.', NULL),
(69, 'Площадь упаковки', 3),
(70, 'Вес упаковки', 4),
(71, 'Влагостойкость', NULL),
(72, 'Высота', 2),
(73, 'Теплоизоляция и звукоизоляция', NULL),
(74, 'Планка', NULL);

-- --------------------------------------------------------

--
-- Структура таблицы `customers`
--

CREATE TABLE `customers` (
  `id` int(10) UNSIGNED NOT NULL,
  `name` varchar(100) COLLATE utf8mb4_unicode_ci NOT NULL,
  `phone` decimal(11,0) NOT NULL,
  `email` varchar(100) COLLATE utf8mb4_unicode_ci NOT NULL,
  `adres` varchar(255) COLLATE utf8mb4_unicode_ci NOT NULL,
  `created_at` timestamp NULL DEFAULT NULL,
  `updated_at` timestamp NULL DEFAULT NULL
) ENGINE=InnoDB DEFAULT CHARSET=utf8mb4 COLLATE=utf8mb4_unicode_ci;

--
-- Дамп данных таблицы `customers`
--

INSERT INTO `customers` (`id`, `name`, `phone`, `email`, `adres`, `created_at`, `updated_at`) VALUES
(7, 'Тест', '71111111111', 'protopopov-alexey@bk.ru', 'Test', '2020-10-12 02:10:42', '2020-10-12 02:10:42'),
(8, 'Имя', '78888888888', 'protopopov-alexey@bk.ru', 'adrse', '2020-10-12 02:15:01', '2020-10-12 02:15:01'),
(9, 'Тест 2', '72222222222', 'protopopov-alexey@bk.ru', 'adres', '2020-10-12 02:29:23', '2020-10-12 02:29:23'),
(10, 'Имя', '71111111111', 'protopopov-alexey@bk.ru', 'adres', '2020-10-12 02:48:29', '2020-10-12 02:48:29'),
(11, 'Name', '74444444444', 'prdsd', 'aaf', '2020-10-12 02:50:22', '2020-10-12 02:50:22'),
(12, '44444', '74444444444', '4444444', 'gfg', '2020-10-26 02:48:53', '2020-10-26 02:48:53'),
(13, '44444', '74444444444', '4444444', 'gfg', '2020-10-26 02:49:55', '2020-10-26 02:49:55');

-- --------------------------------------------------------

--
-- Структура таблицы `drafts`
--

CREATE TABLE `drafts` (
  `id` int(10) UNSIGNED NOT NULL,
  `uri` varchar(255) COLLATE utf8mb4_unicode_ci DEFAULT NULL,
  `title` varchar(300) COLLATE utf8mb4_unicode_ci DEFAULT NULL,
  `description` varchar(300) COLLATE utf8mb4_unicode_ci DEFAULT NULL,
  `content` text COLLATE utf8mb4_unicode_ci DEFAULT NULL,
  `page_id` int(10) UNSIGNED DEFAULT NULL,
  `created_at` timestamp NULL DEFAULT NULL,
  `updated_at` timestamp NULL DEFAULT NULL
) ENGINE=InnoDB DEFAULT CHARSET=utf8mb4 COLLATE=utf8mb4_unicode_ci;

-- --------------------------------------------------------

--
-- Структура таблицы `group_products`
--

CREATE TABLE `group_products` (
  `product_group_id` int(10) UNSIGNED NOT NULL,
  `product_id` int(10) UNSIGNED NOT NULL
) ENGINE=InnoDB DEFAULT CHARSET=utf8mb4 COLLATE=utf8mb4_unicode_ci;

-- --------------------------------------------------------

--
-- Структура таблицы `laminate_product_views`
--

CREATE TABLE `laminate_product_views` (
  `page_id` int(10) UNSIGNED NOT NULL,
  `product_id` int(10) UNSIGNED NOT NULL,
  `category_id` int(10) UNSIGNED NOT NULL
) ENGINE=InnoDB DEFAULT CHARSET=utf8mb4 COLLATE=utf8mb4_unicode_ci;

--
-- Дамп данных таблицы `laminate_product_views`
--

INSERT INTO `laminate_product_views` (`page_id`, `product_id`, `category_id`) VALUES
(489, 479, 4),
(490, 480, 4),
(492, 482, 4),
(494, 484, 4),
(496, 486, 4),
(498, 488, 4),
(500, 490, 4),
(502, 492, 4),
(504, 494, 4),
(506, 496, 4),
(508, 498, 4),
(511, 501, 4),
(512, 502, 4),
(514, 504, 4),
(516, 506, 4),
(518, 508, 4),
(521, 510, 4),
(523, 512, 4),
(525, 514, 4),
(527, 516, 4),
(529, 518, 4),
(532, 520, 4),
(534, 522, 4),
(536, 524, 4),
(539, 527, 4),
(541, 529, 4),
(542, 530, 4),
(544, 532, 4),
(546, 534, 4),
(548, 536, 4),
(551, 539, 4),
(552, 540, 4),
(554, 542, 4),
(556, 544, 4),
(558, 546, 4),
(560, 548, 4),
(562, 550, 4),
(564, 552, 4),
(566, 554, 4),
(569, 556, 4),
(571, 558, 4),
(573, 560, 4),
(575, 562, 4),
(578, 564, 4),
(580, 566, 4),
(582, 568, 4),
(584, 570, 4),
(586, 572, 4),
(588, 574, 4),
(590, 576, 4),
(592, 578, 4),
(594, 580, 4),
(596, 582, 4),
(598, 584, 4),
(600, 586, 4),
(602, 588, 4),
(604, 590, 4),
(606, 592, 4),
(608, 594, 4),
(489, 478, 16),
(490, 481, 16),
(492, 483, 16),
(494, 485, 16),
(496, 487, 16),
(498, 489, 16),
(500, 491, 16),
(502, 493, 16),
(504, 495, 16),
(506, 481, 16),
(508, 499, 16),
(511, 500, 16),
(512, 503, 16),
(514, 505, 16),
(516, 507, 16),
(518, 509, 16),
(521, 511, 16),
(523, 513, 16),
(525, 515, 16),
(527, 517, 16),
(529, 519, 16),
(532, 521, 16),
(534, 523, 16),
(536, 525, 16),
(539, 526, 16),
(541, 528, 16),
(542, 531, 16),
(544, 533, 16),
(546, 535, 16),
(548, 537, 16),
(551, 538, 16),
(552, 541, 16),
(554, 543, 16),
(556, 545, 16),
(558, 547, 16),
(560, 549, 16),
(562, 551, 16),
(564, 553, 16),
(566, 555, 16),
(569, 557, 16),
(571, 559, 16),
(573, 561, 16),
(575, 563, 16),
(578, 565, 16),
(580, 567, 16),
(582, 569, 16),
(584, 571, 16),
(586, 573, 16),
(588, 575, 16),
(590, 577, 16),
(592, 579, 16),
(594, 581, 16),
(596, 583, 16),
(598, 585, 16),
(600, 587, 16),
(602, 589, 16),
(604, 591, 16),
(606, 593, 16),
(608, 595, 16),
(489, 12, 17),
(489, 13, 17),
(489, 14, 17),
(489, 23, 17),
(490, 12, 17),
(490, 13, 17),
(490, 14, 17),
(490, 23, 17),
(492, 12, 17),
(492, 13, 17),
(492, 14, 17),
(492, 23, 17),
(494, 12, 17),
(494, 13, 17),
(494, 14, 17),
(494, 23, 17),
(496, 12, 17),
(496, 13, 17),
(496, 14, 17),
(496, 23, 17),
(498, 12, 17),
(498, 13, 17),
(498, 14, 17),
(498, 23, 17),
(500, 12, 17),
(500, 13, 17),
(500, 14, 17),
(500, 23, 17),
(502, 12, 17),
(502, 13, 17),
(502, 14, 17),
(502, 23, 17),
(504, 12, 17),
(504, 13, 17),
(504, 14, 17),
(504, 23, 17),
(506, 12, 17),
(506, 13, 17),
(506, 14, 17),
(506, 23, 17),
(508, 12, 17),
(508, 13, 17),
(508, 14, 17),
(508, 23, 17),
(511, 12, 17),
(511, 13, 17),
(511, 14, 17),
(511, 23, 17),
(512, 12, 17),
(512, 13, 17),
(512, 14, 17),
(512, 23, 17),
(514, 12, 17),
(514, 13, 17),
(514, 14, 17),
(514, 23, 17),
(516, 12, 17),
(516, 13, 17),
(516, 14, 17),
(516, 23, 17),
(518, 12, 17),
(518, 13, 17),
(518, 14, 17),
(518, 23, 17),
(521, 12, 17),
(521, 13, 17),
(521, 14, 17),
(521, 23, 17),
(523, 12, 17),
(523, 13, 17),
(523, 14, 17),
(523, 23, 17),
(525, 12, 17),
(525, 13, 17),
(525, 14, 17),
(525, 23, 17),
(527, 12, 17),
(527, 13, 17),
(527, 14, 17),
(527, 23, 17),
(529, 12, 17),
(529, 13, 17),
(529, 14, 17),
(529, 23, 17),
(532, 12, 17),
(532, 13, 17),
(532, 14, 17),
(532, 23, 17),
(534, 12, 17),
(534, 13, 17),
(534, 14, 17),
(534, 23, 17),
(536, 12, 17),
(536, 13, 17),
(536, 14, 17),
(536, 23, 17),
(539, 12, 17),
(539, 13, 17),
(539, 14, 17),
(539, 23, 17),
(541, 12, 17),
(541, 13, 17),
(541, 14, 17),
(541, 23, 17),
(542, 12, 17),
(542, 13, 17),
(542, 14, 17),
(542, 23, 17),
(544, 12, 17),
(544, 13, 17),
(544, 14, 17),
(544, 23, 17),
(546, 12, 17),
(546, 13, 17),
(546, 14, 17),
(546, 23, 17),
(548, 12, 17),
(548, 13, 17),
(548, 14, 17),
(548, 23, 17),
(551, 12, 17),
(551, 13, 17),
(551, 14, 17),
(551, 23, 17),
(552, 12, 17),
(552, 13, 17),
(552, 14, 17),
(552, 23, 17),
(554, 12, 17),
(554, 13, 17),
(554, 14, 17),
(554, 23, 17),
(556, 12, 17),
(556, 13, 17),
(556, 14, 17),
(556, 23, 17),
(558, 12, 17),
(558, 13, 17),
(558, 14, 17),
(558, 23, 17),
(560, 12, 17),
(560, 13, 17),
(560, 14, 17),
(560, 23, 17),
(562, 12, 17),
(562, 13, 17),
(562, 14, 17),
(562, 23, 17),
(564, 12, 17),
(564, 13, 17),
(564, 14, 17),
(564, 23, 17),
(566, 12, 17),
(566, 13, 17),
(566, 14, 17),
(566, 23, 17),
(569, 12, 17),
(569, 13, 17),
(569, 14, 17),
(569, 23, 17),
(571, 12, 17),
(571, 13, 17),
(571, 14, 17),
(571, 23, 17),
(573, 12, 17),
(573, 13, 17),
(573, 14, 17),
(573, 23, 17),
(575, 12, 17),
(575, 13, 17),
(575, 14, 17),
(575, 23, 17),
(578, 12, 17),
(578, 13, 17),
(578, 14, 17),
(578, 23, 17),
(580, 12, 17),
(580, 13, 17),
(580, 14, 17),
(580, 23, 17),
(582, 12, 17),
(582, 13, 17),
(582, 14, 17),
(582, 23, 17),
(584, 12, 17),
(584, 13, 17),
(584, 14, 17),
(584, 23, 17),
(586, 12, 17),
(586, 13, 17),
(586, 14, 17),
(586, 23, 17),
(588, 12, 17),
(588, 13, 17),
(588, 14, 17),
(588, 23, 17),
(590, 12, 17),
(590, 13, 17),
(590, 14, 17),
(590, 23, 17),
(592, 12, 17),
(592, 13, 17),
(592, 14, 17),
(592, 23, 17),
(594, 12, 17),
(594, 13, 17),
(594, 14, 17),
(594, 23, 17),
(596, 12, 17),
(596, 13, 17),
(596, 14, 17),
(596, 23, 17),
(598, 12, 17),
(598, 13, 17),
(598, 14, 17),
(598, 23, 17),
(600, 12, 17),
(600, 13, 17),
(600, 14, 17),
(600, 23, 17),
(602, 12, 17),
(602, 13, 17),
(602, 14, 17),
(602, 23, 17),
(604, 12, 17),
(604, 13, 17),
(604, 14, 17),
(604, 23, 17),
(606, 12, 17),
(606, 13, 17),
(606, 14, 17),
(606, 23, 17),
(608, 12, 17),
(608, 13, 17),
(608, 14, 17),
(608, 23, 17),
(489, 15, 18),
(490, 15, 18),
(492, 15, 18),
(494, 15, 18),
(496, 15, 18),
(498, 15, 18),
(500, 15, 18),
(502, 15, 18),
(504, 15, 18),
(506, 15, 18),
(508, 15, 18),
(511, 15, 18),
(512, 15, 18),
(514, 15, 18),
(516, 15, 18),
(518, 15, 18),
(521, 15, 18),
(523, 15, 18),
(525, 15, 18),
(527, 15, 18),
(529, 15, 18),
(532, 15, 18),
(534, 15, 18),
(536, 15, 18),
(539, 15, 18),
(541, 15, 18),
(542, 15, 18),
(544, 15, 18),
(546, 15, 18),
(548, 15, 18),
(551, 15, 18),
(552, 15, 18),
(554, 15, 18),
(556, 15, 18),
(558, 15, 18),
(560, 15, 18),
(562, 15, 18),
(564, 15, 18),
(566, 15, 18),
(569, 15, 18),
(571, 15, 18),
(573, 15, 18),
(575, 15, 18),
(578, 15, 18),
(580, 15, 18),
(582, 15, 18),
(584, 15, 18),
(586, 15, 18),
(588, 15, 18),
(590, 15, 18),
(592, 15, 18),
(594, 15, 18),
(596, 15, 18),
(598, 15, 18),
(600, 15, 18),
(602, 15, 18),
(604, 15, 18),
(606, 15, 18),
(608, 15, 18);

-- --------------------------------------------------------

--
-- Структура таблицы `magazine_sales`
--

CREATE TABLE `magazine_sales` (
  `sale_id` int(10) UNSIGNED NOT NULL,
  `product_id` int(10) UNSIGNED NOT NULL,
  `price_history_id` int(10) UNSIGNED NOT NULL,
  `quantity` smallint(6) NOT NULL
) ENGINE=InnoDB DEFAULT CHARSET=utf8mb4 COLLATE=utf8mb4_unicode_ci;

--
-- Дамп данных таблицы `magazine_sales`
--

INSERT INTO `magazine_sales` (`sale_id`, `product_id`, `price_history_id`, `quantity`) VALUES
(7, 12, 26, 6),
(7, 15, 29, 7),
(8, 12, 26, 6),
(8, 15, 29, 7),
(9, 12, 26, 6),
(9, 15, 29, 7),
(10, 12, 26, 6),
(10, 15, 29, 7),
(11, 12, 26, 11),
(11, 15, 29, 14),
(12, 13, 27, 4),
(12, 15, 29, 7),
(13, 13, 27, 4),
(13, 15, 29, 7);

-- --------------------------------------------------------

--
-- Структура таблицы `menu_categories`
--

CREATE TABLE `menu_categories` (
  `id` int(10) UNSIGNED NOT NULL,
  `title` varchar(100) COLLATE utf8mb4_unicode_ci NOT NULL,
  `link` varchar(255) COLLATE utf8mb4_unicode_ci NOT NULL,
  `parent_id` int(11) NOT NULL,
  `sort` int(11) DEFAULT NULL
) ENGINE=InnoDB DEFAULT CHARSET=utf8mb4 COLLATE=utf8mb4_unicode_ci;

-- --------------------------------------------------------

--
-- Структура таблицы `menu_images`
--

CREATE TABLE `menu_images` (
  `name` varchar(100) COLLATE utf8mb4_unicode_ci NOT NULL,
  `menu_category_id` int(10) UNSIGNED NOT NULL
) ENGINE=InnoDB DEFAULT CHARSET=utf8mb4 COLLATE=utf8mb4_unicode_ci;

-- --------------------------------------------------------

--
-- Структура таблицы `menu_items`
--

CREATE TABLE `menu_items` (
  `id` int(10) UNSIGNED NOT NULL,
  `parent_id` int(10) UNSIGNED DEFAULT NULL,
  `name` varchar(255) COLLATE utf8mb4_unicode_ci NOT NULL,
  `sort_order` tinyint(4) NOT NULL DEFAULT 0,
  `page_id` int(10) UNSIGNED NOT NULL,
  `menu_number` int(11) DEFAULT NULL
) ENGINE=InnoDB DEFAULT CHARSET=utf8mb4 COLLATE=utf8mb4_unicode_ci;

--
-- Дамп данных таблицы `menu_items`
--

INSERT INTO `menu_items` (`id`, `parent_id`, `name`, `sort_order`, `page_id`, `menu_number`) VALUES
(1, NULL, 'Ламинат', 6, 1, 2),
(2, NULL, 'Главная', 0, 17, 1),
(3, NULL, 'Укладка/гарантии', 1, 27, 1),
(4, NULL, 'Оплата', 2, 26, 1),
(5, NULL, 'Доставка', 3, 25, 1),
(6, NULL, 'Возврат', 4, 28, 1),
(7, NULL, 'Контакты', 5, 24, 1);

-- --------------------------------------------------------

--
-- Структура таблицы `migrations`
--

CREATE TABLE `migrations` (
  `id` int(10) UNSIGNED NOT NULL,
  `migration` varchar(255) COLLATE utf8mb4_unicode_ci NOT NULL,
  `batch` int(11) NOT NULL
) ENGINE=InnoDB DEFAULT CHARSET=utf8mb4 COLLATE=utf8mb4_unicode_ci;

--
-- Дамп данных таблицы `migrations`
--

INSERT INTO `migrations` (`id`, `migration`, `batch`) VALUES
(1, '2014_10_12_000000_create_users_table', 1),
(2, '2014_10_12_100000_create_password_resets_table', 1),
(3, '2019_09_01_160807_create_pages_table', 1),
(4, '2019_09_02_124901_create_menu_categories_table', 1),
(5, '2019_09_02_160246_create_units_table', 1),
(6, '2019_09_02_160247_create_categories_table', 1),
(7, '2019_09_02_160248_create_products_table', 1),
(8, '2019_09_03_205225_create_product_views_table', 1),
(9, '2019_09_08_211626_create_page_views_table', 1),
(10, '2019_09_09_190517_create_product_images_table', 1),
(11, '2019_09_09_213439_create_price_histories_table', 1),
(12, '2019_09_09_213440_create_prices_table', 1),
(13, '2019_09_10_214428_create_products_views_table', 1),
(14, '2019_09_11_134432_create_customers_table', 1),
(15, '2019_09_11_140714_create_sales_table', 1),
(16, '2019_09_11_142145_create_magazine_sales_table', 1),
(17, '2019_09_30_224310_create_roles_table', 1),
(18, '2019_09_30_224636_create_user_roles_table', 1),
(19, '2019_10_28_021138_create_routes_table', 1),
(20, '2019_10_28_022005_create_page_routes_table', 1),
(21, '2019_10_28_202428_create_page_parameters_table', 1),
(22, '2019_11_01_011118_create_drafts_table', 1),
(23, '2019_11_05_200901_create_product_stocks_table', 1),
(24, '2019_11_17_212447_create_menu_images_table', 1),
(25, '2019_11_17_221232_create_categories_views_table', 1),
(26, '2019_11_18_012828_create_category_images_table', 1),
(27, '2019_11_23_015831_create_top_menu_categories_table', 1),
(28, '2020_01_13_061312_create_product_groups_table', 1),
(29, '2020_01_13_061501_create_group_products_table', 1),
(30, '2020_01_13_063145_create_product_group_views_table', 1),
(31, '2020_01_24_103210_create_purchased_bundles_table', 1),
(32, '2020_01_24_103211_create_purchased_products_table', 1),
(33, '2020_02_10_194635_create_product_group_images_table', 1),
(34, '2020_05_23_015303_create_menu_items_table', 1),
(35, '2020_08_21_170810_create_characteristics_table', 2),
(36, '2020_08_21_171357_create_product_characteristics_table', 2),
(37, '2020_08_27_173145_create_services_table', 3),
(38, '2020_08_27_175812_create_service_price_histories_table', 4),
(39, '2020_08_27_175853_create_service_prices_table', 4),
(40, '2020_09_14_183653_create_category_characteristics_table', 5),
(41, '2020_09_15_123020_create_category_prices_table', 6),
(42, '2020_09_18_223435_create_category_services_table', 7),
(43, '2020_09_20_021302_create_service_magazine_sales_table', 8),
(44, '2020_09_25_153240_create_service_units_table', 8),
(45, '2020_09_25_153702_create_service_characteristics_table', 8),
(46, '2020_09_26_225602_create_plinth_views_table', 9),
(47, '2020_09_27_113907_create_laminate_views_table', 10);

-- --------------------------------------------------------

--
-- Структура таблицы `pages`
--

CREATE TABLE `pages` (
  `id` int(10) UNSIGNED NOT NULL,
  `uri` varchar(255) CHARACTER SET cp1251 NOT NULL,
  `title` varchar(300) COLLATE utf8mb4_unicode_ci NOT NULL,
  `description` varchar(300) COLLATE utf8mb4_unicode_ci DEFAULT NULL,
  `content` text COLLATE utf8mb4_unicode_ci NOT NULL,
  `published` tinyint(1) NOT NULL,
  `created_at` timestamp NULL DEFAULT NULL,
  `updated_at` timestamp NULL DEFAULT NULL
) ENGINE=InnoDB DEFAULT CHARSET=utf8mb4 COLLATE=utf8mb4_unicode_ci;

--
-- Дамп данных таблицы `pages`
--

INSERT INTO `pages` (`id`, `uri`, `title`, `description`, `content`, `published`, `created_at`, `updated_at`) VALUES
(1, 'laminat', 'Ламинат', NULL, '<p><br></p>', 1, '2020-08-19 14:44:47', '2020-08-19 14:44:47'),
(17, '', 'Ламинат Kronotex', NULL, '<h2>Добро пожаловать в фирменный магазин ламината Кронотекс.</h2>\r\n<p>С данным производителем мы работаем около 20 лет. Напольные покрытия от Кронотекс зарекомендовали себя как полы бескомпромиссного качества.</p>\r\n<p>В экологической декларации продукции (<span lang=\"EN-US\">EPD</span>) компания Кронотекс открыто и добровольно сообщается об экологичности данной продукции из древесины. Декларация <span lang=\"EN-US\">EPD</span> выдаётся институтом строительства и охраны окружающей среды. Главная цель: мы хотим, чтобы все мы и будущие поколения были здоровы и могли с удовольствием жить на нашей зеленой планете.</p>\r\n<p>Вся продукция проходит сертификацию в Германии.</p>\r\n<p style=\"text-align: center;\"><img data-name=\"show\" src=\"../../images/products/mini/kronotex.jpg\" alt=\"\" width=\"300\" height=\"225\" /><img data-name=\"show\" src=\"../../../images/products/mini/kronotex2.jpg\" alt=\"\" width=\"300\" height=\"225\" /><img data-name=\"show\" src=\"../../images/products/mini/kronotex3.jpg\" alt=\"\" width=\"169\" height=\"225\" /><img data-name=\"show\" src=\"../../../images/products/mini/kronotex4.jpg\" alt=\"\" width=\"169\" height=\"225\" /><img data-name=\"show\" src=\"../../../images/products/mini/kronotex5.jpg\" alt=\"\" width=\"169\" height=\"225\" /><img data-name=\"show\" src=\"../../../images/products/mini/kronotex6.jpg\" alt=\"\" width=\"169\" height=\"225\" /></p>\r\n<p>Наши специалисты в магазине помогут Вам подобрать тот или иной ламинат фирмы Кронотекс, согласно Вашим запросам.</p>\r\n<p>Большое разнообразие оттенков упростит Вашу задачу в выборе цвета.</p>\r\n<p>Добро пожаловать в магазин напольных покрытий от Кронотекс на Бабушкина 2.</p>', 1, '2020-08-29 19:56:15', '2020-08-29 19:56:15'),
(24, 'kontakty', 'Контакты', NULL, '<p><br data-mce-bogus=\"1\"></p>', 1, '2020-08-30 19:23:09', '2020-08-30 19:23:09'),
(25, 'dostavka', 'Доставка', NULL, '<h1>ДОСТАВКА</h1>\n<h4>Доставка:</h4>\n<ul>\n<li>По Санкт-Петербургу, в пределах КАД, стоимость доставки до подъезда составляет&nbsp;850руб.;</li>\n<li>Стоимость доставки товара в пригород&nbsp;Санкт-Петербурга до 15 км от КАД:&nbsp;1100 руб.;</li>\n<li>Возможен&nbsp;самовывоз&nbsp;товара из магазина&nbsp;по адресу&nbsp;СПб ,&nbsp;ул. Бабушкина&nbsp;2;</li>\n<li>Доставка производится&nbsp;с 10:00 до 20:00 в будние дни. При согласовании возможна доставка и в выходные дни;</li>\n<li>Стоимость доставки в&nbsp;определённый интервал времени&nbsp;1000 рублей;</li>\n<li>Доставка&nbsp;в любой регион РФ&nbsp;осуществляется&nbsp;с помощью транспортной компании, выбранной клиентом. Доставка до транспортной компании и оформление документов 850 р.</li>\n</ul>\n<div align=\"center\"><hr align=\"center\" size=\"1\" width=\"100%\" /></div>\n<h4>Подъём:</h4>\n<p>По подъёму товара до квартиры , предлагаем следующие условия.</p>\n<ul>\n<li>Ламинат, ПВХ плитка, пробковое покрытие &ndash; 1 уп. 30 руб./эт. (при наличии лифта 1 уп. &ndash; 50 руб. до квартиры);</li>\n<li>Паркетная, массивная, инженерная доска, ламинат имеющий массу пачки от 20-25 килограмм&nbsp;&ndash; 1 уп. 60 руб./эт. (при наличии лифта 1 уп. &ndash; 80 руб. до квартиры);</li>\n<li>Нестандартные случаи подъёма, рассчитываются индивидуально</li>\n</ul>', 1, '2020-08-30 19:25:36', '2020-10-29 08:15:29'),
(26, 'oplata', 'Оплата', NULL, '<h1>ОПЛАТА</h1>\n<p>В нашем магазине доступны следующие варианты оплаты товара:</p>\n<h4>Наличными при доставке товара.</h4>\n<p>Водитель , &nbsp;с вашим заказом &nbsp;прибудет по указанному адресу. После проверки товара Вы можете оплатить сумму заказа наличными.</p>\n<h4>Банковской картой</h4>\n<p>Вы можете оплатить заказ банковской картой в нашем магазине при самовывозе товара. Вы можете оплатить товар банковской картой при получении товара на адресе , заранее оговорить данный способ оплаты с менеджером.</p>\n<h4>Наличными в магазине</h4>\n<p>Вы можете оплатить заказ наличными в наших магазинах при самовывозе товара.</p>\n<h4>Безналичный расчёт</h4>\n<p>Оплата по безналичному расчёту доступна для юридических и физических лиц. При оформлении заказа укажите реквизиты для выставления счёта.</p>\n<p style=\"text-align: center;\"><strong>Online оплата банковскими картами осуществляется через ОАО &laquo;Сбербанк&raquo;. К оплате принимаются карты VISA, MasterCard, Maestro, Мир.</strong></p>', 1, '2020-08-30 19:27:55', '2020-10-29 08:25:43'),
(27, 'ukladka-garantii', 'Укладка/гарантии', NULL, '<h2 align=\"center\">ПРАВИЛА МОНТАЖА</h2>\n<p>1. Перед укладкой обеспечить хранение ламинированных напольных покрытий в горизонтальном положении, в упаковке, в течение 48 часов при комнатной температуре (не менее +18&deg;C) и влажности воздуха не более 70%.</p>\n<p>2. Основа под ламинированные напольные покрытия должна быть сухой, чистой и выровненной (неровности не могут превышать 3 мм на 1 пог. м пола). На подготовленную подобным образом основу следует уложить пароизоляционную пленку (внахлест) и склеить влагоустойчивой лентой. Затем укладываем встык подкладочную подложку.</p>\n<p>3. Каждая напольная панель должна быть проверена (до и в процессе монтажа) с точки зрения наличия возможных повреждений, заметных невооруженным глазом недостатков (разница в цвете, в размерах и т.п.). В случае укладки полов с недостатками производитель не будет рассматривать гарантийных претензий.</p>\n<p>4. Ламинированные напольные покрытия образуют так называемый &laquo;плавающий&raquo; пол. Поэтому их нельзя приклеивать, прибивать или крепить другим способом к стене или полу.</p>\n<p>5. Между полом и всеми стационарными элементами, перпендикулярными к нему (колонны, дверные пороги, трубы, стены и т.п.) следует оставить 10 мм зазора, так называемые расширительные швы, поскольку ламинированные напольные покрытия под воздействием колебаний температуры и уровня влажности расширяются или сжимаются. Для этого в процессе монтажа следует использовать дистанционные клинья.</p>\n<p>6. При длине помещения более 8 м и ширине более 6 м рекомендуется оставить расширительные зазоры шириной 2-3 см на пропорциональных отрезках пола.</p>\n<p>7. Для достижения оптимального визуального эффекта ламинированные напольные покрытия следует укладывать продольно по отношению к основному источнику света.</p>\n<p>Для укладки ламинированных напольных покрытий необходимы следующие инструменты и материалы:</p>\n<p>&nbsp;&nbsp;&nbsp;&nbsp;&nbsp;&nbsp;&nbsp;&nbsp; пароизоляционная пленка</p>\n<p>&nbsp;&nbsp;&nbsp;&nbsp;&nbsp;&nbsp;&nbsp;&nbsp; подкладочная подложка, предназначенная для использования под &laquo;плавающие&raquo; полы</p>\n<p>&nbsp;&nbsp;&nbsp;&nbsp;&nbsp;&nbsp;&nbsp;&nbsp; пила с мелкими зубьями</p>\n<p>&nbsp;&nbsp;&nbsp;&nbsp;&nbsp;&nbsp;&nbsp;&nbsp; карандаш, линейка, метр</p>\n<p>&nbsp;&nbsp;&nbsp;&nbsp;&nbsp;&nbsp;&nbsp;&nbsp; напольные плинтуса (с монтажными зажимами)</p>\n<p>&nbsp;&nbsp;&nbsp;&nbsp;&nbsp;&nbsp;&nbsp;&nbsp; Укладка на полах с подогревом<br />&nbsp;&nbsp;&nbsp;&nbsp;&nbsp;&nbsp;&nbsp;&nbsp; Ламинированные напольные покрытия можно использовать для полов с подогревом.</p>\n<p>Допускается укладка полов на водяном половом подогреве при условии, что подогрев применяется по всей поверхности пола. Стяжка над тепловыми проводами должна иметь толщину около 2 см.</p>\n<p>Применение бетонной стяжки связано с необходимостью обеспечения равномерного распределения температуры, возможностью ее постепенного повышения и поддержания. Учитывая большее пересыхание пола в отопительный сезон и связанные с этим изменения в размерах, особое внимание следует обратить на правильный монтаж полов и сохранение расширительных зазоров.</p>\n<p>Дополнительные действия во время укладки на полах с подогревом:</p>\n<p>1. Стяжка должна быть выполнена в соответствии с рекомендациями производителя.</p>\n<p>2. Стяжка в обязательном порядке должна быть прогрета перед укладкой пола, чтобы предотвратить проступание влаги в последующий период. Эту процедуру следует выполнить, невзирая на время года.</p>\n<p>3. В случае с цементным бетоном прогревание можно начинать через 3 недели.</p>\n<p>4. Температуру следует каждый день повышать на 5&deg;C, вплоть до достижения максимальной температуры.</p>\n<p>5. Обогрев следует установить на максимальную производительность, не снижая температуру в течение 72 часов. По завершении этапа максимального обогрева следует постепенно снижать температуру ежедневно на 5&deg;C.</p>\n<p>6. Чтобы проверить, просохла ли стяжка, следует использовать кусочки пленки PE (50 x 50 см). Пленку следует разложить в нескольких местах на полу, а края плотно оклеить лентой. Укладку полов можно начинать только в том случае, если по прошествии 24 часов пленка не запарилась, а поверхность стяжки не изменила цвет. Если результат получился отрицательным, процесс осушения пола следует повторить.</p>\n<p>7. Обогрев следует отключить как минимум за 2 дня до укладки полов. Температура воздуха в процессе укладки должна составлять 18 &mdash; 22&deg;C. В случае значительного охлаждения помещения обогрев следует включать постепенно, повышая температуру на 5&deg;C ежедневно вплоть до достижения максимальной производительности. Это правило следует всегда соблюдать перед началом нового отопительного сезона.</p>\n<p>8. Температура поверхности ламинированного напольного покрытия не должна быть больше 28&deg;C. Во время отопительного сезона рекомендуется поддерживать температуру на уровне 2 0- 22&deg;C при влажности 50 &mdash; 70%.</p>\n<h2 align=\"center\">УСЛОВИЯ ГАРАНТИИ</h2>\n<p>Гарантии подлежат ламинированные напольные покрытия, уложенные согласно их предназначению и инструкции (инструкция монтажа находится на этикетке каждой пачки ламинированных напольных покрытий).</p>\n<p>Ламинированные напольные покрытия класса истирания AC4 можно монтировать в жилых помещениях с высокой степенью проходимости и в общественных помещениях со средней степенью проходимости.</p>\n<p>Ламинированные напольные покрытия класса истирания AC5 можно монтировать в жилых помещениях с высокой степенью проходимости и в общественных помещениях с высокой степенью проходимости.</p>\n<p>Ламинированные напольные покрытия перед монтажом необходимо складировать в помещении, в котором они будут монтироваться, минимум 48 часов.</p>\n<p>Полы необходимо монтировать согласно инструкции монтажа в закрытых помещениях, обогреваемых в зимний период до комнатной температуры.</p>\n<p>Для монтажа ламинированных напольных покрытий необходимо использовать исключительно рекомендованные производителем материалы и инструменты (сертифицированная пароизоляционная пленка, подкладочная пенка или другие подкладочные материалы, предназначенные для применения под плавающие полы, согласно инструкциям производителя этих товаров).</p>\n<p>После укладки полы необходимо предохранять со стороны входа, используя для этого соответственные половички и коврики, предотвращающие попадание песка и влаги на полы.</p>\n<p>Ламинированные напольные покрытия нельзя укладывать в помещениях, в которых уровень влажности превышает 70% (например, в ванных, саунах, и тд.).</p>\n<p>Ламинированные напольные покрытия устойчивы к истиранию колесиками кресел (стульев) только при применении резиновых колесиков. Использование кресел на пластмассовых или колесиках (роликах) без соответственных предохраняющих подкладок ускоряет износ полов, что ведет к утрате гарантии.</p>\n<p>На ножки стульев, столов и другой мебели рекомендуется приклеивать войлочные подкладки, которые временами необходимо чистить от скапливающегося в них песка и грязи. Загрязнение легко удалить при помощи влажной ткани. Ни в коем случае нельзя протирать полы мокрой тканью и лить на них воду, а также использовать для чистки полов детергенты и порошки.</p>\n<h2 align=\"center\">ВНИМАНИЕ!</h2>\n<p>Все ламинированные напольные покрытия необходимо проверять (перед и во время монтажа) на наличие возможного, бросающегося в глаза повреждения (различия в оттенках, размерах, степени блеска и тп.).</p>\n<p>Наша фирма &nbsp;не принимает претензий в случае укладки полов с браком несоответственного монтажа, применения, ухода, а также явной запущенности, ударов, механических повреждений, появившихся во время транспортировки или в результате непосредственного воздействия воды или высокой температуры. Просим сохранить образцы уложенных полов 1 шт. длиной 20 см, чтобы в случае рекламации не было необходимости снятия образцов с уже уложенных полов.</p>', 1, '2020-08-30 19:29:19', '2020-10-29 08:30:59'),
(28, 'vozvrat', 'Возврат', NULL, '<h1>Возврат</h1>\n<p>Согласно закону, &nbsp;потребитель имеет право вернуть продавцу не любой товар, а только тот, который не относится к продовольственным, и приобретен в целях, не имеющих отношения к коммерческой деятельности. Закон о защите прав потребителей описывает положения, касающиеся правил, условий и сроков возврата товара:</p>\n<ul>\n<li>Непродовольственных товаров надлежащего качества, то есть таких, которые не подошли покупателю по размеру, фасону, цветовой гамме, комплектации, форме и габаритам.</li>\n<li>Непродовольственных товаров ненадлежащего качества &ndash; товаров, имеющих производственные и иные дефекты и повреждения.</li>\n<li>Непродовольственных товаров, приобретенных дистанционным способом (по почте или в сети Интернет).</li>\n</ul>\n<h3>Возврат товара надлежащего качества</h3>\n<p>Товар надлежащего качества подлежит возврату в случаях, если потребитель не имеет претензий к качеству товара, но желает его вернуть по причине несоответствия характеристик, продавец имеет полное право не удовлетворять данное требование. Товар приемлемого качества можно заменить альтернативным товаром с нужными характеристиками. И только в том случае, если желаемого товара не имеется в продаже в момент обращения за обменом, покупатель вправе вернуть деньги .</p>\n<p>Обмен и возврат товаров надлежащего качества возможен при соблюдении следующих условий:</p>\n<ul>\n<li>целостность упаковки, наличие пломб, ярлыков;</li>\n<li>отсутствие признаков использования.</li>\n</ul>\n<h3>Перечень товаров, не подлежащих возврату</h3>\n<p>В данном случае не перечисляем весь спектр товаров , а только относящиеся к напольным покрытиям.</p>\n<p>&nbsp;&nbsp;&nbsp;&nbsp;&nbsp;4. Товары, отпускаемые &laquo;на метраж&raquo;: ткани и нетканые материалы (тесьма, кружево и прочее); кабельная продукция (шнуры, провода, кабели); строительные и отделочные материалы (пленка, линолеум, ковровые дорожки) , товары изготовленные и привезённые &nbsp;на заказ.</p>\n<h3>Возврат товара ненадлежащего качества</h3>\n<p>В случае обнаружения дефектов функциональности либо существенных повреждений в приобретённом товаре ненадлежащего качества, покупатель вправе потребовать возврат товара, согласно статье 18 Закона РФ &laquo;О защите прав потребителей&raquo;:</p>\n<ul>\n<li>заменить бракованный товар качественным альтернативным товаром той же фирмы или модели;</li>\n<li>заменить товаром другого производителя с перерасчетом стоимости;</li>\n<li>уменьшить цену в соответствии с имеющимся дефектом;</li>\n<li>бесплатно устранить недостатки или возместить расходы на их устранение потребителем;</li>\n<li>расторгнуть договор купли-продажи и вернуть стоимость товара в полном объеме.<br /><br /></li>\n</ul>\n<div>\n<h3>Возврат товара в течение 14 дней</h3>\n</div>\n<p>Согласно закону о защите прав потребителей, покупатель вправе обменять (вернуть) товары нормального качества в течение 14 дней, без учета дня покупки.</p>\n<div>\n<h3>Заявление на возврат товара</h3>\n</div>\n<p>Чтобы вернуть товар, необходимо написать заявление в свободной форме, но обязательно должно включать:</p>\n<ol>\n<li>ФИО, адрес, контактные данные потребителя;</li>\n<li>Наименование товара в соответствии с паспортом товара;</li>\n<li>Подробное обоснование причин возврата товара;</li>\n<li>Просьбу о возврате стоимости товара;</li>\n<li>Приемлемые способы возврата денежных средств.</li>\n<li>Дату,подписьзаявителя.</li>\n</ol>', 1, '2020-08-30 19:30:00', '2020-10-29 08:41:30'),
(29, 'plintus', 'Плинтус', NULL, '<p><br data-mce-bogus=\"1\"></p>', 0, '2020-09-26 17:21:23', '2020-09-26 17:21:23'),
(32, 'podlozhka', 'Подложка', NULL, '<p><br data-mce-bogus=\"1\"></p>', 0, '2020-09-27 18:14:07', '2020-09-27 18:14:07'),
(33, 'podlozhka/podlozhka-profitex-3-mm', 'Подложка Profitex, 3 мм', NULL, '<p><br data-mce-bogus=\"1\"></p>', 0, '2020-09-28 09:05:19', '2020-09-28 09:05:19'),
(34, 'podlozhka/podlozhka-quick-step-3-mm', 'Подложка Quick Step, 3 мм', NULL, '<p><br data-mce-bogus=\"1\"></p>', 0, '2020-09-28 09:37:36', '2020-09-28 09:37:36'),
(35, 'podlozhka/podlozhka-tuplex-3-mm', 'Подложка Tuplex, 3 мм', NULL, '<p><br data-mce-bogus=\"1\"></p>', 0, '2020-09-28 09:45:02', '2020-09-28 09:45:02'),
(36, 'germetik', 'Герметик', NULL, '<p><br data-mce-bogus=\"1\"></p>', 0, '2020-09-28 20:35:08', '2020-09-28 20:35:08'),
(37, 'germetik/germetik-dlya-beskleevih-laminatov-click-guard', 'Герметик для бесклеевых ламинатов Click Guard', NULL, '<p><br data-mce-bogus=\"1\"></p>', 0, '2020-09-28 20:41:47', '2020-09-28 20:41:47'),
(44, 'podlozhka/podlozhka-probkovaya-10-metrov-2-mm', 'Подложка пробковая 10 метров , 2 мм', NULL, '<p><br data-mce-bogus=\"1\"></p>', 0, '2020-10-16 12:08:16', '2020-10-16 12:08:16'),
(487, 'laminat/signature', 'Signature', NULL, '<h1>Signature<br></h1>', 1, '2020-11-10 14:29:58', '2020-11-10 14:33:55'),
(488, 'plintus/laminirovanniy-plintus-quick-step-dub-tepliy-naturalniy-brashirovanniy-sig4762', 'Ламинированный плинтус Quick Step Дуб теплый натуральный брашированный SIG4762', NULL, '<p><br data-mce-bogus=\"1\"></p>', 0, '2020-11-10 15:07:09', '2020-11-10 15:07:09'),
(489, 'laminat/signature/laminat-quick-step-signature-dub-tepliy-naturalniy-brashirovanniy-sig4762', 'Ламинат Quick Step Signature Дуб теплый натуральный брашированный SIG4762', NULL, '<p><br data-mce-bogus=\"1\"></p>', 1, '2020-11-10 15:18:29', '2020-11-10 15:18:29'),
(490, 'laminat/signature/laminat-quick-step-signature-dub-svetliy-lakirovanniy-sig4759', 'Ламинат Quick Step Signature Дуб светлый лакированный SIG4759', NULL, '<p><br data-mce-bogus=\"1\"></p>', 1, '2020-11-10 18:33:41', '2020-11-10 18:33:41'),
(491, 'plintus/laminirovanniy-plintus-quick-step', 'Ламинированный плинтус Quick Step', NULL, '<p><br data-mce-bogus=\"1\"></p>', 0, '2020-11-10 21:57:23', '2020-11-10 21:57:23'),
(492, 'laminat/signature/laminat-quick-step-signature-dub-beliy-premium-sig4757', 'Ламинат Quick Step Signature Дуб белый премиум SIG4757', NULL, '<p><br data-mce-bogus=\"1\"></p>', 1, '2020-11-10 22:09:49', '2020-11-10 22:09:49'),
(493, 'plintus/laminirovanniy-plintus-quick-step-dub-beliy-premium-sig4757', 'Ламинированный плинтус Quick Step Дуб белый премиум SIG4757', NULL, '<p><br data-mce-bogus=\"1\"></p>', 0, '2020-11-10 22:16:54', '2020-11-10 22:16:54'),
(494, 'laminat/signature/laminat-quick-step-signature-dub-bezheviy-brashirovanniy-sig4764', 'Ламинат Quick Step Signature Дуб бежевый брашированный SIG4764', NULL, '<p><br data-mce-bogus=\"1\"></p>', 1, '2020-11-10 22:24:50', '2020-11-10 22:24:50'),
(495, 'plintus/laminirovanniy-plintus-quick-step-dub-bezheviy-brashirovanniy-sig4764', 'Ламинированный плинтус Quick Step Дуб бежевый брашированный SIG4764', NULL, '<p><br data-mce-bogus=\"1\"></p>', 0, '2020-11-10 22:27:10', '2020-11-10 22:27:10'),
(496, 'laminat/signature/laminat-quick-step-signature-dub-bezheviy-lakirovanniy-sig4750', 'Ламинат Quick Step Signature Дуб бежевый лакированный SIG4750', NULL, '<p><br data-mce-bogus=\"1\"></p>', 1, '2020-11-10 22:36:05', '2020-11-10 22:36:05'),
(497, 'plintus/laminirovanniy-plintus-quick-step-dub-bezheviy-lakirovanniy-sig4750', 'Ламинированный плинтус Quick Step Дуб бежевый лакированный SIG4750', NULL, '<p><br data-mce-bogus=\"1\"></p>', 0, '2020-11-10 22:41:10', '2020-11-10 22:41:10'),
(498, 'laminat/signature/laminat-quick-step-signature-dub-naturalniy-brashirovanniy-sig4763', 'Ламинат Quick Step Signature Дуб натуральный брашированный SIG4763', NULL, '<p><br data-mce-bogus=\"1\"></p>', 1, '2020-11-10 22:52:30', '2020-11-10 22:52:30'),
(499, 'plintus/laminirovanniy-plintus-quick-step-dub-naturalniy-brashirovanniy-sig4763', 'Ламинированный плинтус Quick Step Дуб натуральный брашированный SIG4763', NULL, '<p><br data-mce-bogus=\"1\"></p>', 0, '2020-11-10 22:57:22', '2020-11-10 22:57:22'),
(500, 'laminat/signature/laminat-quick-step-signature-dub-svetliy-patina-sig4748', 'Ламинат Quick Step Signature Дуб светлый патина SIG4748', NULL, '<p><br data-mce-bogus=\"1\"></p>', 1, '2020-11-10 23:08:55', '2020-11-10 23:08:55'),
(501, 'plintus/laminirovanniy-plintus-quick-step-dub-svetliy-patina-sig4748', 'Ламинированный плинтус Quick Step Дуб светлый патина SIG4748', NULL, '<p><br data-mce-bogus=\"1\"></p>', 0, '2020-11-10 23:13:42', '2020-11-10 23:13:42'),
(502, 'laminat/signature/laminat-quick-step-signature-oreh-korichneviy-sig4761', 'Ламинат Quick Step Signature Орех коричневый SIG4761', NULL, '<p><br data-mce-bogus=\"1\"></p>', 1, '2020-11-10 23:27:51', '2020-11-10 23:27:51'),
(503, 'plintus/laminirovanniy-plintus-quick-step-oreh-korichneviy-sig4761', 'Ламинированный плинтус Quick Step Орех коричневый SIG4761', NULL, '<p><br data-mce-bogus=\"1\"></p>', 0, '2020-11-10 23:36:29', '2020-11-10 23:36:29'),
(504, 'laminat/signature/laminat-quick-step-signature-dub-potertiy-naturalniy-sig4767', 'Ламинат Quick Step Signature Дуб потертый натуральный SIG4767', NULL, '<p><br data-mce-bogus=\"1\"></p>', 1, '2020-11-10 23:59:46', '2020-11-10 23:59:47'),
(505, 'plintus/laminirovanniy-plintus-quick-step-dub-potertiy-naturalniy-sig4767', 'Ламинированный плинтус Quick Step Дуб потертый натуральный SIG4767', NULL, '<p><br data-mce-bogus=\"1\"></p>', 0, '2020-11-11 00:09:07', '2020-11-11 00:09:07'),
(506, 'laminat/signature/laminat-quick-step-signature-dub-beliy-krasheniy-sig4753', 'Ламинат Quick Step Signature Дуб белый крашеный SIG4753', NULL, '<p><br data-mce-bogus=\"1\"></p>', 1, '2020-11-11 00:18:35', '2020-11-11 00:18:35'),
(507, 'plintus/laminirovanniy-plintus-quick-step-dub-beliy-krasheniy-sig4753', 'Ламинированный плинтус Quick Step Дуб белый крашеный SIG4753', NULL, '<p><br data-mce-bogus=\"1\"></p>', 0, '2020-11-11 00:21:17', '2020-11-11 00:21:17'),
(508, 'laminat/signature/laminat-quick-step-signature-dub-seriy-brashirovanniy-sig4765', 'Ламинат Quick Step Signature Дуб серый брашированный SIG4765', NULL, '<p><br data-mce-bogus=\"1\"></p>', 1, '2020-11-11 00:33:51', '2020-11-11 00:33:51'),
(509, 'plintus/laminirovanniy-plintus-quick-step-dub-seriy-brashirovanniy-sig4765', 'Ламинированный плинтус Quick Step Дуб серый брашированный SIG4765', NULL, '<p><br data-mce-bogus=\"1\"></p>', 0, '2020-11-11 00:35:46', '2020-11-11 00:35:46'),
(510, 'plintus/laminirovanniy-plintus-quick-step-dub-korichneviy-brashirovanniy-sig4766', 'Ламинированный плинтус Quick Step Дуб коричневый брашированный SIG4766', NULL, '<p><br data-mce-bogus=\"1\"></p>', 0, '2020-11-11 00:43:21', '2020-11-11 00:43:21'),
(511, 'laminat/signature/laminat-quick-step-signature-dub-korichneviy-brashirovanniy-sig4766', 'Ламинат Quick Step Signature Дуб коричневый брашированный SIG4766', NULL, '<p><br data-mce-bogus=\"1\"></p>', 1, '2020-11-11 00:43:41', '2020-11-11 00:43:41'),
(512, 'laminat/signature/laminat-quick-step-signature-dub-korichneviy-patina-sig4751', 'Ламинат Quick Step Signature Дуб коричневый патина SIG4751', NULL, '<p><br data-mce-bogus=\"1\"></p>', 1, '2020-11-11 00:54:16', '2020-11-11 00:54:16'),
(513, 'plintus/laminirovanniy-plintus-quick-step-dub-korichneviy-patina-sig4751', 'Ламинированный плинтус Quick Step Дуб коричневый патина SIG4751', NULL, '<p><br data-mce-bogus=\"1\"></p>', 0, '2020-11-11 00:56:19', '2020-11-11 00:56:19'),
(514, 'laminat/signature/laminat-quick-step-signature-dub-seriy-patina-sig4752', 'Ламинат Quick Step Signature Дуб серый патина SIG4752', NULL, '<p><br data-mce-bogus=\"1\"></p>', 1, '2020-11-11 01:02:13', '2020-11-11 01:02:13'),
(515, 'plintus/laminirovanniy-plintus-quick-step-dub-seriy-patina-sig4752', 'Ламинированный плинтус Quick Step Дуб серый патина SIG4752', NULL, '<p><br data-mce-bogus=\"1\"></p>', 0, '2020-11-11 01:04:04', '2020-11-11 01:04:04'),
(516, 'laminat/signature/laminat-quick-step-signature-dub-korichneviy-voshheniy-sig4756', 'Ламинат Quick Step Signature Дуб коричневый вощеный SIG4756', NULL, '<p><br data-mce-bogus=\"1\"></p>', 1, '2020-11-11 01:08:06', '2020-11-11 01:08:06'),
(517, 'plintus/laminirovanniy-plintus-quick-step-dub-korichneviy-voshheniy-sig4756', 'Ламинированный плинтус Quick Step Дуб коричневый вощеный SIG4756', NULL, '<p><br data-mce-bogus=\"1\"></p>', 0, '2020-11-11 01:09:42', '2020-11-11 01:09:42'),
(518, 'laminat/signature/laminat-quick-step-signature-dub-rozoviy-krasheniy-sig4754', 'Ламинат Quick Step Signature Дуб розовый крашеный SIG4754', NULL, '<p><br data-mce-bogus=\"1\"></p>', 1, '2020-11-11 01:17:39', '2020-11-11 01:17:39'),
(519, 'plintus/laminirovanniy-plintus-quick-step-dub-rozoviy-krasheniy-sig4754', 'Ламинированный плинтус Quick Step Дуб розовый крашеный SIG4754', NULL, '<p><br data-mce-bogus=\"1\"></p>', 0, '2020-11-11 01:19:30', '2020-11-11 01:19:30'),
(520, 'laminat/castle', 'Castle', NULL, '<h1>Castle<br></h1>', 1, '2020-11-11 12:15:14', '2020-11-11 12:15:14'),
(521, 'laminat/castle/laminat-quick-step-castle-dub-kapuchino-ca4160', 'Ламинат Quick Step Castle Дуб капучино CA4160', NULL, '<p><br data-mce-bogus=\"1\"></p>', 1, '2020-11-11 13:57:45', '2020-11-11 13:57:45'),
(522, 'plintus/laminirovanniy-plintus-quick-step-dub-kapuchino-ca4160', 'Ламинированный плинтус Quick Step Дуб капучино CA4160', NULL, '<p><br data-mce-bogus=\"1\"></p>', 0, '2020-11-11 14:01:44', '2020-11-11 14:01:44'),
(523, 'laminat/castle/laminat-quick-step-castle-dub-pepelniy-ca4159', 'Ламинат Quick Step Castle Дуб пепельный CA4159', NULL, '<p><br data-mce-bogus=\"1\"></p>', 1, '2020-11-11 14:06:05', '2020-11-11 14:06:05'),
(524, 'plintus/laminirovanniy-plintus-quick-step-dub-pepelniy-ca4159', 'Ламинированный плинтус Quick Step Дуб пепельный CA4159', NULL, '<p><br data-mce-bogus=\"1\"></p>', 0, '2020-11-11 14:07:26', '2020-11-11 14:07:26'),
(525, 'laminat/castle/laminat-quick-step-castle-dub-gorchichniy-ca4162', 'Ламинат Quick Step Castle Дуб горчичный CA4162', NULL, '<p><br data-mce-bogus=\"1\"></p>', 1, '2020-11-11 14:13:13', '2020-11-11 14:13:13'),
(526, 'plintus/laminirovanniy-plintus-quick-step-dub-gorchichniy-ca4162', 'Ламинированный плинтус Quick Step Дуб горчичный CA4162', NULL, '<p><br data-mce-bogus=\"1\"></p>', 0, '2020-11-11 14:14:29', '2020-11-11 14:14:29'),
(527, 'laminat/castle/laminat-quick-step-castle-dub-anglijskiy-naturalniy-ca4161', 'Ламинат Quick Step Castle Дуб английский натуральный CA4161', NULL, '<p><br data-mce-bogus=\"1\"></p>', 1, '2020-11-11 14:18:45', '2020-11-11 14:18:45'),
(528, 'plintus/laminirovanniy-plintus-quick-step-dub-anglijskiy-naturalniy-ca4161', 'Ламинированный плинтус Quick Step Дуб английский натуральный CA4161', NULL, '<p><br data-mce-bogus=\"1\"></p>', 0, '2020-11-11 14:20:12', '2020-11-11 14:20:12'),
(529, 'laminat/castle/laminat-quick-step-castle-dub-svetlo-seriy-patina-ca4158', 'Ламинат Quick Step Castle Дуб светло-серый патина CA4158', NULL, '<p><br data-mce-bogus=\"1\"></p>', 1, '2020-11-11 14:24:35', '2020-11-11 14:24:35'),
(530, 'plintus/laminirovanniy-plintus-quick-step-dub-svetlo-seriy-patina-ca4158', 'Ламинированный плинтус Quick Step Дуб светло-серый патина CA4158', NULL, '<p><br data-mce-bogus=\"1\"></p>', 0, '2020-11-11 14:25:59', '2020-11-11 14:25:59'),
(531, 'laminat/classic', 'Classic', NULL, '<h1>Classic</h1>', 1, '2020-11-11 16:03:24', '2020-11-11 16:03:24'),
(532, 'laminat/classic/laminat-quick-step-classic-clm1655-kubinskiy-dub', 'Ламинат Quick Step Classic CLM1655 Кубинский дуб', NULL, '<p><br data-mce-bogus=\"1\"></p>', 1, '2020-11-11 17:09:01', '2020-11-11 17:09:01'),
(533, 'plintus/laminirovanniy-plintus-quick-step-classic-clm1655-kubinskiy-dub', 'Ламинированный плинтус Quick Step Classic CLM1655 Кубинский дуб', NULL, '<p><br data-mce-bogus=\"1\"></p>', 0, '2020-11-11 17:13:09', '2020-11-11 17:13:09'),
(534, 'laminat/classic/laminat-quick-step-classic-clm1658-lunniy-dub-natur', 'Ламинат Quick Step Classic CLM1658 Лунный дуб натур', NULL, '<p><br data-mce-bogus=\"1\"></p>', 1, '2020-11-11 17:19:44', '2020-11-11 17:19:44'),
(535, 'plintus/laminirovanniy-plintus-quick-step-clm1658-lunniy-dub-natur', 'Ламинированный плинтус Quick Step CLM1658 Лунный дуб натур', NULL, '<p><br data-mce-bogus=\"1\"></p>', 0, '2020-11-11 17:22:33', '2020-11-11 17:22:33'),
(536, 'laminat/classic/laminat-quick-step-classic-cl1382-dub-starinniy-seriy', 'Ламинат Quick Step Classic CL1382 Дуб Старинный Серый', NULL, '<p><br data-mce-bogus=\"1\"></p>', 1, '2020-11-11 17:27:10', '2020-11-11 17:27:10'),
(537, 'plintus/laminirovanniy-plintus-quick-step-cl1382-dub-starinniy-seriy', 'Ламинированный плинтус Quick Step CL1382 Дуб Старинный Серый', NULL, '<p><br data-mce-bogus=\"1\"></p>', 0, '2020-11-11 17:29:04', '2020-11-11 17:29:04'),
(538, 'plintus/laminirovanniy-plintus-quick-step-clm1405-dub-starinniy-svetlo-seriy', 'Ламинированный плинтус Quick Step CLM1405 Дуб старинный светло-серый', NULL, '<p><br data-mce-bogus=\"1\"></p>', 0, '2020-11-11 17:36:45', '2020-11-11 17:36:45'),
(539, 'laminat/classic/laminat-quick-step-classic-clm1405-dub-starinniy-svetlo-seriy', 'Ламинат Quick Step Classic CLM1405 Дуб старинный светло-серый', NULL, '<p><br data-mce-bogus=\"1\"></p>', 1, '2020-11-11 17:37:01', '2020-11-11 17:37:01'),
(540, 'plintus/laminirovanniy-plintus-quick-step-clm1383-dub-starinniy-tyomniy', 'Ламинированный плинтус Quick Step CLM1383 Дуб Старинный Тёмный', NULL, '<p><br data-mce-bogus=\"1\"></p>', 0, '2020-11-11 18:21:54', '2020-11-11 18:21:54'),
(541, 'laminat/classic/laminat-quick-step-classic-clm1383-dub-starinniy-tyomniy', 'Ламинат Quick Step Classic CLM1383 Дуб Старинный Тёмный', NULL, '<p><br data-mce-bogus=\"1\"></p>', 1, '2020-11-11 18:22:36', '2020-11-11 18:22:36'),
(542, 'laminat/classic/laminat-quick-step-classic-clm1381-dub-starinniy-naturalniy', 'Ламинат Quick Step Classic CLM1381 Дуб Старинный Натуральный', NULL, '<p><br data-mce-bogus=\"1\"></p>', 1, '2020-11-11 18:37:50', '2020-11-11 18:37:50'),
(543, 'plintus/laminirovanniy-plintus-quick-step-clm1381-dub-starinniy-naturalniy', 'Ламинированный плинтус Quick Step CLM1381 Дуб Старинный Натуральный', NULL, '<p><br data-mce-bogus=\"1\"></p>', 0, '2020-11-11 18:43:38', '2020-11-11 18:43:38'),
(544, 'laminat/classic/laminat-quick-step-classic-clv4093-dub-bezheviy-premium', 'Ламинат Quick Step Classic CLV4093 Дуб Бежевый Премиум', NULL, '<p><br data-mce-bogus=\"1\"></p>', 1, '2020-11-11 19:12:57', '2020-11-11 19:12:57'),
(545, 'plintus/laminirovanniy-plintus-quick-step-clv4093-dub-bezheviy-premium', 'Ламинированный плинтус Quick Step CLV4093 Дуб Бежевый Премиум', NULL, '<p><br data-mce-bogus=\"1\"></p>', 0, '2020-11-11 19:15:59', '2020-11-11 19:15:59'),
(546, 'laminat/classic/laminat-quick-step-classic-clv4095-dub-tyopliy-naturalniy-premium', 'Ламинат Quick Step Classic CLV4095 Дуб Тёплый Натуральный Премиум', NULL, '<p><br data-mce-bogus=\"1\"></p>', 1, '2020-11-11 19:26:00', '2020-11-11 19:26:00'),
(547, 'plintus/laminirovanniy-plintus-quick-step-clv4095-dub-tyopliy-naturalniy-premium', 'Ламинированный плинтус Quick Step CLV4095 Дуб Тёплый Натуральный Премиум', NULL, '<p><br data-mce-bogus=\"1\"></p>', 0, '2020-11-11 19:29:50', '2020-11-11 19:29:50'),
(548, 'laminat/classic/laminat-quick-step-classic-clv4087-dub-beliy-otbelenniy', 'Ламинат Quick Step Classic CLV4087 Дуб Белый Отбеленный', NULL, '<p><br data-mce-bogus=\"1\"></p>', 1, '2020-11-11 19:40:58', '2020-11-11 19:40:58'),
(549, 'plintus/laminirovanniy-plintus-quick-step-clv4087-dub-beliy-otbelenniy', 'Ламинированный плинтус Quick Step CLV4087 Дуб Белый Отбеленный', NULL, '<p><br data-mce-bogus=\"1\"></p>', 0, '2020-11-11 19:44:23', '2020-11-11 19:44:23'),
(550, 'plintus/laminirovanniy-plintus-quick-step-clv4085-dub-naturalniy-rustikalniy', 'Ламинированный плинтус Quick Step CLV4085 Дуб Натуральный Рустикальный', NULL, '<p><br data-mce-bogus=\"1\"></p>', 0, '2020-11-11 19:50:34', '2020-11-11 19:50:34'),
(551, 'laminat/classic/laminat-quick-step-classic-clv4085-dub-naturalniy-rustikalniy', 'Ламинат Quick Step Classic CLV4085 Дуб Натуральный Рустикальный', NULL, '<p><br data-mce-bogus=\"1\"></p>', 1, '2020-11-11 19:50:47', '2020-11-11 19:50:47'),
(552, 'laminat/classic/laminat-quick-step-classic-clv4094-dub-svetliy-naturalniy-premium', 'Ламинат Quick Step Classic CLV4094 Дуб Светлый Натуральный Премиум', NULL, '<p><br data-mce-bogus=\"1\"></p>', 1, '2020-11-11 19:54:39', '2020-11-11 19:54:39'),
(553, 'plintus/laminirovanniy-plintus-quick-step-clv4094-dub-svetliy-naturalniy-premium', 'Ламинированный плинтус Quick Step CLV4094 Дуб Светлый Натуральный Премиум', NULL, '<p><br data-mce-bogus=\"1\"></p>', 0, '2020-11-11 19:56:12', '2020-11-11 19:56:12'),
(554, 'laminat/classic/laminat-quick-step-classic-clv4088-dub-bezheviy-otbelenniy', 'Ламинат Quick Step Classic CLV4088 Дуб Бежевый Отбеленный', NULL, '<p><br data-mce-bogus=\"1\"></p>', 1, '2020-11-11 20:00:35', '2020-11-11 20:00:35'),
(555, 'plintus/laminirovanniy-plintus-quick-step-clv4088-dub-bezheviy-otbelenniy', 'Ламинированный плинтус Quick Step CLV4088 Дуб Бежевый Отбеленный', NULL, '<p><br data-mce-bogus=\"1\"></p>', 0, '2020-11-11 20:02:20', '2020-11-11 20:02:20'),
(556, 'laminat/classic/laminat-quick-step-classic-clv4084-dub-bezheviy-rustikalniy', 'Ламинат Quick Step Classic CLV4084 Дуб Бежевый Рустикальный', NULL, '<p><br data-mce-bogus=\"1\"></p>', 1, '2020-11-11 20:07:06', '2020-11-11 20:07:06'),
(557, 'plintus/laminirovanniy-plintus-quick-step-clv4084-dub-bezheviy-rustikalniy', 'Ламинированный плинтус Quick Step CLV4084 Дуб Бежевый Рустикальный', NULL, '<p><br data-mce-bogus=\"1\"></p>', 0, '2020-11-11 20:11:15', '2020-11-11 20:11:15'),
(558, 'laminat/classic/laminat-quick-step-classic-clv4089-dub-naturalniy-otbelenniy', 'Ламинат Quick Step Classic CLV4089 Дуб Натуральный Отбеленный', NULL, '<p><br data-mce-bogus=\"1\"></p>', 1, '2020-11-11 20:14:52', '2020-11-11 20:14:52'),
(559, 'plintus/laminirovanniy-plintus-quick-step-clv4089-dub-naturalniy-otbelenniy', 'Ламинированный плинтус Quick Step CLV4089 Дуб Натуральный Отбеленный', NULL, '<p><br data-mce-bogus=\"1\"></p>', 0, '2020-11-11 20:16:10', '2020-11-11 20:16:10'),
(560, 'laminat/classic/laminat-quick-step-classic-clv4086-dub-shokoladniy-rustikalniy', 'Ламинат Quick Step Classic CLV4086 Дуб Шоколадный Рустикальный', NULL, '<p><br data-mce-bogus=\"1\"></p>', 1, '2020-11-11 20:22:07', '2020-11-11 20:22:07'),
(561, 'plintus/laminirovanniy-plintus-quick-step-clv4086-dub-shokoladniy-rustikalniy', 'Ламинированный плинтус Quick Step CLV4086 Дуб Шоколадный Рустикальный', NULL, '<p><br data-mce-bogus=\"1\"></p>', 0, '2020-11-11 20:24:39', '2020-11-11 20:24:39'),
(562, 'laminat/classic/laminat-quick-step-classic-clv4092-dub-gorniy-tyomno-korichneviy', 'Ламинат Quick Step Classic CLV4092 Дуб Горный Тёмно-Коричневый', NULL, '<p><br data-mce-bogus=\"1\"></p>', 1, '2020-11-11 20:28:17', '2020-11-11 20:28:17'),
(563, 'plintus/laminirovanniy-plintus-quick-step-clv4092-dub-gorniy-tyomno-korichneviy', 'Ламинированный плинтус Quick Step CLV4092 Дуб Горный Тёмно-Коричневый', NULL, '<p><br data-mce-bogus=\"1\"></p>', 0, '2020-11-11 20:30:32', '2020-11-11 20:30:32'),
(564, 'laminat/classic/laminat-quick-step-classic-clv4091-dub-gorniy-korichneviy', 'Ламинат Quick Step Classic CLV4091 Дуб Горный Коричневый', NULL, '<p><br data-mce-bogus=\"1\"></p>', 1, '2020-11-11 22:02:12', '2020-11-11 22:02:12'),
(565, 'plintus/laminirovanniy-plintus-quick-step-clv4091-dub-gorniy-korichneviy', 'Ламинированный плинтус Quick Step CLV4091 Дуб Горный Коричневый', NULL, '<p><br data-mce-bogus=\"1\"></p>', 0, '2020-11-11 22:04:49', '2020-11-11 22:04:49'),
(566, 'laminat/classic/laminat-quick-step-classic-clv4090-dub-gorniy-krasniy', 'Ламинат Quick Step Classic CLV4090 Дуб Горный Красный', NULL, '<p><br data-mce-bogus=\"1\"></p>', 1, '2020-11-11 22:16:08', '2020-11-11 22:16:08'),
(567, 'plintus/laminirovanniy-plintus-quick-step-clv4090-dub-gorniy-krasniy', 'Ламинированный плинтус Quick Step CLV4090 Дуб Горный Красный', NULL, '<p><br data-mce-bogus=\"1\"></p>', 0, '2020-11-11 22:18:21', '2020-11-11 22:18:21'),
(568, 'laminat/desire', 'Desire', NULL, '<h1>Desire</h1>', 1, '2020-11-12 11:11:55', '2020-11-12 11:11:55'),
(569, 'laminat/desire/laminat-quick-step-desire-dub-svetlo-seriy-serebristiy-uc3464', 'Ламинат Quick Step Desire Дуб Серый Серебристый UC3464', NULL, '<p><br data-mce-bogus=\"1\"></p>', 1, '2020-11-12 23:16:33', '2020-11-12 23:16:33'),
(570, 'plintus/laminirovanniy-plintus-quick-step-dub-svetlo-seriy-serebristiy-uc3464', 'Ламинированный плинтус Quick Step Дуб Серый Серебристый UC3464', NULL, '<p><br data-mce-bogus=\"1\"></p>', 0, '2020-11-12 23:20:13', '2020-11-12 23:20:13'),
(571, 'laminat/desire/laminat-quick-step-desire-dub-seriy-serebristiy-uc3464', 'Ламинат Quick Step Desire Дуб Серый Серебристый UC3464', NULL, '<p><br data-mce-bogus=\"1\"></p>', 1, '2020-11-12 23:55:48', '2020-11-12 23:55:48'),
(572, 'plintus/laminirovanniy-plintus-quick-step-dub-seriy-serebristiy-uc3464', 'Ламинированный плинтус Quick Step Дуб Серый Серебристый UC3464', NULL, '<p><br data-mce-bogus=\"1\"></p>', 0, '2020-11-13 00:13:11', '2020-11-13 00:13:11'),
(573, 'laminat/desire/laminat-quick-step-desire-dub-svetlo-seriy-zolotistiy-uc3463', 'Ламинат Quick Step Desire Дуб Светло-Серый Золотистый UC3463', NULL, '<p><br data-mce-bogus=\"1\"></p>', 1, '2020-11-13 00:15:42', '2020-11-13 00:15:42'),
(574, 'plintus/laminirovann-plintus-quick-step-dub-svetlo-seriy-zolotistiy-uc3463', 'Ламинированный плинтус Quick Step Дуб Светло-Серый Золотистый UC3463', NULL, '<p><br data-mce-bogus=\"1\"></p>', 0, '2020-11-13 00:17:10', '2020-11-13 00:17:10'),
(575, 'laminat/desire/laminat-quick-step-desire-dub-naturalniy-zolotistiy-uc3465', 'Ламинат Quick Step Desire Дуб Натуральный Золотистый UC3465', NULL, '<p><br data-mce-bogus=\"1\"></p>', 1, '2020-11-13 00:20:17', '2020-11-13 00:20:17'),
(576, 'plintus/laminirovanniy-plintus-quick-step-dub-naturalniy-zolotistiy-uc3465', 'Ламинированный плинтус Quick Step Дуб Натуральный Золотистый UC3465', NULL, '<p><br data-mce-bogus=\"1\"></p>', 0, '2020-11-13 00:22:26', '2020-11-13 00:22:26'),
(577, 'laminat/eligna', 'Eligna', NULL, '<h1>Eligna</h1>', 1, '2020-11-13 11:50:53', '2020-11-13 11:50:53'),
(578, 'laminat/eligna/laminat-quick-step-eligna-u3831-dub-italyanskiy-svetlo-seriy', 'Ламинат Quick Step Eligna U3831 Дуб Итальянский Светло-Серый', NULL, '<p><br data-mce-bogus=\"1\"></p>', 1, '2020-11-13 12:11:04', '2020-11-13 12:11:04'),
(579, 'plintus/laminirovanniy-plintus-quick-step-u3831-dub-italyanskiy-svetlo-seriy', 'Ламинированный плинтус Quick Step U3831 Дуб Итальянский Светло-Серый', NULL, '<p><br data-mce-bogus=\"1\"></p>', 0, '2020-11-13 12:13:49', '2020-11-13 12:13:49'),
(580, 'laminat/eligna/laminat-quick-step-eligna-u3459-dub-tyopliy-seriy', 'Ламинат Quick Step Eligna U3459 Дуб Тёплый Серый', NULL, '<p><br data-mce-bogus=\"1\"></p>', 1, '2020-11-13 17:21:47', '2020-11-13 17:21:47'),
(581, 'plintus/laminirovanniy-plintus-quick-step-dub-tepliy-seriy-promaslenniy-qssk03459', 'Ламинированный плинтус Quick Step Дуб теплый серый промасленный QSSK03459', NULL, '<p><br data-mce-bogus=\"1\"></p>', 0, '2020-11-13 17:24:57', '2020-11-13 17:24:57'),
(582, 'laminat/eligna/laminat-quick-step-eligna-u915-dub-beliy-lakirovanniy', 'Ламинат Quick Step Eligna U915 Дуб Белый Лакированный', NULL, '<p><br data-mce-bogus=\"1\"></p>', 1, '2020-11-13 17:31:42', '2020-11-13 17:31:42'),
(583, 'plintus/laminirovanniy-plintus-quick-step-doska-belogo-duba-lakirovannaya-qssk00915', 'Ламинированный плинтус Quick Step Доска белого дуба лакированная QSSK00915', NULL, '<p><br data-mce-bogus=\"1\"></p>', 0, '2020-11-13 17:34:43', '2020-11-13 17:34:43'),
(584, 'laminat/eligna/laminat-quick-step-eligna-u3457-dub-svetliy-natur', 'Ламинат Quick Step Eligna U3457 Дуб Светлый Натур', NULL, '<p><br data-mce-bogus=\"1\"></p>', 1, '2020-11-13 17:38:55', '2020-11-13 17:38:55'),
(585, 'plintus/laminirovanniy-plintus-quick-step-dub-svetliy-naturalniy-promaslenniy-qssk03457', 'Ламинированный плинтус Quick Step Дуб светлый натуральный промасленный QSSK03457', NULL, '<p><br data-mce-bogus=\"1\"></p>', 0, '2020-11-13 17:40:46', '2020-11-13 17:40:46'),
(586, 'laminat/eligna/laminat-quick-step-eligna-u3461-dub-shokoladniy-promaslenniy', 'Ламинат Quick Step Eligna U3461 Дуб Шоколадный Промасленный', NULL, '<p><br data-mce-bogus=\"1\"></p>', 1, '2020-11-13 17:55:57', '2020-11-13 17:55:57'),
(587, 'plintus/laminirovanniy-plintus-quick-step-dub-shokoladniy-promaslenniy-qssk03461', 'Ламинированный плинтус Quick Step Дуб шоколадный промасленный QSSK03461', NULL, '<p><br data-mce-bogus=\"1\"></p>', 0, '2020-11-13 17:57:39', '2020-11-13 17:57:39'),
(588, 'laminat/eligna/laminat-quick-step-eligna-u3458-dub-tyopliy-naturalniy', 'Ламинат Quick Step Eligna U3458 Дуб Тёплый Натуральный', NULL, '<p><br data-mce-bogus=\"1\"></p>', 1, '2020-11-13 18:01:58', '2020-11-13 18:01:58'),
(589, 'plintus/laminirovanniy-plintus-quick-step-dub-tepliy-naturalniy-promaslenniy-qssk03458', 'Ламинированный плинтус Quick Step Дуб теплый натуральный промасленный QSSK03458', NULL, '<p><br data-mce-bogus=\"1\"></p>', 0, '2020-11-13 18:03:51', '2020-11-13 18:03:51'),
(590, 'laminat/eligna/laminat-quick-step-eligna-u3832-dub-italyanskiy-bezheviy', 'Ламинат Quick Step Eligna U3832 Дуб Итальянский Бежевый', NULL, '<p><br data-mce-bogus=\"1\"></p>', 1, '2020-11-13 18:13:36', '2020-11-13 18:13:36'),
(591, 'plintus/laminirovanniy-plintus-quick-step-dub-italyanskiy-bezheviy-qssk03574', 'Ламинированный плинтус Quick Step Дуб итальянский бежевый QSSK03574', NULL, '<p><br data-mce-bogus=\"1\"></p>', 0, '2020-11-13 18:14:30', '2020-11-13 18:14:30'),
(592, 'laminat/eligna/laminat-quick-step-eligna-u1300-venge-intensivniy', 'Ламинат Quick Step Eligna U1300 Венге интенсивный', NULL, '<p><br data-mce-bogus=\"1\"></p>', 1, '2020-11-13 18:20:49', '2020-11-13 18:20:49'),
(593, 'plintus/laminirovanniy-plintus-quick-step-venge-intensivniy-qssk01300', 'Ламинированный плинтус Quick Step Венге интенсивный QSSK01300', NULL, '<p><br data-mce-bogus=\"1\"></p>', 0, '2020-11-13 18:22:12', '2020-11-13 18:22:12'),
(594, 'laminat/eligna/laminat-quick-step-eligna-u896-dub-naturalniy-lakirovanniy', 'Ламинат Quick Step Eligna U896 Дуб Натуральный Лакированный', NULL, '<p><br data-mce-bogus=\"1\"></p>', 1, '2020-11-13 18:28:08', '2020-11-13 18:28:08'),
(595, 'plintus/laminirovanniy-plintus-quick-step-doska-naturalnogo-duba-lakirovannaya-qssk00896', 'Ламинированный плинтус Quick Step Доска натурального дуба лакированная QSSK00896', NULL, '<p><br data-mce-bogus=\"1\"></p>', 0, '2020-11-13 18:29:56', '2020-11-13 18:29:56'),
(596, 'laminat/eligna/laminat-quick-step-eligna-doska-orehovaya-promaslennaya-u1043', 'Ламинат Quick Step Eligna Доска ореховая промасленная U1043', NULL, '<p><br data-mce-bogus=\"1\"></p>', 1, '2020-11-13 19:04:10', '2020-11-13 19:04:10'),
(597, 'plintus/laminirovanniy-plintus-quick-step-doska-orehovaya-promaslennaya-qssk01043', 'Ламинированный плинтус Quick Step Доска ореховая промасленная QSSK01043', NULL, '<p><br data-mce-bogus=\"1\"></p>', 0, '2020-11-13 19:06:57', '2020-11-13 19:06:57'),
(598, 'laminat/eligna/laminat-quick-step-eligna-u3833-dub-izyskanniy-tyomniy', 'Ламинат Quick Step Eligna U3833 Дуб Изысканный Тёмный', NULL, '<p><br data-mce-bogus=\"1\"></p>', 1, '2020-11-13 20:33:32', '2020-11-13 20:33:32'),
(599, 'plintus/laminirovanniy-plintus-quick-step-dub-dub-izyskanniy-temniy-qssk03581', 'Ламинированный плинтус Quick Step Дуб Дуб изысканный темный QSSK03581', NULL, '<p><br data-mce-bogus=\"1\"></p>', 0, '2020-11-13 21:20:56', '2020-11-13 21:20:56'),
(600, 'laminat/eligna/laminat-quick-step-eligna-u3576-dub-starinniy-bezheviy', 'Ламинат Quick Step Eligna U3576 Дуб Старинный Бежевый', NULL, '<p><br data-mce-bogus=\"1\"></p>', 1, '2020-11-13 21:50:58', '2020-11-13 21:50:58'),
(601, 'plintus/laminirovanniy-plintus-quick-step-dub-starinniy-bezheviy-qssk03576', 'Ламинированный плинтус Quick Step Дуб старинный бежевый QSSK03576', NULL, '<p><br data-mce-bogus=\"1\"></p>', 0, '2020-11-13 23:10:02', '2020-11-13 23:10:02'),
(602, 'laminat/eligna/laminat-quick-step-eligna-u3460-dub-tyomno-korichneviy-promaslenniy', 'Ламинат Quick Step Eligna U3460 Дуб Тёмно-Коричневый Промасленный', NULL, '<p><br data-mce-bogus=\"1\"></p>', 1, '2020-11-13 23:13:55', '2020-11-13 23:13:55'),
(603, 'plintus/laminirovanniy-plintus-quick-step-dub-temno-korichneviy-promaslenniy-qssk03460', 'Ламинированный плинтус Quick Step Дуб темно-коричневый промасленный QSSK03460', NULL, '<p><br data-mce-bogus=\"1\"></p>', 0, '2020-11-13 23:15:57', '2020-11-13 23:15:57'),
(604, 'laminat/eligna/laminat-quick-step-eligna-u1000-venge', 'Ламинат Quick Step Eligna U1000 Венге', NULL, '<p><br data-mce-bogus=\"1\"></p>', 1, '2020-11-13 23:55:24', '2020-11-13 23:55:24'),
(605, 'plintus/laminirovanniy-plintus-quick-step-doska-venge-qssk01000', 'Ламинированный плинтус Quick Step Доска венге QSSK01000', NULL, '<p><br data-mce-bogus=\"1\"></p>', 0, '2020-11-13 23:56:45', '2020-11-13 23:56:45'),
(606, 'laminat/eligna/laminat-quick-step-eligna-u3578-dub-prirodniy-naturalniy', 'Ламинат Quick Step Eligna U3578 Дуб Природный Натуральный', NULL, '<p><br data-mce-bogus=\"1\"></p>', 1, '2020-11-14 00:04:34', '2020-11-14 00:04:34'),
(607, 'plintus/laminirovanniy-plintus-quick-step-dub-prirodniy-naturalniy-qssk03578', 'Ламинированный плинтус Quick Step Дуб природный натуральный QSSK03578', NULL, '<p><br data-mce-bogus=\"1\"></p>', 0, '2020-11-14 00:07:37', '2020-11-14 00:07:37'),
(608, 'laminat/eligna/laminat-quick-step-eligna-u1235-sosna-belaya-zatertaya', 'Ламинат Quick Step Eligna U1235 Сосна белая затертая', NULL, '<p><br data-mce-bogus=\"1\"></p>', 1, '2020-11-14 00:11:15', '2020-11-14 00:11:15'),
(609, 'plintus/laminirovanniy-plintus-quick-step-sosna-belaya-zatertaya-qssk01235', 'Ламинированный плинтус Quick Step Сосна белая затертая QSSK01235', NULL, '<p><br data-mce-bogus=\"1\"></p>', 0, '2020-11-14 00:13:39', '2020-11-14 00:13:39'),
(610, 'laminat/impressive', 'Impressive', NULL, '<h1>Impressive<br></h1>', 1, '2020-11-16 23:48:29', '2020-11-16 23:48:29');

-- --------------------------------------------------------

--
-- Структура таблицы `page_parameters`
--

CREATE TABLE `page_parameters` (
  `page_id` int(10) UNSIGNED NOT NULL,
  `parameterizable_id` int(10) UNSIGNED NOT NULL,
  `parameterizable_type` varchar(50) COLLATE utf8mb4_unicode_ci NOT NULL
) ENGINE=InnoDB DEFAULT CHARSET=utf8mb4 COLLATE=utf8mb4_unicode_ci;

-- --------------------------------------------------------

--
-- Структура таблицы `page_routes`
--

CREATE TABLE `page_routes` (
  `route_id` int(10) UNSIGNED NOT NULL,
  `page_id` int(10) UNSIGNED NOT NULL
) ENGINE=InnoDB DEFAULT CHARSET=utf8mb4 COLLATE=utf8mb4_unicode_ci;

--
-- Дамп данных таблицы `page_routes`
--

INSERT INTO `page_routes` (`route_id`, `page_id`) VALUES
(1, 33),
(1, 34),
(1, 35),
(1, 36),
(1, 37),
(1, 44),
(1, 489),
(1, 490),
(1, 492),
(1, 494),
(1, 496),
(1, 498),
(1, 500),
(1, 502),
(1, 504),
(1, 506),
(1, 508),
(1, 511),
(1, 512),
(1, 514),
(1, 516),
(1, 518),
(1, 521),
(1, 523),
(1, 525),
(1, 527),
(1, 529),
(1, 532),
(1, 534),
(1, 536),
(1, 539),
(1, 541),
(1, 542),
(1, 544),
(1, 546),
(1, 548),
(1, 551),
(1, 552),
(1, 554),
(1, 556),
(1, 558),
(1, 560),
(1, 562),
(1, 564),
(1, 566),
(1, 569),
(1, 571),
(1, 573),
(1, 575),
(1, 578),
(1, 580),
(1, 582),
(1, 584),
(1, 586),
(1, 588),
(1, 590),
(1, 592),
(1, 594),
(1, 596),
(1, 598),
(1, 600),
(1, 602),
(1, 604),
(1, 606),
(1, 608),
(2, 29),
(2, 32),
(2, 487),
(2, 520),
(2, 531),
(2, 568),
(2, 577),
(2, 610),
(3, 1),
(4, 25),
(4, 26),
(4, 27),
(4, 28),
(5, 17),
(6, 24),
(8, 488),
(8, 491),
(8, 493),
(8, 495),
(8, 497),
(8, 499),
(8, 501),
(8, 503),
(8, 505),
(8, 507),
(8, 509),
(8, 510),
(8, 513),
(8, 515),
(8, 517),
(8, 519),
(8, 522),
(8, 524),
(8, 526),
(8, 528),
(8, 530),
(8, 533),
(8, 535),
(8, 537),
(8, 538),
(8, 540),
(8, 543),
(8, 545),
(8, 547),
(8, 549),
(8, 550),
(8, 553),
(8, 555),
(8, 557),
(8, 559),
(8, 561),
(8, 563),
(8, 565),
(8, 567),
(8, 570),
(8, 572),
(8, 574),
(8, 576),
(8, 579),
(8, 581),
(8, 583),
(8, 585),
(8, 587),
(8, 589),
(8, 591),
(8, 593),
(8, 595),
(8, 597),
(8, 599),
(8, 601),
(8, 603),
(8, 605),
(8, 607),
(8, 609);

-- --------------------------------------------------------

--
-- Структура таблицы `page_routes_old`
--

CREATE TABLE `page_routes_old` (
  `route_id` int(10) UNSIGNED NOT NULL,
  `page_id` int(10) UNSIGNED NOT NULL
) ENGINE=InnoDB DEFAULT CHARSET=utf8mb4 COLLATE=utf8mb4_unicode_ci;

--
-- Дамп данных таблицы `page_routes_old`
--

INSERT INTO `page_routes_old` (`route_id`, `page_id`) VALUES
(1, 4),
(1, 5),
(1, 18),
(1, 19),
(1, 20),
(1, 21),
(1, 22),
(1, 23),
(1, 33),
(1, 34),
(1, 35),
(1, 37),
(1, 44),
(1, 46),
(1, 48),
(1, 51),
(1, 53),
(1, 55),
(1, 57),
(1, 59),
(1, 61),
(1, 63),
(1, 65),
(1, 67),
(1, 69),
(1, 73),
(1, 75),
(1, 77),
(1, 79),
(1, 81),
(1, 83),
(1, 85),
(1, 87),
(1, 89),
(1, 91),
(1, 93),
(1, 95),
(1, 97),
(1, 99),
(1, 102),
(1, 103),
(1, 105),
(1, 107),
(1, 110),
(1, 112),
(1, 114),
(1, 116),
(1, 118),
(1, 120),
(1, 123),
(1, 124),
(1, 126),
(1, 128),
(1, 130),
(1, 132),
(1, 134),
(1, 136),
(1, 137),
(1, 139),
(1, 140),
(1, 141),
(1, 142),
(1, 143),
(1, 145),
(1, 147),
(1, 149),
(1, 151),
(1, 153),
(1, 155),
(1, 156),
(1, 159),
(1, 162),
(1, 163),
(1, 165),
(1, 167),
(1, 169),
(1, 171),
(1, 173),
(1, 175),
(1, 177),
(1, 178),
(1, 182),
(1, 184),
(1, 186),
(1, 188),
(1, 190),
(1, 192),
(1, 194),
(1, 196),
(1, 198),
(1, 200),
(1, 202),
(1, 204),
(1, 206),
(1, 208),
(1, 210),
(1, 212),
(1, 213),
(1, 217),
(1, 219),
(1, 221),
(1, 223),
(1, 226),
(1, 228),
(1, 230),
(1, 232),
(1, 234),
(1, 238),
(1, 240),
(1, 242),
(1, 244),
(1, 246),
(1, 248),
(1, 250),
(1, 251),
(1, 253),
(1, 255),
(1, 257),
(1, 258),
(1, 260),
(1, 262),
(1, 264),
(1, 266),
(1, 268),
(1, 270),
(1, 272),
(1, 274),
(1, 276),
(1, 278),
(1, 279),
(1, 281),
(1, 283),
(1, 285),
(1, 287),
(1, 289),
(1, 291),
(1, 293),
(1, 295),
(1, 297),
(1, 299),
(1, 301),
(1, 303),
(1, 305),
(1, 307),
(1, 309),
(1, 311),
(1, 313),
(1, 315),
(1, 317),
(1, 319),
(1, 321),
(1, 323),
(1, 325),
(1, 327),
(1, 329),
(1, 331),
(1, 333),
(1, 335),
(1, 337),
(1, 339),
(1, 341),
(1, 343),
(1, 345),
(1, 347),
(1, 348),
(1, 349),
(1, 350),
(1, 351),
(1, 352),
(1, 354),
(1, 356),
(1, 358),
(1, 359),
(1, 360),
(1, 361),
(1, 362),
(1, 363),
(1, 364),
(1, 365),
(1, 366),
(1, 367),
(1, 369),
(1, 370),
(1, 371),
(1, 372),
(1, 374),
(1, 375),
(1, 377),
(1, 379),
(1, 381),
(1, 383),
(1, 385),
(1, 387),
(1, 389),
(1, 391),
(1, 393),
(1, 395),
(1, 397),
(1, 399),
(1, 401),
(1, 403),
(1, 404),
(1, 405),
(1, 406),
(1, 408),
(1, 410),
(1, 412),
(1, 414),
(1, 416),
(1, 418),
(1, 419),
(1, 421),
(1, 423),
(1, 424),
(1, 426),
(1, 428),
(1, 430),
(1, 432),
(1, 435),
(1, 437),
(1, 439),
(1, 441),
(1, 443),
(1, 444),
(1, 446),
(1, 448),
(1, 450),
(1, 452),
(1, 454),
(1, 456),
(1, 458),
(1, 460),
(1, 462),
(1, 464),
(1, 466),
(1, 468),
(1, 470),
(1, 472),
(1, 474),
(1, 475),
(1, 477),
(1, 479),
(1, 480),
(1, 482),
(1, 484),
(1, 485),
(2, 2),
(2, 6),
(2, 7),
(2, 8),
(2, 10),
(2, 11),
(2, 12),
(2, 13),
(2, 14),
(2, 15),
(2, 16),
(2, 29),
(2, 32),
(2, 36),
(3, 1),
(4, 25),
(4, 26),
(4, 27),
(4, 28),
(5, 17),
(6, 24),
(8, 31),
(8, 38),
(8, 39),
(8, 40),
(8, 41),
(8, 42),
(8, 43),
(8, 45),
(8, 47),
(8, 50),
(8, 52),
(8, 54),
(8, 56),
(8, 58),
(8, 60),
(8, 62),
(8, 64),
(8, 66),
(8, 68),
(8, 70),
(8, 74),
(8, 76),
(8, 78),
(8, 80),
(8, 82),
(8, 84),
(8, 86),
(8, 88),
(8, 90),
(8, 92),
(8, 94),
(8, 96),
(8, 98),
(8, 100),
(8, 101),
(8, 104),
(8, 106),
(8, 111),
(8, 115),
(8, 117),
(8, 119),
(8, 122),
(8, 125),
(8, 127),
(8, 129),
(8, 131),
(8, 144),
(8, 146),
(8, 148),
(8, 150),
(8, 152),
(8, 154),
(8, 161),
(8, 164),
(8, 166),
(8, 168),
(8, 170),
(8, 172),
(8, 174),
(8, 176),
(8, 179),
(8, 180),
(8, 181),
(8, 183),
(8, 185),
(8, 187),
(8, 189),
(8, 191),
(8, 193),
(8, 195),
(8, 197),
(8, 199),
(8, 201),
(8, 203),
(8, 205),
(8, 207),
(8, 209),
(8, 211),
(8, 214),
(8, 218),
(8, 220),
(8, 222),
(8, 225),
(8, 227),
(8, 229),
(8, 231),
(8, 233),
(8, 235),
(8, 239),
(8, 241),
(8, 243),
(8, 245),
(8, 247),
(8, 249),
(8, 252),
(8, 254),
(8, 256),
(8, 259),
(8, 261),
(8, 263),
(8, 265),
(8, 267),
(8, 269),
(8, 271),
(8, 273),
(8, 275),
(8, 277),
(8, 280),
(8, 282),
(8, 284),
(8, 286),
(8, 288),
(8, 290),
(8, 292),
(8, 294),
(8, 296),
(8, 298),
(8, 300),
(8, 302),
(8, 304),
(8, 306),
(8, 308),
(8, 310),
(8, 312),
(8, 314),
(8, 316),
(8, 318),
(8, 320),
(8, 322),
(8, 324),
(8, 326),
(8, 328),
(8, 330),
(8, 332),
(8, 334),
(8, 336),
(8, 338),
(8, 340),
(8, 342),
(8, 344),
(8, 346),
(8, 353),
(8, 355),
(8, 357),
(8, 368),
(8, 373),
(8, 376),
(8, 378),
(8, 380),
(8, 382),
(8, 384),
(8, 386),
(8, 388),
(8, 390),
(8, 392),
(8, 394),
(8, 396),
(8, 398),
(8, 400),
(8, 402),
(8, 407),
(8, 409),
(8, 411),
(8, 413),
(8, 415),
(8, 417),
(8, 420),
(8, 422),
(8, 425),
(8, 427),
(8, 429),
(8, 431),
(8, 433),
(8, 436),
(8, 438),
(8, 440),
(8, 442),
(8, 445),
(8, 447),
(8, 449),
(8, 451),
(8, 453),
(8, 455),
(8, 457),
(8, 459),
(8, 461),
(8, 463),
(8, 465),
(8, 467),
(8, 469),
(8, 471),
(8, 473),
(8, 476),
(8, 478),
(8, 481),
(8, 483),
(8, 486);

-- --------------------------------------------------------

--
-- Структура таблицы `page_views`
--

CREATE TABLE `page_views` (
  `page_id` int(10) UNSIGNED NOT NULL
) ENGINE=InnoDB DEFAULT CHARSET=utf8mb4 COLLATE=utf8mb4_unicode_ci;

--
-- Дамп данных таблицы `page_views`
--

INSERT INTO `page_views` (`page_id`) VALUES
(25),
(26),
(27),
(28);

-- --------------------------------------------------------

--
-- Структура таблицы `password_resets`
--

CREATE TABLE `password_resets` (
  `email` varchar(255) COLLATE utf8mb4_unicode_ci NOT NULL,
  `token` varchar(255) COLLATE utf8mb4_unicode_ci NOT NULL,
  `created_at` timestamp NULL DEFAULT NULL
) ENGINE=InnoDB DEFAULT CHARSET=utf8mb4 COLLATE=utf8mb4_unicode_ci;

-- --------------------------------------------------------

--
-- Структура таблицы `plinth_views`
--

CREATE TABLE `plinth_views` (
  `product_id` int(10) UNSIGNED NOT NULL,
  `page_id` int(10) UNSIGNED NOT NULL
) ENGINE=InnoDB DEFAULT CHARSET=utf8mb4 COLLATE=utf8mb4_unicode_ci;

--
-- Дамп данных таблицы `plinth_views`
--

INSERT INTO `plinth_views` (`product_id`, `page_id`) VALUES
(478, 488),
(481, 491),
(483, 493),
(485, 495),
(487, 497),
(489, 499),
(491, 501),
(493, 503),
(495, 505),
(497, 507),
(499, 509),
(500, 510),
(503, 513),
(505, 515),
(507, 517),
(509, 519),
(511, 522),
(513, 524),
(515, 526),
(517, 528),
(519, 530),
(521, 533),
(523, 535),
(525, 537),
(526, 538),
(528, 540),
(531, 543),
(533, 545),
(535, 547),
(537, 549),
(538, 550),
(541, 553),
(543, 555),
(545, 557),
(547, 559),
(549, 561),
(551, 563),
(553, 565),
(555, 567),
(557, 570),
(559, 572),
(561, 574),
(563, 576),
(565, 579),
(567, 581),
(569, 583),
(571, 585),
(573, 587),
(575, 589),
(577, 591),
(579, 593),
(581, 595),
(583, 597),
(585, 599),
(587, 601),
(589, 603),
(591, 605),
(593, 607),
(595, 609);

-- --------------------------------------------------------

--
-- Структура таблицы `prices`
--

CREATE TABLE `prices` (
  `product_id` int(10) UNSIGNED NOT NULL,
  `price_history_id` int(10) UNSIGNED NOT NULL
) ENGINE=InnoDB DEFAULT CHARSET=utf8mb4 COLLATE=utf8mb4_unicode_ci;

--
-- Дамп данных таблицы `prices`
--

INSERT INTO `prices` (`product_id`, `price_history_id`) VALUES
(12, 26),
(13, 27),
(14, 28),
(15, 29),
(23, 38),
(478, 494),
(479, 495),
(480, 496),
(481, 497),
(482, 498),
(483, 499),
(484, 500),
(485, 501),
(486, 502),
(487, 503),
(488, 504),
(489, 505),
(490, 506),
(491, 507),
(492, 508),
(493, 509),
(494, 510),
(495, 511),
(496, 512),
(497, 513),
(498, 514),
(499, 515),
(500, 516),
(501, 517),
(502, 518),
(503, 519),
(504, 520),
(505, 521),
(506, 522),
(507, 523),
(508, 524),
(509, 525),
(510, 526),
(511, 527),
(512, 528),
(513, 529),
(514, 530),
(515, 531),
(516, 532),
(517, 533),
(518, 534),
(519, 535),
(520, 536),
(521, 537),
(522, 538),
(523, 539),
(524, 540),
(525, 541),
(526, 542),
(527, 543),
(528, 544),
(529, 545),
(530, 546),
(531, 547),
(532, 548),
(533, 549),
(534, 550),
(535, 551),
(536, 552),
(537, 553),
(538, 554),
(539, 555),
(540, 556),
(541, 557),
(542, 558),
(543, 559),
(544, 560),
(545, 561),
(546, 562),
(547, 563),
(548, 564),
(549, 565),
(550, 566),
(551, 567),
(552, 568),
(553, 569),
(554, 570),
(555, 571),
(556, 572),
(557, 573),
(558, 574),
(559, 575),
(560, 576),
(561, 577),
(562, 578),
(563, 579),
(564, 580),
(565, 581),
(566, 582),
(567, 583),
(568, 584),
(569, 585),
(570, 586),
(571, 587),
(572, 588),
(573, 589),
(574, 590),
(575, 591),
(576, 592),
(577, 593),
(578, 594),
(579, 595),
(580, 596),
(581, 597),
(582, 598),
(583, 599),
(584, 600),
(585, 601),
(586, 602),
(587, 603),
(588, 604),
(589, 605),
(590, 606),
(591, 607),
(592, 608),
(593, 609),
(594, 610),
(595, 611);

-- --------------------------------------------------------

--
-- Структура таблицы `price_histories`
--

CREATE TABLE `price_histories` (
  `id` int(10) UNSIGNED NOT NULL,
  `product_id` int(10) UNSIGNED NOT NULL,
  `price` int(11) NOT NULL,
  `actual_on` timestamp NOT NULL DEFAULT current_timestamp() ON UPDATE current_timestamp()
) ENGINE=InnoDB DEFAULT CHARSET=utf8mb4 COLLATE=utf8mb4_unicode_ci;

--
-- Дамп данных таблицы `price_histories`
--

INSERT INTO `price_histories` (`id`, `product_id`, `price`, `actual_on`) VALUES
(26, 12, 110000, '2020-09-28 09:05:19'),
(27, 13, 132000, '2020-09-28 09:37:35'),
(28, 14, 165000, '2020-09-28 09:45:02'),
(29, 15, 42000, '2020-09-28 20:41:46'),
(38, 23, 130000, '2020-10-16 12:08:15'),
(494, 478, 45000, '2020-11-10 15:07:08'),
(495, 479, 378880, '2020-11-10 15:18:28'),
(496, 480, 378880, '2020-11-10 18:33:40'),
(497, 481, 45000, '2020-11-10 21:57:22'),
(498, 482, 378880, '2020-11-10 22:09:48'),
(499, 483, 45000, '2020-11-10 22:16:54'),
(500, 484, 378880, '2020-11-10 22:24:49'),
(501, 485, 45000, '2020-11-10 22:27:10'),
(502, 486, 378880, '2020-11-10 22:36:04'),
(503, 487, 45000, '2020-11-10 22:41:10'),
(504, 488, 378880, '2020-11-10 22:52:29'),
(505, 489, 45000, '2020-11-10 22:57:22'),
(506, 490, 378880, '2020-11-10 23:08:54'),
(507, 491, 45000, '2020-11-10 23:13:41'),
(508, 492, 378880, '2020-11-10 23:27:50'),
(509, 493, 45000, '2020-11-10 23:36:28'),
(510, 494, 378880, '2020-11-10 23:59:46'),
(511, 495, 45000, '2020-11-11 00:09:07'),
(512, 496, 378880, '2020-11-11 00:18:34'),
(513, 497, 45000, '2020-11-11 00:21:17'),
(514, 498, 378880, '2020-11-11 00:33:50'),
(515, 499, 45000, '2020-11-11 00:35:45'),
(516, 500, 45000, '2020-11-11 00:43:20'),
(517, 501, 378880, '2020-11-11 00:43:40'),
(518, 502, 378880, '2020-11-11 00:54:15'),
(519, 503, 45000, '2020-11-11 00:56:18'),
(520, 504, 378880, '2020-11-11 01:02:12'),
(521, 505, 45000, '2020-11-11 01:04:04'),
(522, 506, 378880, '2020-11-11 01:08:05'),
(523, 507, 45000, '2020-11-11 01:09:42'),
(524, 508, 378880, '2020-11-11 01:17:38'),
(525, 509, 45000, '2020-11-11 01:19:30'),
(526, 510, 272794, '2020-11-11 13:57:44'),
(527, 511, 45000, '2020-11-11 14:01:44'),
(528, 512, 272794, '2020-11-11 14:06:04'),
(529, 513, 45000, '2020-11-11 14:07:25'),
(530, 514, 272794, '2020-11-11 14:13:12'),
(531, 515, 45000, '2020-11-11 14:14:28'),
(532, 516, 272794, '2020-11-11 14:18:45'),
(533, 517, 45000, '2020-11-11 14:20:12'),
(534, 518, 272794, '2020-11-11 14:24:34'),
(535, 519, 45000, '2020-11-11 14:25:58'),
(536, 520, 159600, '2020-11-11 17:09:01'),
(537, 521, 45000, '2020-11-11 17:13:08'),
(538, 522, 159600, '2020-11-11 17:19:43'),
(539, 523, 45000, '2020-11-11 17:22:32'),
(540, 524, 159600, '2020-11-11 17:27:09'),
(541, 525, 45000, '2020-11-11 17:29:03'),
(542, 526, 45000, '2020-11-11 17:36:45'),
(543, 527, 159600, '2020-11-11 17:37:00'),
(544, 528, 45000, '2020-11-11 18:21:54'),
(545, 529, 159600, '2020-11-11 18:22:35'),
(546, 530, 159600, '2020-11-11 18:37:49'),
(547, 531, 45000, '2020-11-11 18:43:38'),
(548, 532, 159600, '2020-11-11 19:12:57'),
(549, 533, 45000, '2020-11-11 19:15:58'),
(550, 534, 159600, '2020-11-11 19:25:59'),
(551, 535, 45000, '2020-11-11 19:29:50'),
(552, 536, 159600, '2020-11-11 19:40:57'),
(553, 537, 45000, '2020-11-11 19:44:23'),
(554, 538, 45000, '2020-11-11 19:50:34'),
(555, 539, 159600, '2020-11-11 19:50:46'),
(556, 540, 159600, '2020-11-11 19:54:39'),
(557, 541, 45000, '2020-11-11 19:56:11'),
(558, 542, 159600, '2020-11-11 20:00:35'),
(559, 543, 45000, '2020-11-11 20:02:20'),
(560, 544, 159600, '2020-11-11 20:07:05'),
(561, 545, 45000, '2020-11-11 20:11:14'),
(562, 546, 159600, '2020-11-11 20:14:52'),
(563, 547, 45000, '2020-11-11 20:16:10'),
(564, 548, 159600, '2020-11-11 20:22:06'),
(565, 549, 45000, '2020-11-11 20:24:39'),
(566, 550, 159600, '2020-11-11 20:28:16'),
(567, 551, 45000, '2020-11-11 20:30:32'),
(568, 552, 159600, '2020-11-11 22:02:11'),
(569, 553, 45000, '2020-11-11 22:04:49'),
(570, 554, 159600, '2020-11-11 22:16:07'),
(571, 555, 45000, '2020-11-11 22:18:20'),
(572, 556, 216111, '2020-11-12 23:16:32'),
(573, 557, 45000, '2020-11-12 23:20:12'),
(574, 558, 216111, '2020-11-12 23:55:47'),
(575, 559, 45000, '2020-11-13 00:13:10'),
(576, 560, 216111, '2020-11-13 00:15:41'),
(577, 561, 45000, '2020-11-13 00:17:09'),
(578, 562, 216111, '2020-11-13 00:20:16'),
(579, 563, 45000, '2020-11-13 00:22:26'),
(580, 564, 188559, '2020-11-13 12:11:03'),
(581, 565, 45000, '2020-11-13 12:13:49'),
(582, 566, 188559, '2020-11-13 17:21:47'),
(583, 567, 45000, '2020-11-13 17:24:57'),
(584, 568, 188559, '2020-11-13 17:31:41'),
(585, 569, 45000, '2020-11-13 17:34:43'),
(586, 570, 188559, '2020-11-13 17:38:54'),
(587, 571, 45000, '2020-11-13 17:40:46'),
(588, 572, 188559, '2020-11-13 17:55:56'),
(589, 573, 45000, '2020-11-13 17:57:39'),
(590, 574, 188559, '2020-11-13 18:01:58'),
(591, 575, 45000, '2020-11-13 18:03:51'),
(592, 576, 188559, '2020-11-13 18:13:35'),
(593, 577, 45000, '2020-11-13 18:14:29'),
(594, 578, 188559, '2020-11-13 18:20:49'),
(595, 579, 45000, '2020-11-13 18:22:11'),
(596, 580, 188559, '2020-11-13 18:28:07'),
(597, 581, 45000, '2020-11-13 18:29:56'),
(598, 582, 188559, '2020-11-13 19:04:09'),
(599, 583, 45000, '2020-11-13 19:06:57'),
(600, 584, 188559, '2020-11-13 20:33:31'),
(601, 585, 45000, '2020-11-13 21:20:56'),
(602, 586, 188559, '2020-11-13 21:50:57'),
(603, 587, 45000, '2020-11-13 23:10:02'),
(604, 588, 188559, '2020-11-13 23:13:54'),
(605, 589, 45000, '2020-11-13 23:15:57'),
(606, 590, 188559, '2020-11-13 23:55:24'),
(607, 591, 45000, '2020-11-13 23:56:45'),
(608, 592, 188559, '2020-11-14 00:04:33'),
(609, 593, 45000, '2020-11-14 00:07:37'),
(610, 594, 188559, '2020-11-14 00:11:15'),
(611, 595, 45000, '2020-11-14 00:13:39');

-- --------------------------------------------------------

--
-- Структура таблицы `products`
--

CREATE TABLE `products` (
  `id` int(10) UNSIGNED NOT NULL,
  `name` varchar(255) COLLATE utf8mb4_unicode_ci NOT NULL,
  `vendor_code` varchar(255) COLLATE utf8mb4_unicode_ci NOT NULL,
  `unit_id` int(10) UNSIGNED NOT NULL,
  `category_id` int(10) UNSIGNED NOT NULL,
  `created_at` timestamp NULL DEFAULT NULL,
  `updated_at` timestamp NULL DEFAULT NULL
) ENGINE=InnoDB DEFAULT CHARSET=utf8mb4 COLLATE=utf8mb4_unicode_ci;

--
-- Дамп данных таблицы `products`
--

INSERT INTO `products` (`id`, `name`, `vendor_code`, `unit_id`, `category_id`, `created_at`, `updated_at`) VALUES
(12, 'Подложка Profitex, 3 мм (10 м кв) рул', '0000010', 1, 17, '2020-09-28 09:05:19', '2020-09-28 09:05:19'),
(13, 'Подложка Quick Step, 3 мм (15 м кв) рул', '000011', 1, 17, '2020-09-28 09:37:34', '2020-09-28 09:37:34'),
(14, 'Подложка Tuplex, 3 мм (10 м кв) рул', '000012', 1, 17, '2020-09-28 09:45:02', '2020-09-28 09:45:02'),
(15, 'Герметик для бесклеевых ламинатов Click Guard', '000013', 1, 18, '2020-09-28 20:41:46', '2020-09-28 20:41:46'),
(23, 'Подложка пробковая, 2 мм (10 м кв) рул ', '000020', 1, 17, '2020-10-16 12:08:15', '2020-10-16 12:08:15'),
(478, 'Ламинированный плинтус Quick Step Дуб теплый натуральный брашированный SIG4762', '000021', 5, 16, '2020-11-10 15:07:08', '2020-11-10 15:07:08'),
(479, 'Ламинат Quick Step Signature Дуб теплый натуральный брашированный SIG4762', '000021', 1, 19, '2020-11-10 15:18:28', '2020-11-10 15:18:28'),
(480, 'Ламинат Quick Step Signature Дуб светлый лакированный SIG4759', '000022', 1, 19, '2020-11-10 18:33:40', '2020-11-10 18:33:40'),
(481, 'Ламинированный плинтус Quick Step', '000023', 5, 16, '2020-11-10 21:57:22', '2020-11-10 21:57:22'),
(482, 'Ламинат Quick Step Signature Дуб белый премиум SIG4757', '000024', 1, 19, '2020-11-10 22:09:48', '2020-11-10 22:09:48'),
(483, 'Ламинированный плинтус Quick Step Дуб белый премиум SIG4757', '000025', 5, 16, '2020-11-10 22:16:54', '2020-11-10 22:16:54'),
(484, 'Ламинат Quick Step Signature Дуб бежевый брашированный SIG4764', '000026', 1, 19, '2020-11-10 22:24:48', '2020-11-10 22:24:48'),
(485, 'Ламинированный плинтус Quick Step Дуб бежевый брашированный SIG4764', '000027', 5, 16, '2020-11-10 22:27:10', '2020-11-10 22:27:10'),
(486, 'Ламинат Quick Step Signature Дуб бежевый лакированный SIG4750', '000028', 1, 19, '2020-11-10 22:36:04', '2020-11-10 22:36:04'),
(487, 'Ламинированный плинтус Quick Step Дуб бежевый лакированный SIG4750', '000029', 5, 16, '2020-11-10 22:41:09', '2020-11-10 22:41:09'),
(488, 'Ламинат Quick Step Signature Дуб натуральный брашированный SIG4763', '000030', 1, 19, '2020-11-10 22:52:29', '2020-11-10 22:52:29'),
(489, 'Ламинированный плинтус Quick Step Дуб натуральный брашированный SIG4763', '000031', 5, 16, '2020-11-10 22:57:21', '2020-11-10 22:57:21'),
(490, 'Ламинат Quick Step Signature Дуб светлый патина SIG4748', '000032', 1, 19, '2020-11-10 23:08:53', '2020-11-10 23:08:53'),
(491, 'Ламинированный плинтус Quick Step Дуб светлый патина SIG4748', '000033', 5, 16, '2020-11-10 23:13:41', '2020-11-10 23:13:41'),
(492, 'Ламинат Quick Step Signature Орех коричневый SIG4761', '000034', 1, 19, '2020-11-10 23:27:50', '2020-11-10 23:27:50'),
(493, 'Ламинированный плинтус Quick Step Орех коричневый SIG4761', '000035', 5, 16, '2020-11-10 23:36:28', '2020-11-10 23:36:28'),
(494, 'Ламинат Quick Step Signature Дуб потертый натуральный SIG4767', '000036', 1, 19, '2020-11-10 23:59:45', '2020-11-10 23:59:45'),
(495, 'Ламинированный плинтус Quick Step Дуб потертый натуральный SIG4767', '000037', 5, 16, '2020-11-11 00:09:07', '2020-11-11 00:09:07'),
(496, 'Ламинат Quick Step Signature Дуб белый крашеный SIG4753', '000038', 1, 19, '2020-11-11 00:18:34', '2020-11-11 00:18:34'),
(497, 'Ламинированный плинтус Quick Step Дуб белый крашеный SIG4753', '000039', 5, 16, '2020-11-11 00:21:17', '2020-11-11 00:21:17'),
(498, 'Ламинат Quick Step Signature Дуб серый брашированный SIG4765', '000040', 1, 19, '2020-11-11 00:33:50', '2020-11-11 00:33:50'),
(499, 'Ламинированный плинтус Quick Step Дуб серый брашированный SIG4765', '000041', 5, 16, '2020-11-11 00:35:45', '2020-11-11 00:35:45'),
(500, 'Ламинированный плинтус Quick Step Дуб коричневый брашированный SIG4766', '000042', 5, 16, '2020-11-11 00:43:20', '2020-11-11 00:43:20'),
(501, 'Ламинат Quick Step Signature Дуб коричневый брашированный SIG4766', '000042', 1, 19, '2020-11-11 00:43:40', '2020-11-11 00:43:40'),
(502, 'Ламинат Quick Step Signature Дуб коричневый патина SIG4751', '000043', 1, 19, '2020-11-11 00:54:15', '2020-11-11 00:54:15'),
(503, 'Ламинированный плинтус Quick Step Дуб коричневый патина SIG4751', '000044', 5, 16, '2020-11-11 00:56:18', '2020-11-11 00:56:18'),
(504, 'Ламинат Quick Step Signature Дуб серый патина SIG4752', '000045', 1, 19, '2020-11-11 01:02:12', '2020-11-11 01:02:12'),
(505, 'Ламинированный плинтус Quick Step Дуб серый патина SIG4752', '000046', 5, 16, '2020-11-11 01:04:04', '2020-11-11 01:04:04'),
(506, 'Ламинат Quick Step Signature Дуб коричневый вощеный SIG4756', '000047', 1, 19, '2020-11-11 01:08:05', '2020-11-11 01:08:05'),
(507, 'Ламинированный плинтус Quick Step Дуб коричневый вощеный SIG4756', '000048', 5, 16, '2020-11-11 01:09:42', '2020-11-11 01:09:42'),
(508, 'Ламинат Quick Step Signature Дуб розовый крашеный SIG4754', '000049', 1, 19, '2020-11-11 01:17:38', '2020-11-11 01:17:38'),
(509, 'Ламинированный плинтус Quick Step Дуб розовый крашеный SIG4754', '000050', 5, 16, '2020-11-11 01:19:29', '2020-11-11 01:19:29'),
(510, 'Ламинат Quick Step Castle Дуб капучино CA4160', '000051', 1, 20, '2020-11-11 13:57:44', '2020-11-11 13:57:44'),
(511, 'Ламинированный плинтус Quick Step Дуб капучино CA4160', '000052', 5, 16, '2020-11-11 14:01:44', '2020-11-11 14:01:44'),
(512, 'Ламинат Quick Step Castle Дуб пепельный CA4159', '000053', 1, 20, '2020-11-11 14:06:04', '2020-11-11 14:06:04'),
(513, 'Ламинированный плинтус Quick Step Дуб пепельный CA4159', '000054', 5, 16, '2020-11-11 14:07:25', '2020-11-11 14:07:25'),
(514, 'Ламинат Quick Step Castle Дуб горчичный CA4162', '000055', 1, 20, '2020-11-11 14:13:12', '2020-11-11 14:13:12'),
(515, 'Ламинированный плинтус Quick Step Дуб горчичный CA4162', '000056', 5, 16, '2020-11-11 14:14:28', '2020-11-11 14:14:28'),
(516, 'Ламинат Quick Step Castle Дуб английский натуральный CA4161', '000057', 1, 20, '2020-11-11 14:18:45', '2020-11-11 14:18:45'),
(517, 'Ламинированный плинтус Quick Step Дуб английский натуральный CA4161', '000058', 5, 16, '2020-11-11 14:20:12', '2020-11-11 14:20:12'),
(518, 'Ламинат Quick Step Castle Дуб светло-серый патина CA4158', '000059', 1, 20, '2020-11-11 14:24:34', '2020-11-11 14:24:34'),
(519, 'Ламинированный плинтус Quick Step Дуб светло-серый патина CA4158', '000060', 5, 16, '2020-11-11 14:25:58', '2020-11-11 14:25:58'),
(520, 'Ламинат Quick Step Classic CLM1655 Кубинский дуб', '000061', 1, 21, '2020-11-11 17:09:01', '2020-11-11 17:09:01'),
(521, 'Ламинированный плинтус Quick Step Classic CLM1655 Кубинский дуб', '000062', 5, 16, '2020-11-11 17:13:08', '2020-11-11 17:13:08'),
(522, 'Ламинат Quick Step Classic CLM1658 Лунный дуб натур', '000063', 1, 21, '2020-11-11 17:19:43', '2020-11-11 17:19:43'),
(523, 'Ламинированный плинтус Quick Step CLM1658 Лунный дуб натур', '000064', 5, 16, '2020-11-11 17:22:32', '2020-11-11 17:22:32'),
(524, 'Ламинат Quick Step Classic CL1382 Дуб Старинный Серый', '000065', 1, 21, '2020-11-11 17:27:09', '2020-11-11 17:27:09'),
(525, 'Ламинированный плинтус Quick Step CL1382 Дуб Старинный Серый', '000066', 5, 16, '2020-11-11 17:29:03', '2020-11-11 17:29:03'),
(526, 'Ламинированный плинтус Quick Step CLM1405 Дуб старинный светло-серый', '000067', 5, 16, '2020-11-11 17:36:45', '2020-11-11 17:36:45'),
(527, 'Ламинат Quick Step Classic CLM1405 Дуб старинный светло-серый', '000067', 1, 21, '2020-11-11 17:37:00', '2020-11-11 17:37:00'),
(528, 'Ламинированный плинтус Quick Step CLM1383 Дуб Старинный Тёмный', '000068', 5, 16, '2020-11-11 18:21:54', '2020-11-11 18:21:54'),
(529, 'Ламинат Quick Step Classic CLM1383 Дуб Старинный Тёмный', '000068', 1, 21, '2020-11-11 18:22:35', '2020-11-11 18:22:35'),
(530, 'Ламинат Quick Step Classic CLM1381 Дуб Старинный Натуральный', '000069', 1, 21, '2020-11-11 18:37:49', '2020-11-11 18:37:49'),
(531, 'Ламинированный плинтус Quick Step CLM1381 Дуб Старинный Натуральный', '000070', 5, 16, '2020-11-11 18:43:37', '2020-11-11 18:43:37'),
(532, 'Ламинат Quick Step Classic CLV4093 Дуб Бежевый Премиум', '000071', 1, 21, '2020-11-11 19:12:57', '2020-11-11 19:12:57'),
(533, 'Ламинированный плинтус Quick Step CLV4093 Дуб Бежевый Премиум', '000072', 5, 16, '2020-11-11 19:15:58', '2020-11-11 19:15:58'),
(534, 'Ламинат Quick Step Classic CLV4095 Дуб Тёплый Натуральный Премиум', '000073', 1, 21, '2020-11-11 19:25:59', '2020-11-11 19:25:59'),
(535, 'Ламинированный плинтус Quick Step CLV4095 Дуб Тёплый Натуральный Премиум', '000074', 5, 16, '2020-11-11 19:29:49', '2020-11-11 19:29:49'),
(536, 'Ламинат Quick Step Classic CLV4087 Дуб Белый Отбеленный', '000075', 1, 21, '2020-11-11 19:40:57', '2020-11-11 19:40:57'),
(537, 'Ламинированный плинтус Quick Step CLV4087 Дуб Белый Отбеленный', '000076', 5, 16, '2020-11-11 19:44:23', '2020-11-11 19:44:23'),
(538, 'Ламинированный плинтус Quick Step CLV4085 Дуб Натуральный Рустикальный', '000077', 5, 16, '2020-11-11 19:50:34', '2020-11-11 19:50:34'),
(539, 'Ламинат Quick Step Classic CLV4085 Дуб Натуральный Рустикальный', '000077', 1, 21, '2020-11-11 19:50:46', '2020-11-11 19:50:46'),
(540, 'Ламинат Quick Step Classic CLV4094 Дуб Светлый Натуральный Премиум', '000078', 1, 21, '2020-11-11 19:54:39', '2020-11-11 19:54:39'),
(541, 'Ламинированный плинтус Quick Step CLV4094 Дуб Светлый Натуральный Премиум', '000079', 5, 16, '2020-11-11 19:56:11', '2020-11-11 19:56:11'),
(542, 'Ламинат Quick Step Classic CLV4088 Дуб Бежевый Отбеленный', '000080', 1, 21, '2020-11-11 20:00:35', '2020-11-11 20:00:35'),
(543, 'Ламинированный плинтус Quick Step CLV4088 Дуб Бежевый Отбеленный', '000081', 5, 16, '2020-11-11 20:02:20', '2020-11-11 20:02:20'),
(544, 'Ламинат Quick Step Classic CLV4084 Дуб Бежевый Рустикальный', '000082', 1, 21, '2020-11-11 20:07:05', '2020-11-11 20:07:05'),
(545, 'Ламинированный плинтус Quick Step CLV4084 Дуб Бежевый Рустикальный', '000083', 5, 16, '2020-11-11 20:11:14', '2020-11-11 20:11:14'),
(546, 'Ламинат Quick Step Classic CLV4089 Дуб Натуральный Отбеленный', '000084', 1, 21, '2020-11-11 20:14:52', '2020-11-11 20:14:52'),
(547, 'Ламинированный плинтус Quick Step CLV4089 Дуб Натуральный Отбеленный', '000085', 5, 16, '2020-11-11 20:16:10', '2020-11-11 20:16:10'),
(548, 'Ламинат Quick Step Classic CLV4086 Дуб Шоколадный Рустикальный', '000086', 1, 21, '2020-11-11 20:22:06', '2020-11-11 20:22:06'),
(549, 'Ламинированный плинтус Quick Step CLV4086 Дуб Шоколадный Рустикальный', '000087', 5, 16, '2020-11-11 20:24:39', '2020-11-11 20:24:39'),
(550, 'Ламинат Quick Step Classic CLV4092 Дуб Горный Тёмно-Коричневый', '000088', 1, 21, '2020-11-11 20:28:16', '2020-11-11 20:28:16'),
(551, 'Ламинированный плинтус Quick Step CLV4092 Дуб Горный Тёмно-Коричневый', '000089', 5, 16, '2020-11-11 20:30:32', '2020-11-11 20:30:32'),
(552, 'Ламинат Quick Step Classic CLV4091 Дуб Горный Коричневый', '000090', 1, 21, '2020-11-11 22:02:11', '2020-11-11 22:02:11'),
(553, 'Ламинированный плинтус Quick Step CLV4091 Дуб Горный Коричневый', '000091', 5, 16, '2020-11-11 22:04:49', '2020-11-11 22:04:49'),
(554, 'Ламинат Quick Step Classic CLV4090 Дуб Горный Красный', '000092', 1, 21, '2020-11-11 22:16:07', '2020-11-11 22:16:07'),
(555, 'Ламинированный плинтус Quick Step CLV4090 Дуб Горный Красный', '000093', 5, 16, '2020-11-11 22:18:20', '2020-11-11 22:18:20'),
(556, 'Ламинат Quick Step Desire Дуб Светло-серый Серебристый UC3464', '000094', 1, 22, '2020-11-12 23:16:32', '2020-11-12 23:16:32'),
(557, 'Ламинированный плинтус Quick Step Дуб Светло-серый Серебристый UC3464', '000095', 5, 16, '2020-11-12 23:20:12', '2020-11-12 23:20:12'),
(558, 'Ламинат Quick Step Desire Дуб Серый Серебристый UC3464', '000096', 1, 22, '2020-11-12 23:55:47', '2020-11-12 23:55:47'),
(559, 'Ламинированный плинтус Quick Step Дуб Серый Серебристый UC3464', '000097', 5, 16, '2020-11-13 00:13:10', '2020-11-13 00:13:10'),
(560, 'Ламинат Quick Step Desire Дуб Светло-Серый Золотистый UC3463', '000098', 1, 22, '2020-11-13 00:15:41', '2020-11-13 00:15:41'),
(561, 'Ламинированный плинтус Quick Step Дуб Светло-Серый Золотистый UC3463', '000099', 5, 16, '2020-11-13 00:17:09', '2020-11-13 00:17:09'),
(562, 'Ламинат Quick Step Desire Дуб Натуральный Золотистый UC3465', '000100', 1, 22, '2020-11-13 00:20:16', '2020-11-13 00:20:16'),
(563, 'Ламинированный плинтус Quick Step Дуб Натуральный Золотистый UC3465', '000101', 5, 16, '2020-11-13 00:22:26', '2020-11-13 00:22:26'),
(564, 'Ламинат Quick Step Eligna U3831 Дуб Итальянский Светло-Серый', '000102', 1, 23, '2020-11-13 12:11:03', '2020-11-13 12:11:03'),
(565, 'Ламинированный плинтус Quick Step U3831 Дуб Итальянский Светло-Серый', '000103', 5, 16, '2020-11-13 12:13:49', '2020-11-13 12:13:49'),
(566, 'Ламинат Quick Step Eligna U3459 Дуб Тёплый Серый', '000104', 1, 23, '2020-11-13 17:21:47', '2020-11-13 17:21:47'),
(567, 'Ламинированный плинтус Quick Step Дуб теплый серый промасленный QSSK03459', '000105', 5, 16, '2020-11-13 17:24:57', '2020-11-13 17:24:57'),
(568, 'Ламинат Quick Step Eligna U915 Дуб Белый Лакированный', '000106', 1, 23, '2020-11-13 17:31:41', '2020-11-13 17:31:41'),
(569, 'Ламинированный плинтус Quick Step Доска белого дуба лакированная QSSK00915', '000107', 5, 16, '2020-11-13 17:34:42', '2020-11-13 17:34:42'),
(570, 'Ламинат Quick Step Eligna U3457 Дуб Светлый Натур', '000108', 1, 23, '2020-11-13 17:38:54', '2020-11-13 17:38:54'),
(571, 'Ламинированный плинтус Quick Step Дуб светлый натуральный промасленный QSSK03457', '000109', 5, 16, '2020-11-13 17:40:46', '2020-11-13 17:40:46'),
(572, 'Ламинат Quick Step Eligna U3461 Дуб Шоколадный Промасленный', '000110', 1, 23, '2020-11-13 17:55:56', '2020-11-13 17:55:56'),
(573, 'Ламинированный плинтус Quick Step Дуб шоколадный промасленный QSSK03461', '000111', 5, 16, '2020-11-13 17:57:39', '2020-11-13 17:57:39'),
(574, 'Ламинат Quick Step Eligna U3458 Дуб Тёплый Натуральный', '000112', 1, 23, '2020-11-13 18:01:58', '2020-11-13 18:01:58'),
(575, 'Ламинированный плинтус Quick Step Дуб теплый натуральный промасленный QSSK03458', '000113', 5, 16, '2020-11-13 18:03:51', '2020-11-13 18:03:51'),
(576, 'Ламинат Quick Step Eligna U3832 Дуб Итальянский Бежевый', '000114', 1, 23, '2020-11-13 18:13:35', '2020-11-13 18:13:35'),
(577, 'Ламинированный плинтус Quick Step Дуб итальянский бежевый QSSK03574', '000114', 5, 16, '2020-11-13 18:14:29', '2020-11-13 18:14:29'),
(578, 'Ламинат Quick Step Eligna U1300 Венге интенсивный', '000115', 1, 23, '2020-11-13 18:20:49', '2020-11-13 18:20:49'),
(579, 'Ламинированный плинтус Quick Step Венге интенсивный QSSK01300', '000116', 5, 16, '2020-11-13 18:22:11', '2020-11-13 18:22:11'),
(580, 'Ламинат Quick Step Eligna U896 Дуб Натуральный Лакированный', '000117', 1, 23, '2020-11-13 18:28:07', '2020-11-13 18:28:07'),
(581, 'Ламинированный плинтус Quick Step Доска натурального дуба лакированная QSSK00896', '000118', 5, 16, '2020-11-13 18:29:56', '2020-11-13 18:29:56'),
(582, 'Ламинат Quick Step Eligna Доска ореховая промасленная U1043', '000119', 1, 23, '2020-11-13 19:04:09', '2020-11-13 19:04:09'),
(583, 'Ламинированный плинтус Quick Step Доска ореховая промасленная QSSK01043', '000120', 5, 16, '2020-11-13 19:06:56', '2020-11-13 19:06:56'),
(584, 'Ламинат Quick Step Eligna U3833 Дуб Изысканный Тёмный', '000121', 1, 23, '2020-11-13 20:33:31', '2020-11-13 20:33:31'),
(585, 'Ламинированный плинтус Quick Step Дуб Дуб изысканный темный QSSK03581', '000122', 5, 16, '2020-11-13 21:20:56', '2020-11-13 21:20:56'),
(586, 'Ламинат Quick Step Eligna U3576 Дуб Старинный Бежевый', '000123', 1, 23, '2020-11-13 21:50:57', '2020-11-13 21:50:57'),
(587, 'Ламинированный плинтус Quick Step Дуб старинный бежевый QSSK03576', '000124', 5, 16, '2020-11-13 23:10:01', '2020-11-13 23:10:01'),
(588, 'Ламинат Quick Step Eligna U3460 Дуб Тёмно-Коричневый Промасленный', '000125', 1, 23, '2020-11-13 23:13:54', '2020-11-13 23:18:05'),
(589, 'Ламинированный плинтус Quick Step Дуб темно-коричневый промасленный QSSK03460', '000126', 5, 16, '2020-11-13 23:15:57', '2020-11-13 23:15:57'),
(590, 'Ламинат Quick Step Eligna U1000 Венге', '000127', 1, 23, '2020-11-13 23:55:24', '2020-11-13 23:55:24'),
(591, 'Ламинированный плинтус Quick Step Доска венге QSSK01000', '000128', 5, 16, '2020-11-13 23:56:45', '2020-11-13 23:56:45'),
(592, 'Ламинат Quick Step Eligna U3578 Дуб Природный Натуральный', '000129', 1, 23, '2020-11-14 00:04:33', '2020-11-14 00:04:33'),
(593, 'Ламинированный плинтус Quick Step Дуб природный натуральный QSSK03578', '000130', 5, 16, '2020-11-14 00:07:36', '2020-11-14 00:07:36'),
(594, 'Ламинат Quick Step Eligna U1235 Сосна белая затертая', '000131', 1, 23, '2020-11-14 00:11:15', '2020-11-14 00:11:15'),
(595, 'Ламинированный плинтус Quick Step Сосна белая затертая QSSK01235', '000132', 1, 16, '2020-11-14 00:13:39', '2020-11-14 00:13:39');

-- --------------------------------------------------------

--
-- Структура таблицы `products_views`
--

CREATE TABLE `products_views` (
  `category_id` int(10) UNSIGNED NOT NULL,
  `page_id` int(10) UNSIGNED NOT NULL
) ENGINE=InnoDB DEFAULT CHARSET=utf8mb4 COLLATE=utf8mb4_unicode_ci;

--
-- Дамп данных таблицы `products_views`
--

INSERT INTO `products_views` (`category_id`, `page_id`) VALUES
(16, 29),
(17, 32),
(18, 36),
(19, 487),
(20, 520),
(21, 531),
(22, 568),
(23, 577),
(24, 610);

-- --------------------------------------------------------

--
-- Структура таблицы `product_characteristics`
--

CREATE TABLE `product_characteristics` (
  `product_id` int(10) UNSIGNED NOT NULL,
  `characteristic_id` int(10) UNSIGNED NOT NULL,
  `value` varchar(100) COLLATE utf8mb4_unicode_ci NOT NULL
) ENGINE=InnoDB DEFAULT CHARSET=utf8mb4 COLLATE=utf8mb4_unicode_ci;

--
-- Дамп данных таблицы `product_characteristics`
--

INSERT INTO `product_characteristics` (`product_id`, `characteristic_id`, `value`) VALUES
(12, 57, '10000'),
(12, 58, '1000'),
(12, 59, '3'),
(12, 63, 'Profitex'),
(12, 64, 'Россия'),
(12, 69, '10'),
(12, 71, 'Да'),
(13, 57, '15000'),
(13, 58, '1000'),
(13, 59, '3'),
(13, 63, 'Quick Step'),
(13, 64, 'Россия'),
(13, 69, '15'),
(13, 71, 'Да'),
(14, 57, '9100'),
(14, 58, '1100'),
(14, 59, '3'),
(14, 63, 'Tuplex'),
(14, 64, 'Россия'),
(14, 69, '10'),
(14, 71, 'Да'),
(15, 69, '8'),
(23, 57, '10000'),
(23, 58, '1000'),
(23, 59, '2'),
(23, 69, '10'),
(23, 71, 'Да'),
(23, 73, 'Да'),
(478, 57, '2400'),
(478, 59, '12'),
(478, 63, 'Quick Step'),
(478, 64, 'Россия'),
(478, 72, '58'),
(479, 57, '1380'),
(479, 58, '212'),
(479, 59, '9'),
(479, 60, '32'),
(479, 61, '4'),
(479, 62, '1'),
(479, 63, 'Quick Step'),
(479, 64, 'Россия'),
(479, 65, 'под дерево'),
(479, 66, 'гостиная, спальная'),
(479, 67, 'замковое'),
(479, 68, '7'),
(479, 69, '2.048'),
(479, 71, 'Да'),
(480, 57, '1380'),
(480, 58, '212'),
(480, 59, '9'),
(480, 60, '32'),
(480, 61, '4'),
(480, 62, '1'),
(480, 63, 'Quick Step'),
(480, 64, 'Россия'),
(480, 65, 'под дерево'),
(480, 66, 'гостиная, спальная'),
(480, 67, 'замковое'),
(480, 68, '7'),
(480, 69, '2.048'),
(480, 71, 'Да'),
(481, 57, '2400'),
(481, 59, '12'),
(481, 63, 'Quick Step'),
(481, 64, 'Россия'),
(481, 72, '58'),
(482, 57, '1380'),
(482, 58, '212'),
(482, 59, '9'),
(482, 60, '32'),
(482, 61, '4'),
(482, 62, '1'),
(482, 63, 'Quick Step'),
(482, 64, 'Россия'),
(482, 65, 'под дерево'),
(482, 66, 'гостиная, спальная'),
(482, 67, 'замковое'),
(482, 68, '7'),
(482, 69, '2.048'),
(482, 71, 'Да'),
(483, 57, '2400'),
(483, 59, '12'),
(483, 63, 'Quick Step'),
(483, 64, 'Россия'),
(483, 72, '58'),
(484, 57, '1380'),
(484, 58, '212'),
(484, 59, '9'),
(484, 60, '32'),
(484, 61, '4'),
(484, 62, '1'),
(484, 63, 'Quick Step'),
(484, 64, 'Россия'),
(484, 65, 'под дерево'),
(484, 66, 'гостиная, спальная'),
(484, 67, 'замковое'),
(484, 68, '7'),
(484, 69, '2.048'),
(484, 71, 'Да'),
(485, 57, '2400'),
(485, 59, '12'),
(485, 63, 'Quick Step'),
(485, 64, 'Россия'),
(485, 72, '58'),
(486, 57, '1380'),
(486, 58, '212'),
(486, 59, '9'),
(486, 60, '32'),
(486, 61, '4'),
(486, 62, '1'),
(486, 63, 'Quick Step'),
(486, 64, 'Россия'),
(486, 65, 'под дерево'),
(486, 66, 'гостиная, спальная'),
(486, 67, 'замковое'),
(486, 68, '7'),
(486, 69, '2.048'),
(486, 71, 'Да'),
(487, 57, '2400'),
(487, 59, '12'),
(487, 63, 'Quick Step'),
(487, 64, 'Россия'),
(487, 72, '58'),
(488, 57, '1380'),
(488, 58, '212'),
(488, 59, '9'),
(488, 60, '32'),
(488, 61, '4'),
(488, 62, '1'),
(488, 63, 'Quick Step'),
(488, 64, 'Россия'),
(488, 65, 'под дерево'),
(488, 66, 'гостиная, спальная'),
(488, 67, 'замковое'),
(488, 68, '7'),
(488, 69, '2.048'),
(488, 71, 'Да'),
(489, 57, '2400'),
(489, 59, '12'),
(489, 63, 'Quick Step'),
(489, 64, 'Россия'),
(489, 72, '58'),
(490, 57, '1380'),
(490, 58, '212'),
(490, 59, '9'),
(490, 60, '32'),
(490, 61, '4'),
(490, 62, '1'),
(490, 63, 'Quick Step'),
(490, 64, 'Россия'),
(490, 65, 'под дерево'),
(490, 66, 'гостиная, спальная'),
(490, 67, 'замковое'),
(490, 68, '7'),
(490, 69, '2.048'),
(490, 71, 'Да'),
(491, 57, '2400'),
(491, 59, '12'),
(491, 63, 'Quick Step'),
(491, 64, 'Россия'),
(491, 72, '58'),
(492, 57, '1380'),
(492, 58, '212'),
(492, 59, '9'),
(492, 60, '32'),
(492, 61, '4'),
(492, 62, '1'),
(492, 63, 'Quick Step'),
(492, 64, 'Россия'),
(492, 65, 'под дерево'),
(492, 66, 'гостиная, спальная'),
(492, 67, 'замковое'),
(492, 68, '7'),
(492, 69, '2.048'),
(492, 71, 'Да'),
(493, 57, '2400'),
(493, 59, '12'),
(493, 63, 'Quick Step'),
(493, 64, 'Россия'),
(493, 72, '58'),
(494, 57, '1380'),
(494, 58, '212'),
(494, 59, '9'),
(494, 60, '32'),
(494, 61, '4'),
(494, 62, '1'),
(494, 63, 'Quick Step'),
(494, 64, 'Россия'),
(494, 65, 'под дерево'),
(494, 66, 'гостиная, спальная'),
(494, 67, 'замковое'),
(494, 68, '7'),
(494, 69, '2.048'),
(494, 71, 'Да'),
(495, 57, '2400'),
(495, 59, '12'),
(495, 63, 'Quick Step'),
(495, 64, 'Россия'),
(495, 72, '58'),
(496, 57, '1380'),
(496, 58, '212'),
(496, 59, '9'),
(496, 60, '32'),
(496, 61, '4'),
(496, 62, '1'),
(496, 63, 'Quick Step'),
(496, 64, 'Россия'),
(496, 65, 'под дерево'),
(496, 66, 'гостиная, спальная'),
(496, 67, 'замковое'),
(496, 68, '7'),
(496, 69, '2.048'),
(496, 71, 'Да'),
(497, 57, '2400'),
(497, 59, '12'),
(497, 63, 'Quick Step'),
(497, 64, 'Россия'),
(497, 72, '58'),
(498, 57, '1380'),
(498, 58, '212'),
(498, 59, '9'),
(498, 60, '32'),
(498, 61, '4'),
(498, 62, '1'),
(498, 63, 'Quick Step'),
(498, 64, 'Россия'),
(498, 65, 'под дерево'),
(498, 66, 'гостиная, спальная'),
(498, 67, 'замковое'),
(498, 68, '7'),
(498, 69, '2.048'),
(498, 71, 'Да'),
(499, 57, '2400'),
(499, 59, '12'),
(499, 63, 'Quick Step'),
(499, 64, 'Россия'),
(499, 72, '58'),
(500, 57, '2400'),
(500, 59, '12'),
(500, 63, 'Quick Step'),
(500, 64, 'Россия'),
(500, 72, '58'),
(501, 57, '1380'),
(501, 58, '212'),
(501, 59, '9'),
(501, 60, '32'),
(501, 61, '4'),
(501, 62, '1'),
(501, 63, 'Quick Step'),
(501, 64, 'Россия'),
(501, 65, 'под дерево'),
(501, 66, 'гостиная, спальная'),
(501, 67, 'замковое'),
(501, 68, '7'),
(501, 69, '2.048'),
(501, 71, 'Да'),
(502, 57, '1380'),
(502, 58, '212'),
(502, 59, '9'),
(502, 60, '32'),
(502, 61, '4'),
(502, 62, '1'),
(502, 63, 'Quick Step'),
(502, 64, 'Россия'),
(502, 65, 'под дерево'),
(502, 66, 'гостиная, спальная'),
(502, 67, 'замковое'),
(502, 68, '7'),
(502, 69, '2.048'),
(502, 71, 'Да'),
(503, 57, '2400'),
(503, 59, '12'),
(503, 63, 'Quick Step'),
(503, 64, 'Россия'),
(503, 72, '58'),
(504, 57, '1380'),
(504, 58, '212'),
(504, 59, '9'),
(504, 60, '32'),
(504, 61, '4'),
(504, 62, '1'),
(504, 63, 'Quick Step'),
(504, 64, 'Россия'),
(504, 65, 'под дерево'),
(504, 66, 'гостиная, спальная'),
(504, 67, 'замковое'),
(504, 68, '7'),
(504, 69, '2.048'),
(504, 71, 'Да'),
(505, 57, '2400'),
(505, 59, '12'),
(505, 63, 'Quick Step'),
(505, 64, 'Россия'),
(505, 72, '58'),
(506, 57, '1380'),
(506, 58, '212'),
(506, 59, '9'),
(506, 60, '32'),
(506, 61, '4'),
(506, 62, '1'),
(506, 63, 'Quick Step'),
(506, 64, 'Россия'),
(506, 65, 'под дерево'),
(506, 66, 'гостиная, спальная'),
(506, 67, 'замковое'),
(506, 68, '7'),
(506, 69, '2.048'),
(506, 71, 'Да'),
(507, 57, '2400'),
(507, 59, '12'),
(507, 63, 'Quick Step'),
(507, 64, 'Россия'),
(507, 72, '58'),
(508, 57, '1380'),
(508, 58, '212'),
(508, 59, '9'),
(508, 60, '32'),
(508, 61, '4'),
(508, 62, '1'),
(508, 63, 'Quick Step'),
(508, 64, 'Россия'),
(508, 65, 'под дерево'),
(508, 66, 'гостиная, спальная'),
(508, 67, 'замковое'),
(508, 68, '7'),
(508, 69, '2.048'),
(508, 71, 'Да'),
(509, 57, '2400'),
(509, 59, '12'),
(509, 63, 'Quick Step'),
(509, 64, 'Россия'),
(509, 72, '58'),
(510, 57, '1200'),
(510, 58, '396'),
(510, 59, '8'),
(510, 60, '33'),
(510, 61, '2'),
(510, 63, 'Quick Step'),
(510, 64, 'Россия'),
(510, 65, 'под художественный паркет'),
(510, 66, 'гостиная, спальная'),
(510, 67, 'замковое'),
(510, 68, '4'),
(510, 69, '1.901'),
(510, 71, 'Да'),
(511, 57, '2400'),
(511, 59, '12'),
(511, 63, 'Quick Step'),
(511, 64, 'Россия'),
(511, 72, '58'),
(512, 57, '1200'),
(512, 58, '396'),
(512, 59, '8'),
(512, 60, '33'),
(512, 61, '2'),
(512, 63, 'Quick Step'),
(512, 64, 'Россия'),
(512, 65, 'под художественный паркет'),
(512, 66, 'гостиная, спальная'),
(512, 67, 'замковое'),
(512, 68, '4'),
(512, 69, '1.901'),
(512, 71, 'Да'),
(513, 57, '2400'),
(513, 59, '12'),
(513, 63, 'Quick Step'),
(513, 64, 'Россия'),
(513, 72, '58'),
(514, 57, '1200'),
(514, 58, '396'),
(514, 59, '8'),
(514, 60, '33'),
(514, 61, '2'),
(514, 63, 'Quick Step'),
(514, 64, 'Россия'),
(514, 65, 'под художественный паркет'),
(514, 66, 'гостиная, спальная'),
(514, 67, 'замковое'),
(514, 68, '4'),
(514, 69, '1.901'),
(514, 71, 'Да'),
(515, 57, '2400'),
(515, 59, '12'),
(515, 63, 'Quick Step'),
(515, 64, 'Россия'),
(515, 72, '58'),
(516, 57, '1200'),
(516, 58, '396'),
(516, 59, '8'),
(516, 60, '33'),
(516, 61, '2'),
(516, 63, 'Quick Step'),
(516, 64, 'Россия'),
(516, 65, 'под художественный паркет'),
(516, 66, 'гостиная, спальная'),
(516, 67, 'замковое'),
(516, 68, '4'),
(516, 69, '1.901'),
(516, 71, 'Да'),
(517, 57, '2400'),
(517, 59, '12'),
(517, 63, 'Quick Step'),
(517, 64, 'Россия'),
(517, 72, '58'),
(518, 57, '1200'),
(518, 58, '396'),
(518, 59, '8'),
(518, 60, '33'),
(518, 61, '2'),
(518, 63, 'Quick Step'),
(518, 64, 'Россия'),
(518, 65, 'под художественный паркет'),
(518, 66, 'гостиная, спальная'),
(518, 67, 'замковое'),
(518, 68, '4'),
(518, 69, '1.901'),
(518, 71, 'Да'),
(519, 57, '2400'),
(519, 59, '12'),
(519, 63, 'Quick Step'),
(519, 64, 'Россия'),
(519, 72, '58'),
(520, 57, '1200'),
(520, 58, '190'),
(520, 59, '8'),
(520, 60, '32'),
(520, 61, '4'),
(520, 62, '1'),
(520, 63, 'Quick Step'),
(520, 64, 'Россия'),
(520, 65, 'под дерево'),
(520, 66, 'гостиная, спальная'),
(520, 67, 'замковое'),
(520, 68, '7'),
(520, 69, '1.596'),
(520, 71, 'Да'),
(521, 57, '2400'),
(521, 59, '12'),
(521, 63, 'Quick Step'),
(521, 64, 'Россия'),
(521, 72, '58'),
(522, 57, '1200'),
(522, 58, '190'),
(522, 59, '8'),
(522, 60, '32'),
(522, 61, '4'),
(522, 62, '1'),
(522, 63, 'Quick Step'),
(522, 64, 'Россия'),
(522, 65, 'под дерево'),
(522, 66, 'гостиная, спальная'),
(522, 67, 'замковое'),
(522, 68, '7'),
(522, 69, '1.596'),
(522, 71, 'Да'),
(523, 57, '2400'),
(523, 59, '12'),
(523, 63, 'Quick Step'),
(523, 64, 'Россия'),
(523, 72, '58'),
(524, 57, '1200'),
(524, 58, '190'),
(524, 59, '8'),
(524, 60, '32'),
(524, 61, '4'),
(524, 62, '1'),
(524, 63, 'Quick Step'),
(524, 64, 'Россия'),
(524, 65, 'под дерево'),
(524, 66, 'гостиная, спальная'),
(524, 67, 'замковое'),
(524, 68, '7'),
(524, 69, '1.596'),
(524, 71, 'Да'),
(525, 57, '2400'),
(525, 59, '12'),
(525, 63, 'Quick Step'),
(525, 64, 'Россия'),
(525, 72, '58'),
(526, 57, '2400'),
(526, 59, '12'),
(526, 63, 'Quick Step'),
(526, 64, 'Россия'),
(526, 72, '58'),
(527, 57, '1200'),
(527, 58, '190'),
(527, 59, '8'),
(527, 60, '32'),
(527, 61, '4'),
(527, 62, '1'),
(527, 63, 'Quick Step'),
(527, 64, 'Россия'),
(527, 65, 'под дерево'),
(527, 66, 'гостиная, спальная'),
(527, 67, 'замковое'),
(527, 68, '7'),
(527, 69, '1.596'),
(527, 71, 'Да'),
(528, 57, '2400'),
(528, 59, '12'),
(528, 63, 'Quick Step'),
(528, 64, 'Россия'),
(528, 72, '58'),
(529, 57, '1200'),
(529, 58, '190'),
(529, 59, '8'),
(529, 60, '32'),
(529, 61, '4'),
(529, 62, '1'),
(529, 63, 'Quick Step'),
(529, 64, 'Россия'),
(529, 65, 'под дерево'),
(529, 66, 'гостиная, спальная'),
(529, 67, 'замковое'),
(529, 68, '7'),
(529, 69, '1.596'),
(529, 71, 'Да'),
(530, 57, '1200'),
(530, 58, '190'),
(530, 59, '8'),
(530, 60, '32'),
(530, 61, '4'),
(530, 62, '1'),
(530, 63, 'Quick Step'),
(530, 64, 'Россия'),
(530, 65, 'под дерево'),
(530, 66, 'гостиная, спальная'),
(530, 67, 'замковое'),
(530, 68, '7'),
(530, 69, '1.596'),
(530, 71, 'Да'),
(531, 57, '2400'),
(531, 59, '12'),
(531, 63, 'Quick Step'),
(531, 64, 'Россия'),
(531, 72, '58'),
(532, 57, '1200'),
(532, 58, '190'),
(532, 59, '8'),
(532, 60, '32'),
(532, 61, '4'),
(532, 62, '1'),
(532, 63, 'Quick Step'),
(532, 64, 'Россия'),
(532, 65, 'под дерево'),
(532, 66, 'гостиная, спальная'),
(532, 67, 'замковое'),
(532, 68, '7'),
(532, 69, '1.596'),
(532, 71, 'Да'),
(533, 57, '2400'),
(533, 59, '12'),
(533, 63, 'Quick Step'),
(533, 64, 'Россия'),
(533, 72, '58'),
(534, 57, '1200'),
(534, 58, '190'),
(534, 59, '8'),
(534, 60, '32'),
(534, 61, '4'),
(534, 62, '1'),
(534, 63, 'Quick Step'),
(534, 64, 'Россия'),
(534, 65, 'под дерево'),
(534, 66, 'гостиная, спальная'),
(534, 67, 'замковое'),
(534, 68, '7'),
(534, 69, '1.596'),
(534, 71, 'Да'),
(535, 57, '2400'),
(535, 59, '12'),
(535, 63, 'Quick Step'),
(535, 64, 'Россия'),
(535, 72, '58'),
(536, 57, '1200'),
(536, 58, '190'),
(536, 59, '8'),
(536, 60, '32'),
(536, 61, '4'),
(536, 62, '1'),
(536, 63, 'Quick Step'),
(536, 64, 'Россия'),
(536, 65, 'под дерево'),
(536, 66, 'гостиная, спальная'),
(536, 67, 'замковое'),
(536, 68, '7'),
(536, 69, '1.596'),
(536, 71, 'Да'),
(537, 57, '2400'),
(537, 59, '12'),
(537, 63, 'Quick Step'),
(537, 64, 'Россия'),
(537, 72, '58'),
(538, 57, '2400'),
(538, 59, '12'),
(538, 63, 'Quick Step'),
(538, 64, 'Россия'),
(538, 72, '58'),
(539, 57, '1200'),
(539, 58, '190'),
(539, 59, '8'),
(539, 60, '32'),
(539, 61, '4'),
(539, 62, '1'),
(539, 63, 'Quick Step'),
(539, 64, 'Россия'),
(539, 65, 'под дерево'),
(539, 66, 'гостиная, спальная'),
(539, 67, 'замковое'),
(539, 68, '7'),
(539, 69, '1.596'),
(539, 71, 'Да'),
(540, 57, '1200'),
(540, 58, '190'),
(540, 59, '8'),
(540, 60, '32'),
(540, 61, '4'),
(540, 62, '1'),
(540, 63, 'Quick Step'),
(540, 64, 'Россия'),
(540, 65, 'под дерево'),
(540, 66, 'гостиная, спальная'),
(540, 67, 'замковое'),
(540, 68, '7'),
(540, 69, '1.596'),
(540, 71, 'Да'),
(541, 57, '2400'),
(541, 59, '12'),
(541, 63, 'Quick Step'),
(541, 64, 'Россия'),
(541, 72, '58'),
(542, 57, '1200'),
(542, 58, '190'),
(542, 59, '8'),
(542, 60, '32'),
(542, 61, '4'),
(542, 62, '1'),
(542, 63, 'Quick Step'),
(542, 64, 'Россия'),
(542, 65, 'под дерево'),
(542, 66, 'гостиная, спальная'),
(542, 67, 'замковое'),
(542, 68, '7'),
(542, 69, '1.596'),
(542, 71, 'Да'),
(543, 57, '2400'),
(543, 59, '12'),
(543, 63, 'Quick Step'),
(543, 64, 'Россия'),
(543, 72, '58'),
(544, 57, '1200'),
(544, 58, '190'),
(544, 59, '8'),
(544, 60, '32'),
(544, 61, '4'),
(544, 62, '1'),
(544, 63, 'Quick Step'),
(544, 64, 'Россия'),
(544, 65, 'под дерево'),
(544, 66, 'гостиная, спальная'),
(544, 67, 'замковое'),
(544, 68, '7'),
(544, 69, '1.596'),
(544, 71, 'Да'),
(545, 57, '2400'),
(545, 59, '12'),
(545, 63, 'Quick Step'),
(545, 64, 'Россия'),
(545, 72, '58'),
(546, 57, '1200'),
(546, 58, '190'),
(546, 59, '8'),
(546, 60, '32'),
(546, 61, '4'),
(546, 62, '1'),
(546, 63, 'Quick Step'),
(546, 64, 'Россия'),
(546, 65, 'под дерево'),
(546, 66, 'гостиная, спальная'),
(546, 67, 'замковое'),
(546, 68, '7'),
(546, 69, '1.596'),
(546, 71, 'Да'),
(547, 57, '2400'),
(547, 59, '12'),
(547, 63, 'Quick Step'),
(547, 64, 'Россия'),
(547, 72, '58'),
(548, 57, '1200'),
(548, 58, '190'),
(548, 59, '8'),
(548, 60, '32'),
(548, 61, '4'),
(548, 62, '1'),
(548, 63, 'Quick Step'),
(548, 64, 'Россия'),
(548, 65, 'под дерево'),
(548, 66, 'гостиная, спальная'),
(548, 67, 'замковое'),
(548, 68, '7'),
(548, 69, '1.596'),
(548, 71, 'Да'),
(549, 57, '2400'),
(549, 59, '12'),
(549, 63, 'Quick Step'),
(549, 64, 'Россия'),
(549, 72, '58'),
(550, 57, '1200'),
(550, 58, '190'),
(550, 59, '8'),
(550, 60, '32'),
(550, 61, '4'),
(550, 62, '1'),
(550, 63, 'Quick Step'),
(550, 64, 'Россия'),
(550, 65, 'под дерево'),
(550, 66, 'гостиная, спальная'),
(550, 67, 'замковое'),
(550, 68, '7'),
(550, 69, '1.596'),
(550, 71, 'Да'),
(551, 57, '2400'),
(551, 59, '12'),
(551, 63, 'Quick Step'),
(551, 64, 'Россия'),
(551, 72, '58'),
(552, 57, '1200'),
(552, 58, '190'),
(552, 59, '8'),
(552, 60, '32'),
(552, 61, '4'),
(552, 62, '1'),
(552, 63, 'Quick Step'),
(552, 64, 'Россия'),
(552, 65, 'под дерево'),
(552, 66, 'гостиная, спальная'),
(552, 67, 'замковое'),
(552, 68, '7'),
(552, 69, '1.596'),
(552, 71, 'Да'),
(553, 57, '2400'),
(553, 59, '12'),
(553, 63, 'Quick Step'),
(553, 64, 'Россия'),
(553, 72, '58'),
(554, 57, '1200'),
(554, 58, '190'),
(554, 59, '8'),
(554, 60, '32'),
(554, 61, '4'),
(554, 62, '1'),
(554, 63, 'Quick Step'),
(554, 64, 'Россия'),
(554, 65, 'под дерево'),
(554, 66, 'гостиная, спальная'),
(554, 67, 'замковое'),
(554, 68, '7'),
(554, 69, '1.596'),
(554, 71, 'Да'),
(555, 57, '2400'),
(555, 59, '12'),
(555, 63, 'Quick Step'),
(555, 64, 'Россия'),
(555, 72, '58'),
(556, 57, '1380'),
(556, 58, '156'),
(556, 59, '8'),
(556, 60, '32'),
(556, 61, 'без фаски'),
(556, 62, '1'),
(556, 63, 'Quick Step'),
(556, 64, 'Россия'),
(556, 65, 'под дерево'),
(556, 66, 'гостиная, кухня, спальная'),
(556, 67, 'замковое'),
(556, 68, '8'),
(556, 69, '1.722'),
(556, 70, '13'),
(556, 71, 'Да'),
(557, 57, '2400'),
(557, 59, '12'),
(557, 63, 'Quick Step'),
(557, 64, 'Россия'),
(557, 72, '58'),
(558, 57, '1380'),
(558, 58, '156'),
(558, 59, '8'),
(558, 60, '32'),
(558, 61, 'без фаски'),
(558, 62, '1'),
(558, 63, 'Quick Step'),
(558, 64, 'Россия'),
(558, 65, 'под дерево'),
(558, 66, 'гостиная, кухня, спальная'),
(558, 67, 'замковое'),
(558, 68, '8'),
(558, 69, '1.722'),
(558, 70, '13'),
(558, 71, 'Да'),
(559, 57, '2400'),
(559, 59, '12'),
(559, 63, 'Quick Step'),
(559, 64, 'Россия'),
(559, 72, '58'),
(560, 57, '1380'),
(560, 58, '156'),
(560, 59, '8'),
(560, 60, '32'),
(560, 61, 'без фаски'),
(560, 62, '1'),
(560, 63, 'Quick Step'),
(560, 64, 'Россия'),
(560, 65, 'под дерево'),
(560, 66, 'гостиная, кухня, спальная'),
(560, 67, 'замковое'),
(560, 68, '8'),
(560, 69, '1.722'),
(560, 70, '13'),
(560, 71, 'Да'),
(561, 57, '2400'),
(561, 59, '12'),
(561, 63, 'Quick Step'),
(561, 64, 'Россия'),
(561, 72, '58'),
(562, 57, '1380'),
(562, 58, '156'),
(562, 59, '8'),
(562, 60, '32'),
(562, 61, 'без фаски'),
(562, 62, '1'),
(562, 63, 'Quick Step'),
(562, 64, 'Россия'),
(562, 65, 'под дерево'),
(562, 66, 'гостиная, кухня, спальная'),
(562, 67, 'замковое'),
(562, 68, '8'),
(562, 69, '1.722'),
(562, 70, '13'),
(562, 71, 'Да'),
(563, 57, '2400'),
(563, 59, '12'),
(563, 63, 'Quick Step'),
(563, 64, 'Россия'),
(563, 72, '58'),
(564, 57, '1380'),
(564, 58, '156'),
(564, 59, '8'),
(564, 60, '32'),
(564, 61, 'без фаски'),
(564, 62, '1'),
(564, 63, 'Quick Step'),
(564, 64, 'Россия'),
(564, 65, 'под дерево'),
(564, 66, 'гостиная, коридор, офис, спальная'),
(564, 67, 'замковое'),
(564, 68, '8'),
(564, 69, '1.722'),
(564, 70, '13'),
(564, 71, 'Да'),
(565, 57, '2400'),
(565, 59, '12'),
(565, 63, 'Quick Step'),
(565, 64, 'Россия'),
(565, 72, '58'),
(566, 57, '1380'),
(566, 58, '156'),
(566, 59, '8'),
(566, 60, '32'),
(566, 61, 'без фаски'),
(566, 62, '1'),
(566, 63, 'Quick Step'),
(566, 64, 'Россия'),
(566, 65, 'под дерево'),
(566, 66, 'гостиная, коридор, офис, спальная'),
(566, 67, 'замковое'),
(566, 68, '8'),
(566, 69, '1.722'),
(566, 70, '13'),
(566, 71, 'Да'),
(567, 57, '2400'),
(567, 59, '12'),
(567, 63, 'Quick Step'),
(567, 64, 'Россия'),
(567, 72, '58'),
(568, 57, '1380'),
(568, 58, '156'),
(568, 59, '8'),
(568, 60, '32'),
(568, 61, 'без фаски'),
(568, 62, '1'),
(568, 63, 'Quick Step'),
(568, 64, 'Россия'),
(568, 65, 'под дерево'),
(568, 66, 'гостиная, коридор, офис, спальная'),
(568, 67, 'замковое'),
(568, 68, '8'),
(568, 69, '1.722'),
(568, 70, '13'),
(568, 71, 'Да'),
(569, 57, '2400'),
(569, 59, '12'),
(569, 63, 'Quick Step'),
(569, 64, 'Россия'),
(569, 72, '58'),
(570, 57, '1380'),
(570, 58, '156'),
(570, 59, '8'),
(570, 60, '32'),
(570, 61, 'без фаски'),
(570, 62, '1'),
(570, 63, 'Quick Step'),
(570, 64, 'Россия'),
(570, 65, 'под дерево'),
(570, 66, 'гостиная, коридор, офис, спальная'),
(570, 67, 'замковое'),
(570, 68, '8'),
(570, 69, '1.722'),
(570, 70, '13'),
(570, 71, 'Да'),
(571, 57, '2400'),
(571, 59, '12'),
(571, 63, 'Quick Step'),
(571, 64, 'Россия'),
(571, 72, '58'),
(572, 57, '1380'),
(572, 58, '156'),
(572, 59, '8'),
(572, 60, '32'),
(572, 61, 'без фаски'),
(572, 62, '1'),
(572, 63, 'Quick Step'),
(572, 64, 'Россия'),
(572, 65, 'под дерево'),
(572, 66, 'гостиная, коридор, офис, спальная'),
(572, 67, 'замковое'),
(572, 68, '8'),
(572, 69, '1.722'),
(572, 70, '13'),
(572, 71, 'Да'),
(573, 57, '2400'),
(573, 59, '12'),
(573, 63, 'Quick Step'),
(573, 64, 'Россия'),
(573, 72, '58'),
(574, 57, '1380'),
(574, 58, '156'),
(574, 59, '8'),
(574, 60, '32'),
(574, 61, 'без фаски'),
(574, 62, '1'),
(574, 63, 'Quick Step'),
(574, 64, 'Россия'),
(574, 65, 'под дерево'),
(574, 66, 'гостиная, коридор, офис, спальная'),
(574, 67, 'замковое'),
(574, 68, '8'),
(574, 69, '1.722'),
(574, 70, '13'),
(574, 71, 'Да'),
(575, 57, '2400'),
(575, 59, '12'),
(575, 63, 'Quick Step'),
(575, 64, 'Россия'),
(575, 72, '58'),
(576, 57, '1380'),
(576, 58, '156'),
(576, 59, '8'),
(576, 60, '32'),
(576, 61, 'без фаски'),
(576, 62, '1'),
(576, 63, 'Quick Step'),
(576, 64, 'Россия'),
(576, 65, 'под дерево'),
(576, 66, 'гостиная, коридор, офис, спальная'),
(576, 67, 'замковое'),
(576, 68, '8'),
(576, 69, '1.722'),
(576, 70, '13'),
(576, 71, 'Да'),
(577, 57, '2400'),
(577, 59, '12'),
(577, 63, 'Quick Step'),
(577, 64, 'Россия'),
(577, 72, '58'),
(578, 57, '1380'),
(578, 58, '156'),
(578, 59, '8'),
(578, 60, '32'),
(578, 61, 'без фаски'),
(578, 62, '1'),
(578, 63, 'Quick Step'),
(578, 64, 'Россия'),
(578, 65, 'под дерево'),
(578, 66, 'гостиная, коридор, офис, спальная'),
(578, 67, 'замковое'),
(578, 68, '8'),
(578, 69, '1.722'),
(578, 70, '13'),
(578, 71, 'Да'),
(579, 57, '2400'),
(579, 59, '12'),
(579, 63, 'Quick Step'),
(579, 64, 'Россия'),
(579, 72, '58'),
(580, 57, '1380'),
(580, 58, '156'),
(580, 59, '8'),
(580, 60, '32'),
(580, 61, 'без фаски'),
(580, 62, '1'),
(580, 63, 'Quick Step'),
(580, 64, 'Россия'),
(580, 65, 'под дерево'),
(580, 66, 'гостиная, коридор, офис, спальная'),
(580, 67, 'замковое'),
(580, 68, '8'),
(580, 69, '1.722'),
(580, 70, '13'),
(580, 71, 'Да'),
(581, 57, '2400'),
(581, 59, '12'),
(581, 63, 'Quick Step'),
(581, 64, 'Россия'),
(581, 72, '58'),
(582, 57, '1380'),
(582, 58, '156'),
(582, 59, '8'),
(582, 60, '32'),
(582, 61, 'без фаски'),
(582, 62, '1'),
(582, 63, 'Quick Step'),
(582, 64, 'Россия'),
(582, 65, 'под дерево'),
(582, 66, 'гостиная, коридор, офис, спальная'),
(582, 67, 'замковое'),
(582, 68, '8'),
(582, 69, '1.722'),
(582, 70, '13'),
(582, 71, 'Да'),
(583, 57, '2400'),
(583, 59, '12'),
(583, 63, 'Quick Step'),
(583, 64, 'Россия'),
(583, 72, '58'),
(584, 57, '1380'),
(584, 58, '156'),
(584, 59, '8'),
(584, 60, '32'),
(584, 61, 'без фаски'),
(584, 62, '1'),
(584, 63, 'Quick Step'),
(584, 64, 'Россия'),
(584, 65, 'под дерево'),
(584, 66, 'гостиная, коридор, офис, спальная'),
(584, 67, 'замковое'),
(584, 68, '8'),
(584, 69, '1.722'),
(584, 70, '13'),
(584, 71, 'Да'),
(585, 57, '2400'),
(585, 59, '12'),
(585, 63, 'Quick Step'),
(585, 64, 'Россия'),
(585, 72, '58'),
(586, 57, '1380'),
(586, 58, '156'),
(586, 59, '8'),
(586, 60, '32'),
(586, 61, 'без фаски'),
(586, 62, '1'),
(586, 63, 'Quick Step'),
(586, 64, 'Россия'),
(586, 65, 'под дерево'),
(586, 66, 'гостиная, коридор, офис, спальная'),
(586, 67, 'замковое'),
(586, 68, '8'),
(586, 69, '1.722'),
(586, 70, '13'),
(586, 71, 'Да'),
(587, 57, '2400'),
(587, 59, '12'),
(587, 63, 'Quick Step'),
(587, 64, 'Россия'),
(587, 72, '58'),
(588, 57, '1380'),
(588, 58, '156'),
(588, 59, '8'),
(588, 60, '32'),
(588, 61, 'без фаски'),
(588, 62, '1'),
(588, 63, 'Quick Step'),
(588, 64, 'Россия'),
(588, 65, 'под дерево'),
(588, 66, 'гостиная, коридор, офис, спальная'),
(588, 67, 'замковое'),
(588, 68, '8'),
(588, 69, '1.722'),
(588, 70, '13'),
(588, 71, 'Да'),
(589, 57, '2400'),
(589, 59, '12'),
(589, 63, 'Quick Step'),
(589, 64, 'Россия'),
(589, 72, '58'),
(590, 57, '1380'),
(590, 58, '156'),
(590, 59, '8'),
(590, 60, '32'),
(590, 61, 'без фаски'),
(590, 62, '1'),
(590, 63, 'Quick Step'),
(590, 64, 'Россия'),
(590, 65, 'под дерево'),
(590, 66, 'гостиная, коридор, офис, спальная'),
(590, 67, 'замковое'),
(590, 68, '8'),
(590, 69, '1.722'),
(590, 70, '13'),
(590, 71, 'Да'),
(591, 57, '2400'),
(591, 59, '12'),
(591, 63, 'Quick Step'),
(591, 64, 'Россия'),
(591, 72, '58'),
(592, 57, '1380'),
(592, 58, '156'),
(592, 59, '8'),
(592, 60, '32'),
(592, 61, 'без фаски'),
(592, 62, '1'),
(592, 63, 'Quick Step'),
(592, 64, 'Россия'),
(592, 65, 'под дерево'),
(592, 66, 'гостиная, коридор, офис, спальная'),
(592, 67, 'замковое'),
(592, 68, '8'),
(592, 69, '1.722'),
(592, 70, '13'),
(592, 71, 'Да'),
(593, 57, '2400'),
(593, 59, '12'),
(593, 63, 'Quick Step'),
(593, 64, 'Россия'),
(593, 72, '58'),
(594, 57, '1380'),
(594, 58, '156'),
(594, 59, '8'),
(594, 60, '32'),
(594, 61, 'без фаски'),
(594, 62, '1'),
(594, 63, 'Quick Step'),
(594, 64, 'Россия'),
(594, 65, 'под дерево'),
(594, 66, 'гостиная, коридор, офис, спальная'),
(594, 67, 'замковое'),
(594, 68, '8'),
(594, 69, '1.722'),
(594, 70, '13'),
(594, 71, 'Да'),
(595, 57, '2400'),
(595, 59, '12'),
(595, 63, 'Quick Step'),
(595, 64, 'Россия'),
(595, 72, '58');

-- --------------------------------------------------------

--
-- Структура таблицы `product_groups`
--

CREATE TABLE `product_groups` (
  `id` int(10) UNSIGNED NOT NULL,
  `name` varchar(255) COLLATE utf8mb4_unicode_ci NOT NULL,
  `category_id` int(10) UNSIGNED NOT NULL,
  `created_at` timestamp NULL DEFAULT NULL,
  `updated_at` timestamp NULL DEFAULT NULL
) ENGINE=InnoDB DEFAULT CHARSET=utf8mb4 COLLATE=utf8mb4_unicode_ci;

-- --------------------------------------------------------

--
-- Структура таблицы `product_group_images`
--

CREATE TABLE `product_group_images` (
  `name` varchar(100) COLLATE utf8mb4_unicode_ci NOT NULL,
  `product_group_id` int(10) UNSIGNED NOT NULL,
  `level` tinyint(4) NOT NULL
) ENGINE=InnoDB DEFAULT CHARSET=utf8mb4 COLLATE=utf8mb4_unicode_ci;

-- --------------------------------------------------------

--
-- Структура таблицы `product_group_views`
--

CREATE TABLE `product_group_views` (
  `product_group_id` int(10) UNSIGNED NOT NULL,
  `page_id` int(10) UNSIGNED NOT NULL
) ENGINE=InnoDB DEFAULT CHARSET=utf8mb4 COLLATE=utf8mb4_unicode_ci;

-- --------------------------------------------------------

--
-- Структура таблицы `product_images`
--

CREATE TABLE `product_images` (
  `name` varchar(100) COLLATE utf8mb4_unicode_ci NOT NULL,
  `product_id` int(10) UNSIGNED NOT NULL,
  `level` tinyint(4) NOT NULL
) ENGINE=InnoDB DEFAULT CHARSET=utf8mb4 COLLATE=utf8mb4_unicode_ci;

--
-- Дамп данных таблицы `product_images`
--

INSERT INTO `product_images` (`name`, `product_id`, `level`) VALUES
('click-guard.jpg', 15, 0),
('laminat-quick-step-castle-dub-anglijskiy-naturalniy-ca4161-2.jpeg', 516, 1),
('laminat-quick-step-castle-dub-anglijskiy-naturalniy-ca4161-3.jpeg', 516, 2),
('laminat-quick-step-castle-dub-anglijskiy-naturalniy-ca4161-4.jpeg', 516, 3),
('laminat-quick-step-castle-dub-anglijskiy-naturalniy-ca4161-5.jpeg', 516, 4),
('laminat-quick-step-castle-dub-anglijskiy-naturalniy-ca4161.jpeg', 516, 0),
('laminat-quick-step-castle-dub-gorchichniy-ca4162-2.jpeg', 514, 1),
('laminat-quick-step-castle-dub-gorchichniy-ca4162-3.jpeg', 514, 2),
('laminat-quick-step-castle-dub-gorchichniy-ca4162-4.jpeg', 514, 3),
('laminat-quick-step-castle-dub-gorchichniy-ca4162-5.jpeg', 514, 4),
('laminat-quick-step-castle-dub-gorchichniy-ca4162.jpeg', 514, 0),
('laminat-quick-step-castle-dub-kapuchino-ca4160-2.jpeg', 510, 1),
('laminat-quick-step-castle-dub-kapuchino-ca4160-3.jpeg', 510, 2),
('laminat-quick-step-castle-dub-kapuchino-ca4160-4.jpeg', 510, 3),
('laminat-quick-step-castle-dub-kapuchino-ca4160-5.jpeg', 510, 4),
('laminat-quick-step-castle-dub-kapuchino-ca4160.jpeg', 510, 0),
('laminat-quick-step-castle-dub-pepelniy-ca4159-2.jpeg', 512, 1),
('laminat-quick-step-castle-dub-pepelniy-ca4159-3.jpeg', 512, 2),
('laminat-quick-step-castle-dub-pepelniy-ca4159-4.jpeg', 512, 3),
('laminat-quick-step-castle-dub-pepelniy-ca4159-5.jpeg', 512, 4),
('laminat-quick-step-castle-dub-pepelniy-ca4159.jpeg', 512, 0),
('laminat-quick-step-castle-dub-svetlo-seriy-patina-ca4158-2.jpeg', 518, 1),
('laminat-quick-step-castle-dub-svetlo-seriy-patina-ca4158-3.jpeg', 518, 2),
('laminat-quick-step-castle-dub-svetlo-seriy-patina-ca4158-4.jpeg', 518, 3),
('laminat-quick-step-castle-dub-svetlo-seriy-patina-ca4158-5.jpeg', 518, 4),
('laminat-quick-step-castle-dub-svetlo-seriy-patina-ca4158.jpeg', 518, 0),
('laminat-quick-step-classic-cl1382-dub-starinniy-seriy-2.jpeg', 524, 1),
('laminat-quick-step-classic-cl1382-dub-starinniy-seriy-3.jpeg', 524, 2),
('laminat-quick-step-classic-cl1382-dub-starinniy-seriy.jpeg', 524, 0),
('laminat-quick-step-classic-clm1381-dub-starinniy-naturalniy-2.jpeg', 530, 1),
('laminat-quick-step-classic-clm1381-dub-starinniy-naturalniy-3.jpeg', 530, 2),
('laminat-quick-step-classic-clm1381-dub-starinniy-naturalniy.jpeg', 530, 0),
('laminat-quick-step-classic-clm1383-dub-starinniy-tyomniy-2.jpeg', 529, 1),
('laminat-quick-step-classic-clm1383-dub-starinniy-tyomniy-3.jpeg', 529, 2),
('laminat-quick-step-classic-clm1383-dub-starinniy-tyomniy.jpeg', 529, 0),
('laminat-quick-step-classic-clm1405-dub-starinniy-svetlo-seriy-2.jpeg', 527, 1),
('laminat-quick-step-classic-clm1405-dub-starinniy-svetlo-seriy-3.jpeg', 527, 2),
('laminat-quick-step-classic-clm1405-dub-starinniy-svetlo-seriy-4.jpeg', 527, 3),
('laminat-quick-step-classic-clm1405-dub-starinniy-svetlo-seriy.jpeg', 527, 0),
('laminat-quick-step-classic-clm1655-kubinskiy-dub-2.jpeg', 520, 1),
('laminat-quick-step-classic-clm1655-kubinskiy-dub-3.jpeg', 520, 2),
('laminat-quick-step-classic-clm1655-kubinskiy-dub-4.jpeg', 520, 3),
('laminat-quick-step-classic-clm1655-kubinskiy-dub.jpeg', 520, 0),
('laminat-quick-step-classic-clm1658-lunniy-dub-natur-2.jpeg', 522, 1),
('laminat-quick-step-classic-clm1658-lunniy-dub-natur-3.jpeg', 522, 2),
('laminat-quick-step-classic-clm1658-lunniy-dub-natur.jpeg', 522, 0),
('laminat-quick-step-classic-clv4084-dub-bezheviy-rustikalniy-2.jpeg', 544, 1),
('laminat-quick-step-classic-clv4084-dub-bezheviy-rustikalniy-3.jpeg', 544, 2),
('laminat-quick-step-classic-clv4084-dub-bezheviy-rustikalniy.jpeg', 544, 0),
('laminat-quick-step-classic-clv4085-dub-naturalniy-rustikalniy-2.jpeg', 539, 1),
('laminat-quick-step-classic-clv4085-dub-naturalniy-rustikalniy-3.jpeg', 539, 2),
('laminat-quick-step-classic-clv4085-dub-naturalniy-rustikalniy.jpeg', 539, 0),
('laminat-quick-step-classic-clv4086-dub-shokoladniy-rustikalniy-2.jpeg', 548, 1),
('laminat-quick-step-classic-clv4086-dub-shokoladniy-rustikalniy-3.jpeg', 548, 2),
('laminat-quick-step-classic-clv4086-dub-shokoladniy-rustikalniy.jpeg', 548, 0),
('laminat-quick-step-classic-clv4087-dub-beliy-otbelenniy-2.jpeg', 536, 1),
('laminat-quick-step-classic-clv4087-dub-beliy-otbelenniy-3.jpeg', 536, 2),
('laminat-quick-step-classic-clv4087-dub-beliy-otbelenniy.jpeg', 536, 0),
('laminat-quick-step-classic-clv4088-dub-bezheviy-otbelenniy-2.jpeg', 542, 1),
('laminat-quick-step-classic-clv4088-dub-bezheviy-otbelenniy-3.jpeg', 542, 2),
('laminat-quick-step-classic-clv4088-dub-bezheviy-otbelenniy.jpeg', 542, 0),
('laminat-quick-step-classic-clv4089-dub-naturalniy-otbelenniy-2.jpeg', 546, 1),
('laminat-quick-step-classic-clv4089-dub-naturalniy-otbelenniy.jpeg', 546, 0),
('laminat-quick-step-classic-clv4090-dub-gorniy-krasniy-2.jpeg', 554, 1),
('laminat-quick-step-classic-clv4090-dub-gorniy-krasniy-3.jpeg', 554, 2),
('laminat-quick-step-classic-clv4090-dub-gorniy-krasniy.jpeg', 554, 0),
('laminat-quick-step-classic-clv4091-dub-gorniy-korichneviy-2.jpeg', 552, 1),
('laminat-quick-step-classic-clv4091-dub-gorniy-korichneviy-3.jpeg', 552, 2),
('laminat-quick-step-classic-clv4091-dub-gorniy-korichneviy.jpeg', 552, 0),
('laminat-quick-step-classic-clv4092-dub-gorniy-tyomno-korichneviy-2.jpeg', 550, 1),
('laminat-quick-step-classic-clv4092-dub-gorniy-tyomno-korichneviy-3.jpeg', 550, 2),
('laminat-quick-step-classic-clv4092-dub-gorniy-tyomno-korichneviy.jpeg', 550, 0),
('laminat-quick-step-classic-clv4093-dub-bezheviy-premium-2.jpeg', 532, 1),
('laminat-quick-step-classic-clv4093-dub-bezheviy-premium.jpeg', 532, 0),
('laminat-quick-step-classic-clv4094-dub-svetliy-naturalniy-premium-2.jpeg', 540, 1),
('laminat-quick-step-classic-clv4094-dub-svetliy-naturalniy-premium-3.jpeg', 540, 2),
('laminat-quick-step-classic-clv4094-dub-svetliy-naturalniy-premium.jpeg', 540, 0),
('laminat-quick-step-classic-clv4095-dub-tyopliy-naturalniy-premium-2.jpeg', 534, 1),
('laminat-quick-step-classic-clv4095-dub-tyopliy-naturalniy-premium.jpeg', 534, 0),
('laminat-quick-step-desire-dub-naturalniy-zolotistiy-uc3465-1.jpeg', 562, 1),
('laminat-quick-step-desire-dub-naturalniy-zolotistiy-uc3465-2.jpeg', 562, 2),
('laminat-quick-step-desire-dub-naturalniy-zolotistiy-uc3465.jpeg', 562, 0),
('laminat-quick-step-desire-dub-seriy-serebristiy-uc3464-1.jpeg', 558, 1),
('laminat-quick-step-desire-dub-seriy-serebristiy-uc3464-2.jpeg', 558, 2),
('laminat-quick-step-desire-dub-seriy-serebristiy-uc3464.jpeg', 558, 0),
('laminat-quick-step-desire-dub-svetlo-seriy-serebristiy-uc3464-1.jpeg', 556, 1),
('laminat-quick-step-desire-dub-svetlo-seriy-serebristiy-uc3464-2.jpeg', 556, 2),
('laminat-quick-step-desire-dub-svetlo-seriy-serebristiy-uc3464.jpeg', 556, 0),
('laminat-quick-step-desire-dub-svetlo-seriy-zolotistiy-uc3463-1.jpeg', 560, 1),
('laminat-quick-step-desire-dub-svetlo-seriy-zolotistiy-uc3463-2.jpeg', 560, 2),
('laminat-quick-step-desire-dub-svetlo-seriy-zolotistiy-uc3463.jpeg', 560, 0),
('laminat-quick-step-eligna-doska-orehovaya-promaslennaya-u1043-1.jpeg', 582, 1),
('laminat-quick-step-eligna-doska-orehovaya-promaslennaya-u1043-2.jpeg', 582, 2),
('laminat-quick-step-eligna-doska-orehovaya-promaslennaya-u1043.jpeg', 582, 0),
('laminat-quick-step-eligna-u1000-venge-1.jpeg', 590, 1),
('laminat-quick-step-eligna-u1000-venge-2.jpeg', 590, 2),
('laminat-quick-step-eligna-u1000-venge.jpeg', 590, 0),
('laminat-quick-step-eligna-u1235-sosna-belaya-zatertaya-1.jpeg', 594, 1),
('laminat-quick-step-eligna-u1235-sosna-belaya-zatertaya-2.jpeg', 594, 2),
('laminat-quick-step-eligna-u1235-sosna-belaya-zatertaya.jpeg', 594, 0),
('laminat-quick-step-eligna-u1300-venge-intensivniy-1.jpeg', 578, 1),
('laminat-quick-step-eligna-u1300-venge-intensivniy-2.jpeg', 578, 2),
('laminat-quick-step-eligna-u1300-venge-intensivniy.jpeg', 578, 0),
('laminat-quick-step-eligna-u3457-dub-svetliy-natur-1.jpeg', 570, 1),
('laminat-quick-step-eligna-u3457-dub-svetliy-natur-2.jpeg', 570, 2),
('laminat-quick-step-eligna-u3457-dub-svetliy-natur.jpeg', 570, 0),
('laminat-quick-step-eligna-u3458-dub-tyopliy-naturalniy-1.jpeg', 574, 1),
('laminat-quick-step-eligna-u3458-dub-tyopliy-naturalniy-2.jpeg', 574, 2),
('laminat-quick-step-eligna-u3458-dub-tyopliy-naturalniy.jpeg', 574, 0),
('laminat-quick-step-eligna-u3459-dub-tyopliy-seriy-1.jpeg', 566, 1),
('laminat-quick-step-eligna-u3459-dub-tyopliy-seriy-2.jpeg', 566, 2),
('laminat-quick-step-eligna-u3459-dub-tyopliy-seriy.jpeg', 566, 0),
('laminat-quick-step-eligna-u3460-dub-tyomno-korichneviy-1.jpeg', 588, 1),
('laminat-quick-step-eligna-u3460-dub-tyomno-korichneviy-2.jpeg', 588, 2),
('laminat-quick-step-eligna-u3460-dub-tyomno-korichneviy.jpeg', 588, 0),
('laminat-quick-step-eligna-u3461-dub-shokoladniy-promaslenniy-1.jpeg', 572, 1),
('laminat-quick-step-eligna-u3461-dub-shokoladniy-promaslenniy-2.jpeg', 572, 2),
('laminat-quick-step-eligna-u3461-dub-shokoladniy-promaslenniy.jpeg', 572, 0),
('laminat-quick-step-eligna-u3576-dub-starinniy-bezheviy-1.jpeg', 586, 1),
('laminat-quick-step-eligna-u3576-dub-starinniy-bezheviy-2.jpeg', 586, 2),
('laminat-quick-step-eligna-u3576-dub-starinniy-bezheviy-3.jpeg', 586, 3),
('laminat-quick-step-eligna-u3576-dub-starinniy-bezheviy.jpeg', 586, 0),
('laminat-quick-step-eligna-u3578-dub-prirodniy-naturalniy-1.jpeg', 592, 1),
('laminat-quick-step-eligna-u3578-dub-prirodniy-naturalniy-2.jpeg', 592, 2),
('laminat-quick-step-eligna-u3578-dub-prirodniy-naturalniy.jpeg', 592, 0),
('laminat-quick-step-eligna-u3831-dub-italyanskiy-svetlo-seriy-1.jpeg', 564, 1),
('laminat-quick-step-eligna-u3831-dub-italyanskiy-svetlo-seriy-2.jpeg', 564, 2),
('laminat-quick-step-eligna-u3831-dub-italyanskiy-svetlo-seriy-3.jpeg', 564, 3),
('laminat-quick-step-eligna-u3831-dub-italyanskiy-svetlo-seriy.jpeg', 564, 0),
('laminat-quick-step-eligna-u3832-dub-italyanskiy-bezheviy-1.jpeg', 576, 1),
('laminat-quick-step-eligna-u3832-dub-italyanskiy-bezheviy-2.jpeg', 576, 2),
('laminat-quick-step-eligna-u3832-dub-italyanskiy-bezheviy.jpeg', 576, 0),
('laminat-quick-step-eligna-u3833-dub-izyskanniy-tyomniy-1.jpeg', 584, 1),
('laminat-quick-step-eligna-u3833-dub-izyskanniy-tyomniy-2.jpeg', 584, 2),
('laminat-quick-step-eligna-u3833-dub-izyskanniy-tyomniy.jpeg', 584, 0),
('laminat-quick-step-eligna-u896-dub-naturalniy-lakirovanniy-1.jpeg', 580, 1),
('laminat-quick-step-eligna-u896-dub-naturalniy-lakirovanniy-2.jpeg', 580, 2),
('laminat-quick-step-eligna-u896-dub-naturalniy-lakirovanniy.jpeg', 580, 0),
('laminat-quick-step-eligna-u915-dub-beliy-lakirovanniy-1.jpeg', 568, 1),
('laminat-quick-step-eligna-u915-dub-beliy-lakirovanniy-2.jpeg', 568, 2),
('laminat-quick-step-eligna-u915-dub-beliy-lakirovanniy.jpeg', 568, 0),
('laminat-quick-step-signature-dub-beliy-krasheniy-sig4753-10.jpeg', 496, 9),
('laminat-quick-step-signature-dub-beliy-krasheniy-sig4753-11.jpeg', 496, 10),
('laminat-quick-step-signature-dub-beliy-krasheniy-sig4753-12.jpeg', 496, 11),
('laminat-quick-step-signature-dub-beliy-krasheniy-sig4753-2.jpeg', 496, 1),
('laminat-quick-step-signature-dub-beliy-krasheniy-sig4753-3.jpeg', 496, 2),
('laminat-quick-step-signature-dub-beliy-krasheniy-sig4753-4.jpeg', 496, 3),
('laminat-quick-step-signature-dub-beliy-krasheniy-sig4753-5.jpeg', 496, 4),
('laminat-quick-step-signature-dub-beliy-krasheniy-sig4753-6.jpeg', 496, 5),
('laminat-quick-step-signature-dub-beliy-krasheniy-sig4753-7.jpeg', 496, 6),
('laminat-quick-step-signature-dub-beliy-krasheniy-sig4753-8.jpeg', 496, 7),
('laminat-quick-step-signature-dub-beliy-krasheniy-sig4753-9.jpeg', 496, 8),
('laminat-quick-step-signature-dub-beliy-krasheniy-sig4753.jpeg', 496, 0),
('laminat-quick-step-signature-dub-beliy-premium-sig4757-2.jpeg', 482, 1),
('laminat-quick-step-signature-dub-beliy-premium-sig4757-3.jpeg', 482, 2),
('laminat-quick-step-signature-dub-beliy-premium-sig4757-4.jpeg', 482, 3),
('laminat-quick-step-signature-dub-beliy-premium-sig4757.jpeg', 482, 0),
('laminat-quick-step-signature-dub-bezheviy-brashirovanniy-sig4764-2.jpeg', 484, 1),
('laminat-quick-step-signature-dub-bezheviy-brashirovanniy-sig4764-3.jpeg', 484, 2),
('laminat-quick-step-signature-dub-bezheviy-brashirovanniy-sig4764-4.jpeg', 484, 3),
('laminat-quick-step-signature-dub-bezheviy-brashirovanniy-sig4764.jpeg', 484, 0),
('laminat-quick-step-signature-dub-bezheviy-lakirovanniy-sig4750-2.jpeg', 486, 1),
('laminat-quick-step-signature-dub-bezheviy-lakirovanniy-sig4750-3.jpeg', 486, 2),
('laminat-quick-step-signature-dub-bezheviy-lakirovanniy-sig4750.jpeg', 486, 0),
('laminat-quick-step-signature-dub-korichneviy-brashirovanniy-sig4766-2.jpeg', 501, 1),
('laminat-quick-step-signature-dub-korichneviy-brashirovanniy-sig4766-3.jpeg', 501, 2),
('laminat-quick-step-signature-dub-korichneviy-brashirovanniy-sig4766-4.jpeg', 501, 3),
('laminat-quick-step-signature-dub-korichneviy-brashirovanniy-sig4766-5.jpeg', 501, 4),
('laminat-quick-step-signature-dub-korichneviy-brashirovanniy-sig4766-6.jpeg', 501, 5),
('laminat-quick-step-signature-dub-korichneviy-brashirovanniy-sig4766-7.jpeg', 501, 6),
('laminat-quick-step-signature-dub-korichneviy-brashirovanniy-sig4766.jpeg', 501, 0),
('laminat-quick-step-signature-dub-korichneviy-patina-sig4751-2.jpeg', 502, 1),
('laminat-quick-step-signature-dub-korichneviy-patina-sig4751-3.jpeg', 502, 2),
('laminat-quick-step-signature-dub-korichneviy-patina-sig4751-4.jpeg', 502, 3),
('laminat-quick-step-signature-dub-korichneviy-patina-sig4751-5.jpeg', 502, 4),
('laminat-quick-step-signature-dub-korichneviy-patina-sig4751-6.jpeg', 502, 5),
('laminat-quick-step-signature-dub-korichneviy-patina-sig4751-7.jpeg', 502, 6),
('laminat-quick-step-signature-dub-korichneviy-patina-sig4751.jpeg', 502, 0),
('laminat-quick-step-signature-dub-korichneviy-voshheniy-sig4756-2.jpeg', 506, 1),
('laminat-quick-step-signature-dub-korichneviy-voshheniy-sig4756-3.jpeg', 506, 2),
('laminat-quick-step-signature-dub-korichneviy-voshheniy-sig4756-4.jpeg', 506, 3),
('laminat-quick-step-signature-dub-korichneviy-voshheniy-sig4756-5.jpeg', 506, 4),
('laminat-quick-step-signature-dub-korichneviy-voshheniy-sig4756-6.jpeg', 506, 5),
('laminat-quick-step-signature-dub-korichneviy-voshheniy-sig4756-7.jpeg', 506, 6),
('laminat-quick-step-signature-dub-korichneviy-voshheniy-sig4756.jpeg', 506, 0),
('laminat-quick-step-signature-dub-naturalniy-brashirovanniy-sig4763-1.jpeg', 488, 1),
('laminat-quick-step-signature-dub-naturalniy-brashirovanniy-sig4763-2.jpeg', 488, 2),
('laminat-quick-step-signature-dub-naturalniy-brashirovanniy-sig4763-3.jpeg', 488, 3),
('laminat-quick-step-signature-dub-naturalniy-brashirovanniy-sig4763-4.jpeg', 488, 4),
('laminat-quick-step-signature-dub-naturalniy-brashirovanniy-sig4763-5.jpeg', 488, 5),
('laminat-quick-step-signature-dub-naturalniy-brashirovanniy-sig4763-6.jpeg', 488, 6),
('laminat-quick-step-signature-dub-naturalniy-brashirovanniy-sig4763-7.jpeg', 488, 7),
('laminat-quick-step-signature-dub-naturalniy-brashirovanniy-sig4763.jpeg', 488, 0),
('laminat-quick-step-signature-dub-potertiy-naturalniy-sig4767-2.jpeg', 494, 1),
('laminat-quick-step-signature-dub-potertiy-naturalniy-sig4767-3.jpeg', 494, 2),
('laminat-quick-step-signature-dub-potertiy-naturalniy-sig4767-4.jpeg', 494, 3),
('laminat-quick-step-signature-dub-potertiy-naturalniy-sig4767-5.jpeg', 494, 4),
('laminat-quick-step-signature-dub-potertiy-naturalniy-sig4767.jpeg', 494, 0),
('laminat-quick-step-signature-dub-rozoviy-krasheniy-sig4754-10.jpeg', 508, 9),
('laminat-quick-step-signature-dub-rozoviy-krasheniy-sig4754-11.jpeg', 508, 10),
('laminat-quick-step-signature-dub-rozoviy-krasheniy-sig4754-12.jpeg', 508, 11),
('laminat-quick-step-signature-dub-rozoviy-krasheniy-sig4754-13.jpeg', 508, 12),
('laminat-quick-step-signature-dub-rozoviy-krasheniy-sig4754-2.jpeg', 508, 1),
('laminat-quick-step-signature-dub-rozoviy-krasheniy-sig4754-3.jpeg', 508, 2),
('laminat-quick-step-signature-dub-rozoviy-krasheniy-sig4754-4.jpeg', 508, 3),
('laminat-quick-step-signature-dub-rozoviy-krasheniy-sig4754-5.jpeg', 508, 4),
('laminat-quick-step-signature-dub-rozoviy-krasheniy-sig4754-6.jpeg', 508, 5),
('laminat-quick-step-signature-dub-rozoviy-krasheniy-sig4754-7.jpeg', 508, 6),
('laminat-quick-step-signature-dub-rozoviy-krasheniy-sig4754-8.jpeg', 508, 7),
('laminat-quick-step-signature-dub-rozoviy-krasheniy-sig4754-9.jpeg', 508, 8),
('laminat-quick-step-signature-dub-rozoviy-krasheniy-sig4754.jpeg', 508, 0),
('laminat-quick-step-signature-dub-seriy-brashirovanniy-sig4765-2.jpeg', 498, 1),
('laminat-quick-step-signature-dub-seriy-brashirovanniy-sig4765-3.jpeg', 498, 2),
('laminat-quick-step-signature-dub-seriy-brashirovanniy-sig4765.jpeg', 498, 0),
('laminat-quick-step-signature-dub-seriy-patina-sig4752-2.jpeg', 504, 1),
('laminat-quick-step-signature-dub-seriy-patina-sig4752-3.jpeg', 504, 2),
('laminat-quick-step-signature-dub-seriy-patina-sig4752-4.jpeg', 504, 3),
('laminat-quick-step-signature-dub-seriy-patina-sig4752.jpeg', 504, 0),
('laminat-quick-step-signature-dub-svetliy-lakirovanniy-sig4759-2.jpeg', 480, 1),
('laminat-quick-step-signature-dub-svetliy-lakirovanniy-sig4759-3.jpeg', 480, 2),
('laminat-quick-step-signature-dub-svetliy-lakirovanniy-sig4759.jpeg', 480, 0),
('laminat-quick-step-signature-dub-svetliy-patina-sig4748-2.jpeg', 490, 1),
('laminat-quick-step-signature-dub-svetliy-patina-sig4748-3.jpeg', 490, 2),
('laminat-quick-step-signature-dub-svetliy-patina-sig4748-4.jpeg', 490, 3),
('laminat-quick-step-signature-dub-svetliy-patina-sig4748-5.jpeg', 490, 4),
('laminat-quick-step-signature-dub-svetliy-patina-sig4748-6.jpeg', 490, 5),
('laminat-quick-step-signature-dub-svetliy-patina-sig4748-7.jpeg', 490, 6),
('laminat-quick-step-signature-dub-svetliy-patina-sig4748.jpeg', 490, 0),
('laminat-quick-step-signature-dub-tepliy-naturalniy-brashirovanniy-sig4762-1.jpg', 479, 1),
('laminat-quick-step-signature-dub-tepliy-naturalniy-brashirovanniy-sig4762-2.jpg', 479, 2),
('laminat-quick-step-signature-dub-tepliy-naturalniy-brashirovanniy-sig4762-3.jpg', 479, 3),
('laminat-quick-step-signature-dub-tepliy-naturalniy-brashirovanniy-sig4762.jpg', 479, 0),
('laminat-quick-step-signature-oreh-korichneviy-sig4761-2.jpeg', 492, 1),
('laminat-quick-step-signature-oreh-korichneviy-sig4761-3.jpeg', 492, 2),
('laminat-quick-step-signature-oreh-korichneviy-sig4761.jpeg', 492, 0),
('laminirovann-plintus-quick-step-dub-svetlo-seriy-zolotistiy-uc3463.jpeg', 561, 0),
('laminirovanniy-plintus-quick-step-cl1382-dub-starinniy-seriy.jpeg', 525, 0),
('laminirovanniy-plintus-quick-step-classic-clm1655-kubinskiy-dub.jpeg', 521, 0),
('laminirovanniy-plintus-quick-step-clm1381-dub-starinniy-naturalniy.jpeg', 531, 0),
('laminirovanniy-plintus-quick-step-clm1383-dub-starinniy-tyomniy.jpeg', 528, 0),
('laminirovanniy-plintus-quick-step-clm1405-dub-starinniy-svetlo-seriy.jpeg', 526, 0),
('laminirovanniy-plintus-quick-step-clm1658-lunniy-dub-natur.jpeg', 523, 0),
('laminirovanniy-plintus-quick-step-clv4084-dub-bezheviy-rustikalniy.jpeg', 545, 0),
('laminirovanniy-plintus-quick-step-clv4085-dub-naturalniy-rustikalniy.jpeg', 538, 0),
('laminirovanniy-plintus-quick-step-clv4086-dub-shokoladniy-rustikalniy.jpeg', 549, 0),
('laminirovanniy-plintus-quick-step-clv4087-dub-beliy-otbelenniy.jpeg', 537, 0),
('laminirovanniy-plintus-quick-step-clv4088-dub-bezheviy-otbelenniy.jpeg', 543, 0),
('laminirovanniy-plintus-quick-step-clv4089-dub-naturalniy-otbelenniy.jpeg', 547, 0),
('laminirovanniy-plintus-quick-step-clv4090-dub-gorniy-krasniy.jpeg', 555, 0),
('laminirovanniy-plintus-quick-step-clv4091-dub-gorniy-korichneviy.jpeg', 553, 0),
('laminirovanniy-plintus-quick-step-clv4092-dub-gorniy-tyomno-korichneviy.jpeg', 551, 0),
('laminirovanniy-plintus-quick-step-clv4093-dub-bezheviy-premium.jpeg', 533, 0),
('laminirovanniy-plintus-quick-step-clv4094-dub-svetliy-naturalniy-premium.jpeg', 541, 0),
('laminirovanniy-plintus-quick-step-clv4095-dub-tyopliy-naturalniy-premium.jpeg', 535, 0),
('laminirovanniy-plintus-quick-step-doska-belogo-duba-lakirovannaya-qssk00915.jpeg', 569, 0),
('laminirovanniy-plintus-quick-step-doska-naturalnogo-duba-lakirovannaya-qssk00896.jpeg', 581, 0),
('laminirovanniy-plintus-quick-step-doska-orehovaya-promaslennaya-qssk01043.jpeg', 583, 0),
('laminirovanniy-plintus-quick-step-doska-venge-qssk01000.jpeg', 591, 0),
('laminirovanniy-plintus-quick-step-dub-anglijskiy-naturalniy-ca4161.jpeg', 517, 0),
('laminirovanniy-plintus-quick-step-dub-beliy-krasheniy-sig4753.jpeg', 497, 0),
('laminirovanniy-plintus-quick-step-dub-bezheviy-brashirovanniy-sig4764.jpeg', 485, 0),
('laminirovanniy-plintus-quick-step-dub-bezheviy-lakirovanniy-sig4750.jpeg', 487, 0),
('laminirovanniy-plintus-quick-step-dub-dub-izyskanniy-temniy-qssk03581.jpeg', 585, 0),
('laminirovanniy-plintus-quick-step-dub-gorchichniy-ca4162.jpeg', 515, 0),
('laminirovanniy-plintus-quick-step-dub-italyanskiy-bezheviy-qssk03574.jpeg', 577, 0),
('laminirovanniy-plintus-quick-step-dub-kapuchino-ca4160.jpeg', 511, 0),
('laminirovanniy-plintus-quick-step-dub-korichneviy-brashirovanniy-sig4766.jpeg', 500, 0),
('laminirovanniy-plintus-quick-step-dub-korichneviy-patina-sig4751.jpeg', 503, 0),
('laminirovanniy-plintus-quick-step-dub-korichneviy-voshheniy-sig4756.jpeg', 507, 0),
('laminirovanniy-plintus-quick-step-dub-naturalniy-brashirovanniy-sig4763.jpeg', 489, 0),
('laminirovanniy-plintus-quick-step-dub-naturalniy-zolotistiy-uc3465.jpeg', 563, 0),
('laminirovanniy-plintus-quick-step-dub-pepelniy-ca4159.jpeg', 513, 0),
('laminirovanniy-plintus-quick-step-dub-potertiy-naturalniy-sig4767.jpeg', 495, 0),
('laminirovanniy-plintus-quick-step-dub-prirodniy-naturalniy-qssk03578.jpeg', 593, 0),
('laminirovanniy-plintus-quick-step-dub-rozoviy-krasheniy-sig4754.jpeg', 509, 0),
('laminirovanniy-plintus-quick-step-dub-seriy-brashirovanniy-sig4765.jpeg', 499, 0),
('laminirovanniy-plintus-quick-step-dub-seriy-patina-sig4752.jpeg', 505, 0),
('laminirovanniy-plintus-quick-step-dub-seriy-serebristiy-uc3464.jpeg', 559, 0),
('laminirovanniy-plintus-quick-step-dub-shokoladniy-promaslenniy-qssk03461.jpeg', 573, 0),
('laminirovanniy-plintus-quick-step-dub-starinniy-bezheviy-qssk03576.jpeg', 587, 0),
('laminirovanniy-plintus-quick-step-dub-svetliy-naturalniy-promaslenniy-qssk03457.jpeg', 571, 0),
('laminirovanniy-plintus-quick-step-dub-svetliy-patina-sig4748.jpeg', 491, 0),
('laminirovanniy-plintus-quick-step-dub-svetlo-seriy-patina-ca4158.jpeg', 519, 0),
('laminirovanniy-plintus-quick-step-dub-svetlo-seriy-serebristiy-uc3464.jpeg', 557, 0),
('laminirovanniy-plintus-quick-step-dub-temno-korichneviy-promaslenniy-qssk03460.jpeg', 589, 0),
('laminirovanniy-plintus-quick-step-dub-tepliy-naturalniy-promaslenniy-qssk03458.jpeg', 575, 0),
('laminirovanniy-plintus-quick-step-dub-tepliy-seriy-promaslenniy-qssk03459.jpeg', 567, 0),
('laminirovanniy-plintus-quick-step-oreh-korichneviy-sig4761.jpeg', 493, 0),
('laminirovanniy-plintus-quick-step-signature-dub-beliy-premium-sig4757.jpeg', 483, 0),
('laminirovanniy-plintus-quick-step-sosna-belaya-zatertaya-qssk01235.jpeg', 595, 0),
('laminirovanniy-plintus-quick-step-u3831-dub-italyanskiy-svetlo-seriy.jpeg', 565, 0),
('laminirovanniy-plintus-quick-step-venge-intensivniy-qssk01300.jpeg', 579, 0),
('laminirovanniy-plintus-signature-dub-tepliy-naturalniy-brashirovanniy-sig4762.jpg', 478, 0),
('laminirovanniy-plintus-signature-dub-tepliy-naturalniy-brashirovanniy-sig4762.jpg', 481, 0),
('podlozhka-probkovaya.jpg', 23, 0),
('profitex.jpg', 12, 0),
('quickstep.jpg', 13, 0),
('tuplex.jpg', 14, 0);

-- --------------------------------------------------------

--
-- Структура таблицы `product_stocks`
--

CREATE TABLE `product_stocks` (
  `product_id` int(10) UNSIGNED NOT NULL,
  `quantity` smallint(6) NOT NULL
) ENGINE=InnoDB DEFAULT CHARSET=utf8mb4 COLLATE=utf8mb4_unicode_ci;

--
-- Дамп данных таблицы `product_stocks`
--

INSERT INTO `product_stocks` (`product_id`, `quantity`) VALUES
(12, 993),
(13, 999),
(14, 999),
(15, 992),
(23, 9999),
(478, 9999),
(479, 9999),
(480, 9999),
(481, 9999),
(482, 9999),
(483, 9999),
(484, 9999),
(485, 9999),
(486, 9999),
(487, 9999),
(488, 9999),
(489, 9999),
(490, 9999),
(491, 9999),
(492, 9999),
(493, 9999),
(494, 9999),
(495, 9999),
(496, 9999),
(497, 9999),
(498, 9999),
(499, 9999),
(500, 9999),
(501, 9999),
(502, 9999),
(503, 9999),
(504, 9999),
(505, 9999),
(506, 9999),
(507, 9999),
(508, 9999),
(509, 9999),
(510, 9999),
(511, 9999),
(512, 9999),
(513, 9999),
(514, 9999),
(515, 9999),
(516, 9999),
(517, 9999),
(518, 9999),
(519, 9999),
(520, 9999),
(521, 9999),
(522, 9999),
(523, 9999),
(524, 9999),
(525, 9999),
(526, 9999),
(527, 9999),
(528, 9999),
(529, 9999),
(530, 9999),
(531, 9999),
(532, 9999),
(533, 9999),
(534, 9999),
(535, 9999),
(536, 9999),
(537, 9999),
(538, 9999),
(539, 9999),
(540, 9999),
(541, 9999),
(542, 9999),
(543, 9999),
(544, 9999),
(545, 9999),
(546, 9999),
(547, 9999),
(548, 9999),
(549, 9999),
(550, 9999),
(551, 9999),
(552, 9999),
(553, 9999),
(554, 9999),
(555, 9999),
(556, 9999),
(557, 9999),
(558, 9999),
(559, 9999),
(560, 9999),
(561, 9999),
(562, 9999),
(563, 9999),
(564, 9999),
(565, 9999),
(566, 9999),
(567, 9999),
(568, 9999),
(569, 9999),
(570, 9999),
(571, 9999),
(572, 9999),
(573, 9999),
(574, 9999),
(575, 9999),
(576, 9999),
(577, 9999),
(578, 9999),
(579, 9999),
(580, 9999),
(581, 9999),
(582, 9999),
(583, 9999),
(584, 9999),
(585, 9999),
(586, 9999),
(587, 9999),
(588, 9999),
(589, 9999),
(590, 9999),
(591, 9999),
(592, 9999),
(593, 9999),
(594, 9999),
(595, 9999);

-- --------------------------------------------------------

--
-- Структура таблицы `product_views`
--

CREATE TABLE `product_views` (
  `product_id` int(10) UNSIGNED NOT NULL,
  `page_id` int(10) UNSIGNED NOT NULL
) ENGINE=InnoDB DEFAULT CHARSET=utf8mb4 COLLATE=utf8mb4_unicode_ci;

--
-- Дамп данных таблицы `product_views`
--

INSERT INTO `product_views` (`product_id`, `page_id`) VALUES
(12, 33),
(13, 34),
(14, 35),
(15, 37),
(23, 44);

-- --------------------------------------------------------

--
-- Структура таблицы `purchased_bundles`
--

CREATE TABLE `purchased_bundles` (
  `id` int(10) UNSIGNED NOT NULL,
  `created_at` timestamp NULL DEFAULT NULL,
  `updated_at` timestamp NULL DEFAULT NULL
) ENGINE=InnoDB DEFAULT CHARSET=utf8mb4 COLLATE=utf8mb4_unicode_ci;

-- --------------------------------------------------------

--
-- Структура таблицы `purchased_products`
--

CREATE TABLE `purchased_products` (
  `purchased_bundle_id` int(10) UNSIGNED NOT NULL,
  `product_id` int(10) UNSIGNED NOT NULL
) ENGINE=InnoDB DEFAULT CHARSET=utf8mb4 COLLATE=utf8mb4_unicode_ci;

-- --------------------------------------------------------

--
-- Структура таблицы `roles`
--

CREATE TABLE `roles` (
  `id` int(10) UNSIGNED NOT NULL,
  `name` varchar(255) COLLATE utf8mb4_unicode_ci NOT NULL
) ENGINE=InnoDB DEFAULT CHARSET=utf8mb4 COLLATE=utf8mb4_unicode_ci;

--
-- Дамп данных таблицы `roles`
--

INSERT INTO `roles` (`id`, `name`) VALUES
(1, 'admin');

-- --------------------------------------------------------

--
-- Структура таблицы `routes`
--

CREATE TABLE `routes` (
  `id` int(10) UNSIGNED NOT NULL,
  `name` varchar(50) COLLATE utf8mb4_unicode_ci NOT NULL
) ENGINE=InnoDB DEFAULT CHARSET=utf8mb4 COLLATE=utf8mb4_unicode_ci;

--
-- Дамп данных таблицы `routes`
--

INSERT INTO `routes` (`id`, `name`) VALUES
(3, 'categories'),
(6, 'contactsPage'),
(9, 'laminateProduct'),
(5, 'mainPage'),
(4, 'page'),
(8, 'plinth'),
(1, 'product'),
(7, 'productGroup'),
(2, 'products');

-- --------------------------------------------------------

--
-- Структура таблицы `sales`
--

CREATE TABLE `sales` (
  `id` int(10) UNSIGNED NOT NULL,
  `customer_id` int(10) UNSIGNED NOT NULL,
  `added_on` timestamp NOT NULL DEFAULT current_timestamp() ON UPDATE current_timestamp()
) ENGINE=InnoDB DEFAULT CHARSET=utf8mb4 COLLATE=utf8mb4_unicode_ci;

--
-- Дамп данных таблицы `sales`
--

INSERT INTO `sales` (`id`, `customer_id`, `added_on`) VALUES
(7, 7, '2020-10-12 02:10:42'),
(8, 8, '2020-10-12 02:15:02'),
(9, 9, '2020-10-12 02:29:23'),
(10, 10, '2020-10-12 02:48:29'),
(11, 11, '2020-10-12 02:50:22'),
(12, 12, '2020-10-26 02:48:54'),
(13, 13, '2020-10-26 02:49:55');

-- --------------------------------------------------------

--
-- Структура таблицы `sale_statuses`
--

CREATE TABLE `sale_statuses` (
  `sale_id` int(10) UNSIGNED NOT NULL,
  `status_id` int(10) UNSIGNED NOT NULL
) ENGINE=InnoDB DEFAULT CHARSET=utf8;

--
-- Дамп данных таблицы `sale_statuses`
--

INSERT INTO `sale_statuses` (`sale_id`, `status_id`) VALUES
(7, 1),
(8, 1),
(9, 1),
(10, 1),
(11, 1),
(12, 1),
(13, 1);

-- --------------------------------------------------------

--
-- Структура таблицы `services`
--

CREATE TABLE `services` (
  `id` int(10) UNSIGNED NOT NULL,
  `name` varchar(255) COLLATE utf8mb4_unicode_ci NOT NULL,
  `created_at` timestamp NULL DEFAULT NULL,
  `updated_at` timestamp NULL DEFAULT NULL
) ENGINE=InnoDB DEFAULT CHARSET=utf8mb4 COLLATE=utf8mb4_unicode_ci;

--
-- Дамп данных таблицы `services`
--

INSERT INTO `services` (`id`, `name`, `created_at`, `updated_at`) VALUES
(1, 'Доставка', '2020-08-26 21:00:00', '2020-08-26 21:00:00'),
(2, 'Укладка ламината по прямой', '2020-09-18 19:17:11', '2020-09-18 19:21:09'),
(3, 'Укладка ламината по диагонали', '2020-09-18 19:23:24', '2020-09-18 19:23:24'),
(4, 'Укладка ламината одним полотном', '2020-09-18 19:29:06', '2020-09-18 19:29:06'),
(5, 'Установка ПВХ плинтуса', '2020-09-29 12:28:57', '2020-09-29 12:28:57'),
(6, 'Установка МДФ плинтуса Kronotex', '2020-10-09 16:33:51', '2020-10-09 16:33:51');

-- --------------------------------------------------------

--
-- Структура таблицы `service_characteristics`
--

CREATE TABLE `service_characteristics` (
  `service_id` int(10) UNSIGNED NOT NULL,
  `characteristic_id` int(10) UNSIGNED NOT NULL,
  `value` varchar(100) COLLATE utf8mb4_unicode_ci NOT NULL
) ENGINE=InnoDB DEFAULT CHARSET=utf8mb4 COLLATE=utf8mb4_unicode_ci;

-- --------------------------------------------------------

--
-- Структура таблицы `service_magazine_sales`
--

CREATE TABLE `service_magazine_sales` (
  `sale_id` int(10) UNSIGNED NOT NULL,
  `service_id` int(10) UNSIGNED NOT NULL,
  `service_price_history_id` int(10) UNSIGNED NOT NULL,
  `quantity` smallint(6) NOT NULL
) ENGINE=InnoDB DEFAULT CHARSET=utf8mb4 COLLATE=utf8mb4_unicode_ci;

--
-- Дамп данных таблицы `service_magazine_sales`
--

INSERT INTO `service_magazine_sales` (`sale_id`, `service_id`, `service_price_history_id`, `quantity`) VALUES
(7, 3, 10, 50),
(7, 5, 8, 50),
(8, 2, 9, 50),
(8, 6, 7, 50),
(9, 2, 9, 50),
(9, 6, 7, 50),
(10, 2, 9, 50),
(10, 5, 8, 50),
(11, 2, 9, 110),
(11, 5, 8, 110),
(12, 2, 9, 50),
(12, 6, 7, 50),
(13, 2, 9, 50),
(13, 6, 7, 50);

-- --------------------------------------------------------

--
-- Структура таблицы `service_prices`
--

CREATE TABLE `service_prices` (
  `service_id` int(10) UNSIGNED NOT NULL,
  `service_price_history_id` int(10) UNSIGNED NOT NULL
) ENGINE=InnoDB DEFAULT CHARSET=utf8mb4 COLLATE=utf8mb4_unicode_ci;

--
-- Дамп данных таблицы `service_prices`
--

INSERT INTO `service_prices` (`service_id`, `service_price_history_id`) VALUES
(1, 1),
(4, 5),
(6, 7),
(5, 8),
(2, 9),
(3, 10);

-- --------------------------------------------------------

--
-- Структура таблицы `service_price_histories`
--

CREATE TABLE `service_price_histories` (
  `id` int(10) UNSIGNED NOT NULL,
  `service_id` int(10) UNSIGNED NOT NULL,
  `price` int(11) NOT NULL,
  `actual_on` timestamp NOT NULL DEFAULT current_timestamp() ON UPDATE current_timestamp()
) ENGINE=InnoDB DEFAULT CHARSET=utf8mb4 COLLATE=utf8mb4_unicode_ci;

--
-- Дамп данных таблицы `service_price_histories`
--

INSERT INTO `service_price_histories` (`id`, `service_id`, `price`, `actual_on`) VALUES
(1, 1, 0, '2020-08-27 15:12:15'),
(2, 2, 10000, '2020-09-18 19:17:12'),
(3, 3, 28000, '2020-09-18 19:23:24'),
(4, 2, 22000, '2020-09-18 19:23:51'),
(5, 4, 30000, '2020-09-18 19:29:06'),
(6, 5, 9000, '2020-09-29 12:28:57'),
(7, 6, 20000, '2020-10-09 16:33:51'),
(8, 5, 10000, '2020-10-09 16:52:58'),
(9, 2, 25000, '2020-10-09 17:01:23'),
(10, 3, 32000, '2020-10-09 17:02:12');

-- --------------------------------------------------------

--
-- Структура таблицы `service_units`
--

CREATE TABLE `service_units` (
  `service_id` int(10) UNSIGNED NOT NULL,
  `unit_id` int(10) UNSIGNED NOT NULL
) ENGINE=InnoDB DEFAULT CHARSET=utf8mb4 COLLATE=utf8mb4_unicode_ci;

--
-- Дамп данных таблицы `service_units`
--

INSERT INTO `service_units` (`service_id`, `unit_id`) VALUES
(2, 3),
(3, 3),
(4, 3),
(5, 6),
(6, 6);

-- --------------------------------------------------------

--
-- Структура таблицы `statuses`
--

CREATE TABLE `statuses` (
  `id` int(10) UNSIGNED NOT NULL,
  `name` varchar(255) NOT NULL
) ENGINE=InnoDB DEFAULT CHARSET=utf8;

--
-- Дамп данных таблицы `statuses`
--

INSERT INTO `statuses` (`id`, `name`) VALUES
(1, 'Обрабатывается'),
(2, 'Оплачен');

-- --------------------------------------------------------

--
-- Структура таблицы `top_menu_categories`
--

CREATE TABLE `top_menu_categories` (
  `id` int(10) UNSIGNED NOT NULL,
  `title` varchar(100) COLLATE utf8mb4_unicode_ci NOT NULL,
  `link` varchar(255) COLLATE utf8mb4_unicode_ci NOT NULL,
  `parent_id` int(11) NOT NULL,
  `sort` int(11) DEFAULT NULL
) ENGINE=InnoDB DEFAULT CHARSET=utf8mb4 COLLATE=utf8mb4_unicode_ci;

-- --------------------------------------------------------

--
-- Структура таблицы `units`
--

CREATE TABLE `units` (
  `id` int(10) UNSIGNED NOT NULL,
  `code` int(10) UNSIGNED NOT NULL,
  `name` varchar(255) COLLATE utf8mb4_unicode_ci NOT NULL,
  `reduction` varchar(20) COLLATE utf8mb4_unicode_ci NOT NULL
) ENGINE=InnoDB DEFAULT CHARSET=utf8mb4 COLLATE=utf8mb4_unicode_ci;

--
-- Дамп данных таблицы `units`
--

INSERT INTO `units` (`id`, `code`, `name`, `reduction`) VALUES
(1, 778, 'Упаковка', 'упак'),
(2, 3, 'Миллиметр', 'мм'),
(3, 55, 'Квадратный метр', 'м<sup>2</sup>'),
(4, 166, 'Килограмм', 'кг'),
(5, 796, 'Штука', 'шт'),
(6, 6, 'Метр', 'м'),
(7, 18, 'Погонный метр', 'пог. м');

-- --------------------------------------------------------

--
-- Структура таблицы `users`
--

CREATE TABLE `users` (
  `id` int(10) UNSIGNED NOT NULL,
  `name` varchar(255) COLLATE utf8mb4_unicode_ci NOT NULL,
  `email` varchar(255) CHARACTER SET cp1251 NOT NULL,
  `password` varchar(255) COLLATE utf8mb4_unicode_ci NOT NULL,
  `remember_token` varchar(100) COLLATE utf8mb4_unicode_ci DEFAULT NULL,
  `created_at` timestamp NULL DEFAULT NULL,
  `updated_at` timestamp NULL DEFAULT NULL
) ENGINE=InnoDB DEFAULT CHARSET=utf8mb4 COLLATE=utf8mb4_unicode_ci;

--
-- Дамп данных таблицы `users`
--

INSERT INTO `users` (`id`, `name`, `email`, `password`, `remember_token`, `created_at`, `updated_at`) VALUES
(1, 'admin', 'protopopov-alexey@bk.ru', '$2y$10$fQ/Xl.KKi1hViMFRw8wjtudJ81hnRE5F.vRvBuwCcS1L92Jtv2W9W', 'nTQ3dkDEwmEEY7prkfQSjaBY3cpEeU2yB6b25JgddsW8BQRQ56JSzWsdFKeH', '2020-08-16 18:51:31', '2020-08-16 18:51:31');

-- --------------------------------------------------------

--
-- Структура таблицы `user_roles`
--

CREATE TABLE `user_roles` (
  `user_id` int(10) UNSIGNED NOT NULL,
  `role_id` int(10) UNSIGNED NOT NULL
) ENGINE=InnoDB DEFAULT CHARSET=utf8mb4 COLLATE=utf8mb4_unicode_ci;

--
-- Дамп данных таблицы `user_roles`
--

INSERT INTO `user_roles` (`user_id`, `role_id`) VALUES
(1, 1);

--
-- Индексы сохранённых таблиц
--

--
-- Индексы таблицы `categories`
--
ALTER TABLE `categories`
  ADD PRIMARY KEY (`id`);

--
-- Индексы таблицы `categories_views`
--
ALTER TABLE `categories_views`
  ADD PRIMARY KEY (`category_id`,`page_id`),
  ADD KEY `categories_views_page_id_foreign` (`page_id`);

--
-- Индексы таблицы `category_characteristics`
--
ALTER TABLE `category_characteristics`
  ADD PRIMARY KEY (`category_id`,`characteristic_id`),
  ADD KEY `category_characteristics_characteristic_id_foreign` (`characteristic_id`);

--
-- Индексы таблицы `category_images`
--
ALTER TABLE `category_images`
  ADD PRIMARY KEY (`name`,`category_id`),
  ADD KEY `category_images_category_id_foreign` (`category_id`);

--
-- Индексы таблицы `category_prices`
--
ALTER TABLE `category_prices`
  ADD PRIMARY KEY (`category_id`);

--
-- Индексы таблицы `category_services`
--
ALTER TABLE `category_services`
  ADD PRIMARY KEY (`category_id`,`service_id`),
  ADD KEY `category_services_service_id_foreign` (`service_id`);

--
-- Индексы таблицы `characteristics`
--
ALTER TABLE `characteristics`
  ADD PRIMARY KEY (`id`),
  ADD KEY `unit_id` (`unit_id`);

--
-- Индексы таблицы `customers`
--
ALTER TABLE `customers`
  ADD PRIMARY KEY (`id`);

--
-- Индексы таблицы `drafts`
--
ALTER TABLE `drafts`
  ADD PRIMARY KEY (`id`),
  ADD UNIQUE KEY `drafts_uri_unique` (`uri`),
  ADD KEY `drafts_page_id_foreign` (`page_id`);

--
-- Индексы таблицы `group_products`
--
ALTER TABLE `group_products`
  ADD PRIMARY KEY (`product_group_id`,`product_id`),
  ADD KEY `group_products_product_id_foreign` (`product_id`);

--
-- Индексы таблицы `laminate_product_views`
--
ALTER TABLE `laminate_product_views`
  ADD PRIMARY KEY (`page_id`,`product_id`),
  ADD KEY `laminate_views_product_id_foreign` (`product_id`),
  ADD KEY `category_id` (`category_id`);

--
-- Индексы таблицы `magazine_sales`
--
ALTER TABLE `magazine_sales`
  ADD PRIMARY KEY (`sale_id`,`product_id`),
  ADD KEY `magazine_sales_product_id_foreign` (`product_id`),
  ADD KEY `magazine_sales_price_history_id_foreign` (`price_history_id`);

--
-- Индексы таблицы `menu_categories`
--
ALTER TABLE `menu_categories`
  ADD PRIMARY KEY (`id`);

--
-- Индексы таблицы `menu_images`
--
ALTER TABLE `menu_images`
  ADD PRIMARY KEY (`name`,`menu_category_id`),
  ADD KEY `menu_images_menu_category_id_foreign` (`menu_category_id`);

--
-- Индексы таблицы `menu_items`
--
ALTER TABLE `menu_items`
  ADD PRIMARY KEY (`id`),
  ADD KEY `menu_items_page_id_foreign` (`page_id`),
  ADD KEY `menu_items_parent_id_index` (`parent_id`);

--
-- Индексы таблицы `migrations`
--
ALTER TABLE `migrations`
  ADD PRIMARY KEY (`id`);

--
-- Индексы таблицы `pages`
--
ALTER TABLE `pages`
  ADD PRIMARY KEY (`id`),
  ADD UNIQUE KEY `pages_uri_unique` (`uri`) USING BTREE;

--
-- Индексы таблицы `page_parameters`
--
ALTER TABLE `page_parameters`
  ADD KEY `page_parameters_page_id_foreign` (`page_id`);

--
-- Индексы таблицы `page_routes`
--
ALTER TABLE `page_routes`
  ADD PRIMARY KEY (`route_id`,`page_id`),
  ADD KEY `page_routes_page_id_foreign` (`page_id`);

--
-- Индексы таблицы `page_routes_old`
--
ALTER TABLE `page_routes_old`
  ADD PRIMARY KEY (`route_id`,`page_id`),
  ADD KEY `page_routes_page_id_foreign` (`page_id`);

--
-- Индексы таблицы `page_views`
--
ALTER TABLE `page_views`
  ADD KEY `page_views_page_id_foreign` (`page_id`);

--
-- Индексы таблицы `password_resets`
--
ALTER TABLE `password_resets`
  ADD KEY `password_resets_email_index` (`email`);

--
-- Индексы таблицы `plinth_views`
--
ALTER TABLE `plinth_views`
  ADD PRIMARY KEY (`product_id`,`page_id`),
  ADD KEY `plinth_views_page_id_foreign` (`page_id`);

--
-- Индексы таблицы `prices`
--
ALTER TABLE `prices`
  ADD PRIMARY KEY (`product_id`),
  ADD KEY `prices_price_history_id_foreign` (`price_history_id`);

--
-- Индексы таблицы `price_histories`
--
ALTER TABLE `price_histories`
  ADD PRIMARY KEY (`id`),
  ADD KEY `price_histories_product_id_foreign` (`product_id`);

--
-- Индексы таблицы `products`
--
ALTER TABLE `products`
  ADD PRIMARY KEY (`id`),
  ADD KEY `products_unit_id_foreign` (`unit_id`),
  ADD KEY `products_category_id_foreign` (`category_id`);

--
-- Индексы таблицы `products_views`
--
ALTER TABLE `products_views`
  ADD PRIMARY KEY (`category_id`,`page_id`),
  ADD KEY `products_views_page_id_foreign` (`page_id`);

--
-- Индексы таблицы `product_characteristics`
--
ALTER TABLE `product_characteristics`
  ADD PRIMARY KEY (`product_id`,`characteristic_id`),
  ADD KEY `product_characteristics_characteristic_id_foreign` (`characteristic_id`);

--
-- Индексы таблицы `product_groups`
--
ALTER TABLE `product_groups`
  ADD PRIMARY KEY (`id`),
  ADD KEY `product_groups_category_id_foreign` (`category_id`);

--
-- Индексы таблицы `product_group_images`
--
ALTER TABLE `product_group_images`
  ADD PRIMARY KEY (`name`,`product_group_id`),
  ADD KEY `product_group_images_product_group_id_foreign` (`product_group_id`);

--
-- Индексы таблицы `product_group_views`
--
ALTER TABLE `product_group_views`
  ADD PRIMARY KEY (`product_group_id`,`page_id`),
  ADD KEY `product_group_views_page_id_foreign` (`page_id`);

--
-- Индексы таблицы `product_images`
--
ALTER TABLE `product_images`
  ADD PRIMARY KEY (`name`,`product_id`),
  ADD KEY `product_images_product_id_foreign` (`product_id`);

--
-- Индексы таблицы `product_stocks`
--
ALTER TABLE `product_stocks`
  ADD PRIMARY KEY (`product_id`);

--
-- Индексы таблицы `product_views`
--
ALTER TABLE `product_views`
  ADD PRIMARY KEY (`product_id`,`page_id`),
  ADD KEY `product_views_page_id_foreign` (`page_id`);

--
-- Индексы таблицы `purchased_bundles`
--
ALTER TABLE `purchased_bundles`
  ADD PRIMARY KEY (`id`);

--
-- Индексы таблицы `purchased_products`
--
ALTER TABLE `purchased_products`
  ADD PRIMARY KEY (`purchased_bundle_id`,`product_id`),
  ADD KEY `purchased_products_product_id_foreign` (`product_id`);

--
-- Индексы таблицы `roles`
--
ALTER TABLE `roles`
  ADD PRIMARY KEY (`id`);

--
-- Индексы таблицы `routes`
--
ALTER TABLE `routes`
  ADD PRIMARY KEY (`id`),
  ADD UNIQUE KEY `routes_name_unique` (`name`);

--
-- Индексы таблицы `sales`
--
ALTER TABLE `sales`
  ADD PRIMARY KEY (`id`),
  ADD KEY `sales_customer_id_foreign` (`customer_id`);

--
-- Индексы таблицы `sale_statuses`
--
ALTER TABLE `sale_statuses`
  ADD PRIMARY KEY (`sale_id`),
  ADD KEY `sale_statuses_status_id_foreign` (`status_id`);

--
-- Индексы таблицы `services`
--
ALTER TABLE `services`
  ADD PRIMARY KEY (`id`);

--
-- Индексы таблицы `service_characteristics`
--
ALTER TABLE `service_characteristics`
  ADD PRIMARY KEY (`service_id`,`characteristic_id`),
  ADD KEY `service_characteristics_characteristic_id_foreign` (`characteristic_id`);

--
-- Индексы таблицы `service_magazine_sales`
--
ALTER TABLE `service_magazine_sales`
  ADD PRIMARY KEY (`sale_id`,`service_id`),
  ADD KEY `service_magazine_sales_service_id_foreign` (`service_id`) USING BTREE,
  ADD KEY `service_magazine_sales_price_history_id_foreign` (`service_price_history_id`) USING BTREE;

--
-- Индексы таблицы `service_prices`
--
ALTER TABLE `service_prices`
  ADD PRIMARY KEY (`service_id`),
  ADD KEY `service_prices_service_price_history_id_foreign` (`service_price_history_id`);

--
-- Индексы таблицы `service_price_histories`
--
ALTER TABLE `service_price_histories`
  ADD PRIMARY KEY (`id`),
  ADD KEY `service_price_histories_service_id_foreign` (`service_id`);

--
-- Индексы таблицы `service_units`
--
ALTER TABLE `service_units`
  ADD PRIMARY KEY (`service_id`,`unit_id`),
  ADD KEY `service_units_unit_id_foreign` (`unit_id`);

--
-- Индексы таблицы `statuses`
--
ALTER TABLE `statuses`
  ADD PRIMARY KEY (`id`);

--
-- Индексы таблицы `top_menu_categories`
--
ALTER TABLE `top_menu_categories`
  ADD PRIMARY KEY (`id`);

--
-- Индексы таблицы `units`
--
ALTER TABLE `units`
  ADD PRIMARY KEY (`id`);

--
-- Индексы таблицы `users`
--
ALTER TABLE `users`
  ADD PRIMARY KEY (`id`),
  ADD UNIQUE KEY `users_email_unique` (`email`);

--
-- Индексы таблицы `user_roles`
--
ALTER TABLE `user_roles`
  ADD KEY `user_roles_user_id_foreign` (`user_id`),
  ADD KEY `user_roles_role_id_foreign` (`role_id`);

--
-- AUTO_INCREMENT для сохранённых таблиц
--

--
-- AUTO_INCREMENT для таблицы `categories`
--
ALTER TABLE `categories`
  MODIFY `id` int(10) UNSIGNED NOT NULL AUTO_INCREMENT, AUTO_INCREMENT=25;

--
-- AUTO_INCREMENT для таблицы `characteristics`
--
ALTER TABLE `characteristics`
  MODIFY `id` int(10) UNSIGNED NOT NULL AUTO_INCREMENT, AUTO_INCREMENT=75;

--
-- AUTO_INCREMENT для таблицы `customers`
--
ALTER TABLE `customers`
  MODIFY `id` int(10) UNSIGNED NOT NULL AUTO_INCREMENT, AUTO_INCREMENT=14;

--
-- AUTO_INCREMENT для таблицы `drafts`
--
ALTER TABLE `drafts`
  MODIFY `id` int(10) UNSIGNED NOT NULL AUTO_INCREMENT;

--
-- AUTO_INCREMENT для таблицы `menu_categories`
--
ALTER TABLE `menu_categories`
  MODIFY `id` int(10) UNSIGNED NOT NULL AUTO_INCREMENT;

--
-- AUTO_INCREMENT для таблицы `menu_items`
--
ALTER TABLE `menu_items`
  MODIFY `id` int(10) UNSIGNED NOT NULL AUTO_INCREMENT, AUTO_INCREMENT=9;

--
-- AUTO_INCREMENT для таблицы `migrations`
--
ALTER TABLE `migrations`
  MODIFY `id` int(10) UNSIGNED NOT NULL AUTO_INCREMENT, AUTO_INCREMENT=48;

--
-- AUTO_INCREMENT для таблицы `pages`
--
ALTER TABLE `pages`
  MODIFY `id` int(10) UNSIGNED NOT NULL AUTO_INCREMENT, AUTO_INCREMENT=611;

--
-- AUTO_INCREMENT для таблицы `price_histories`
--
ALTER TABLE `price_histories`
  MODIFY `id` int(10) UNSIGNED NOT NULL AUTO_INCREMENT, AUTO_INCREMENT=612;

--
-- AUTO_INCREMENT для таблицы `products`
--
ALTER TABLE `products`
  MODIFY `id` int(10) UNSIGNED NOT NULL AUTO_INCREMENT, AUTO_INCREMENT=596;

--
-- AUTO_INCREMENT для таблицы `product_groups`
--
ALTER TABLE `product_groups`
  MODIFY `id` int(10) UNSIGNED NOT NULL AUTO_INCREMENT;

--
-- AUTO_INCREMENT для таблицы `purchased_bundles`
--
ALTER TABLE `purchased_bundles`
  MODIFY `id` int(10) UNSIGNED NOT NULL AUTO_INCREMENT;

--
-- AUTO_INCREMENT для таблицы `roles`
--
ALTER TABLE `roles`
  MODIFY `id` int(10) UNSIGNED NOT NULL AUTO_INCREMENT, AUTO_INCREMENT=2;

--
-- AUTO_INCREMENT для таблицы `routes`
--
ALTER TABLE `routes`
  MODIFY `id` int(10) UNSIGNED NOT NULL AUTO_INCREMENT, AUTO_INCREMENT=10;

--
-- AUTO_INCREMENT для таблицы `sales`
--
ALTER TABLE `sales`
  MODIFY `id` int(10) UNSIGNED NOT NULL AUTO_INCREMENT, AUTO_INCREMENT=14;

--
-- AUTO_INCREMENT для таблицы `services`
--
ALTER TABLE `services`
  MODIFY `id` int(10) UNSIGNED NOT NULL AUTO_INCREMENT, AUTO_INCREMENT=7;

--
-- AUTO_INCREMENT для таблицы `service_price_histories`
--
ALTER TABLE `service_price_histories`
  MODIFY `id` int(10) UNSIGNED NOT NULL AUTO_INCREMENT, AUTO_INCREMENT=11;

--
-- AUTO_INCREMENT для таблицы `statuses`
--
ALTER TABLE `statuses`
  MODIFY `id` int(10) UNSIGNED NOT NULL AUTO_INCREMENT, AUTO_INCREMENT=3;

--
-- AUTO_INCREMENT для таблицы `top_menu_categories`
--
ALTER TABLE `top_menu_categories`
  MODIFY `id` int(10) UNSIGNED NOT NULL AUTO_INCREMENT;

--
-- AUTO_INCREMENT для таблицы `units`
--
ALTER TABLE `units`
  MODIFY `id` int(10) UNSIGNED NOT NULL AUTO_INCREMENT, AUTO_INCREMENT=8;

--
-- AUTO_INCREMENT для таблицы `users`
--
ALTER TABLE `users`
  MODIFY `id` int(10) UNSIGNED NOT NULL AUTO_INCREMENT, AUTO_INCREMENT=2;

--
-- Ограничения внешнего ключа сохраненных таблиц
--

--
-- Ограничения внешнего ключа таблицы `categories_views`
--
ALTER TABLE `categories_views`
  ADD CONSTRAINT `categories_views_category_id_foreign` FOREIGN KEY (`category_id`) REFERENCES `categories` (`id`) ON DELETE CASCADE,
  ADD CONSTRAINT `categories_views_page_id_foreign` FOREIGN KEY (`page_id`) REFERENCES `pages` (`id`) ON DELETE CASCADE;

--
-- Ограничения внешнего ключа таблицы `category_characteristics`
--
ALTER TABLE `category_characteristics`
  ADD CONSTRAINT `category_characteristics_category_id_foreign` FOREIGN KEY (`category_id`) REFERENCES `categories` (`id`) ON DELETE CASCADE,
  ADD CONSTRAINT `category_characteristics_characteristic_id_foreign` FOREIGN KEY (`characteristic_id`) REFERENCES `characteristics` (`id`) ON DELETE CASCADE;

--
-- Ограничения внешнего ключа таблицы `category_images`
--
ALTER TABLE `category_images`
  ADD CONSTRAINT `category_images_category_id_foreign` FOREIGN KEY (`category_id`) REFERENCES `categories` (`id`) ON DELETE CASCADE;

--
-- Ограничения внешнего ключа таблицы `category_prices`
--
ALTER TABLE `category_prices`
  ADD CONSTRAINT `category_prices_ibfk_1` FOREIGN KEY (`category_id`) REFERENCES `categories` (`id`) ON DELETE CASCADE;

--
-- Ограничения внешнего ключа таблицы `category_services`
--
ALTER TABLE `category_services`
  ADD CONSTRAINT `category_services_category_id_foreign` FOREIGN KEY (`category_id`) REFERENCES `categories` (`id`) ON DELETE CASCADE,
  ADD CONSTRAINT `category_services_service_id_foreign` FOREIGN KEY (`service_id`) REFERENCES `services` (`id`) ON DELETE CASCADE;

--
-- Ограничения внешнего ключа таблицы `characteristics`
--
ALTER TABLE `characteristics`
  ADD CONSTRAINT `characteristics_ibfk_1` FOREIGN KEY (`unit_id`) REFERENCES `units` (`id`) ON DELETE CASCADE;

--
-- Ограничения внешнего ключа таблицы `drafts`
--
ALTER TABLE `drafts`
  ADD CONSTRAINT `drafts_page_id_foreign` FOREIGN KEY (`page_id`) REFERENCES `pages` (`id`) ON DELETE CASCADE;

--
-- Ограничения внешнего ключа таблицы `group_products`
--
ALTER TABLE `group_products`
  ADD CONSTRAINT `group_products_product_group_id_foreign` FOREIGN KEY (`product_group_id`) REFERENCES `product_groups` (`id`) ON DELETE CASCADE,
  ADD CONSTRAINT `group_products_product_id_foreign` FOREIGN KEY (`product_id`) REFERENCES `products` (`id`) ON DELETE CASCADE;

--
-- Ограничения внешнего ключа таблицы `laminate_product_views`
--
ALTER TABLE `laminate_product_views`
  ADD CONSTRAINT `laminate_product_views_ibfk_1` FOREIGN KEY (`category_id`) REFERENCES `categories` (`id`) ON DELETE CASCADE,
  ADD CONSTRAINT `laminate_views_page_id_foreign` FOREIGN KEY (`page_id`) REFERENCES `pages` (`id`) ON DELETE CASCADE,
  ADD CONSTRAINT `laminate_views_product_id_foreign` FOREIGN KEY (`product_id`) REFERENCES `products` (`id`) ON DELETE CASCADE;

--
-- Ограничения внешнего ключа таблицы `magazine_sales`
--
ALTER TABLE `magazine_sales`
  ADD CONSTRAINT `magazine_sales_price_history_id_foreign` FOREIGN KEY (`price_history_id`) REFERENCES `price_histories` (`id`) ON DELETE CASCADE,
  ADD CONSTRAINT `magazine_sales_product_id_foreign` FOREIGN KEY (`product_id`) REFERENCES `products` (`id`) ON DELETE CASCADE,
  ADD CONSTRAINT `magazine_sales_sale_id_foreign` FOREIGN KEY (`sale_id`) REFERENCES `sales` (`id`) ON DELETE CASCADE;

--
-- Ограничения внешнего ключа таблицы `menu_images`
--
ALTER TABLE `menu_images`
  ADD CONSTRAINT `menu_images_menu_category_id_foreign` FOREIGN KEY (`menu_category_id`) REFERENCES `menu_categories` (`id`) ON DELETE CASCADE;

--
-- Ограничения внешнего ключа таблицы `menu_items`
--
ALTER TABLE `menu_items`
  ADD CONSTRAINT `menu_items_page_id_foreign` FOREIGN KEY (`page_id`) REFERENCES `pages` (`id`) ON DELETE CASCADE;

--
-- Ограничения внешнего ключа таблицы `page_parameters`
--
ALTER TABLE `page_parameters`
  ADD CONSTRAINT `page_parameters_page_id_foreign` FOREIGN KEY (`page_id`) REFERENCES `pages` (`id`) ON DELETE CASCADE;

--
-- Ограничения внешнего ключа таблицы `page_routes`
--
ALTER TABLE `page_routes`
  ADD CONSTRAINT `page_routes_page_id_foreign` FOREIGN KEY (`page_id`) REFERENCES `pages` (`id`) ON DELETE CASCADE,
  ADD CONSTRAINT `page_routes_route_id_foreign` FOREIGN KEY (`route_id`) REFERENCES `routes` (`id`) ON DELETE CASCADE;

--
-- Ограничения внешнего ключа таблицы `page_views`
--
ALTER TABLE `page_views`
  ADD CONSTRAINT `page_views_page_id_foreign` FOREIGN KEY (`page_id`) REFERENCES `pages` (`id`) ON DELETE CASCADE;

--
-- Ограничения внешнего ключа таблицы `plinth_views`
--
ALTER TABLE `plinth_views`
  ADD CONSTRAINT `plinth_views_page_id_foreign` FOREIGN KEY (`page_id`) REFERENCES `pages` (`id`) ON DELETE CASCADE,
  ADD CONSTRAINT `plinth_views_product_id_foreign` FOREIGN KEY (`product_id`) REFERENCES `products` (`id`) ON DELETE CASCADE;

--
-- Ограничения внешнего ключа таблицы `prices`
--
ALTER TABLE `prices`
  ADD CONSTRAINT `prices_ibfk_1` FOREIGN KEY (`product_id`) REFERENCES `products` (`id`) ON DELETE CASCADE,
  ADD CONSTRAINT `prices_price_history_id_foreign` FOREIGN KEY (`price_history_id`) REFERENCES `price_histories` (`id`) ON DELETE CASCADE;

--
-- Ограничения внешнего ключа таблицы `price_histories`
--
ALTER TABLE `price_histories`
  ADD CONSTRAINT `price_histories_product_id_foreign` FOREIGN KEY (`product_id`) REFERENCES `products` (`id`) ON DELETE CASCADE;

--
-- Ограничения внешнего ключа таблицы `products`
--
ALTER TABLE `products`
  ADD CONSTRAINT `products_category_id_foreign` FOREIGN KEY (`category_id`) REFERENCES `categories` (`id`) ON DELETE CASCADE,
  ADD CONSTRAINT `products_unit_id_foreign` FOREIGN KEY (`unit_id`) REFERENCES `units` (`id`) ON DELETE CASCADE;

--
-- Ограничения внешнего ключа таблицы `products_views`
--
ALTER TABLE `products_views`
  ADD CONSTRAINT `products_views_category_id_foreign` FOREIGN KEY (`category_id`) REFERENCES `categories` (`id`) ON DELETE CASCADE,
  ADD CONSTRAINT `products_views_page_id_foreign` FOREIGN KEY (`page_id`) REFERENCES `pages` (`id`) ON DELETE CASCADE;

--
-- Ограничения внешнего ключа таблицы `product_characteristics`
--
ALTER TABLE `product_characteristics`
  ADD CONSTRAINT `product_characteristics_characteristic_id_foreign` FOREIGN KEY (`characteristic_id`) REFERENCES `characteristics` (`id`) ON DELETE CASCADE,
  ADD CONSTRAINT `product_characteristics_product_id_foreign` FOREIGN KEY (`product_id`) REFERENCES `products` (`id`) ON DELETE CASCADE;

--
-- Ограничения внешнего ключа таблицы `product_groups`
--
ALTER TABLE `product_groups`
  ADD CONSTRAINT `product_groups_category_id_foreign` FOREIGN KEY (`category_id`) REFERENCES `categories` (`id`) ON DELETE CASCADE;

--
-- Ограничения внешнего ключа таблицы `product_group_images`
--
ALTER TABLE `product_group_images`
  ADD CONSTRAINT `product_group_images_product_group_id_foreign` FOREIGN KEY (`product_group_id`) REFERENCES `product_groups` (`id`) ON DELETE CASCADE;

--
-- Ограничения внешнего ключа таблицы `product_group_views`
--
ALTER TABLE `product_group_views`
  ADD CONSTRAINT `product_group_views_page_id_foreign` FOREIGN KEY (`page_id`) REFERENCES `pages` (`id`) ON DELETE CASCADE,
  ADD CONSTRAINT `product_group_views_product_group_id_foreign` FOREIGN KEY (`product_group_id`) REFERENCES `product_groups` (`id`) ON DELETE CASCADE;

--
-- Ограничения внешнего ключа таблицы `product_images`
--
ALTER TABLE `product_images`
  ADD CONSTRAINT `product_images_product_id_foreign` FOREIGN KEY (`product_id`) REFERENCES `products` (`id`) ON DELETE CASCADE;

--
-- Ограничения внешнего ключа таблицы `product_stocks`
--
ALTER TABLE `product_stocks`
  ADD CONSTRAINT `product_stocks_product_id_foreign` FOREIGN KEY (`product_id`) REFERENCES `products` (`id`) ON DELETE CASCADE;

--
-- Ограничения внешнего ключа таблицы `product_views`
--
ALTER TABLE `product_views`
  ADD CONSTRAINT `product_views_page_id_foreign` FOREIGN KEY (`page_id`) REFERENCES `pages` (`id`) ON DELETE CASCADE,
  ADD CONSTRAINT `product_views_product_id_foreign` FOREIGN KEY (`product_id`) REFERENCES `products` (`id`) ON DELETE CASCADE;

--
-- Ограничения внешнего ключа таблицы `purchased_products`
--
ALTER TABLE `purchased_products`
  ADD CONSTRAINT `purchased_products_product_id_foreign` FOREIGN KEY (`product_id`) REFERENCES `products` (`id`) ON DELETE CASCADE,
  ADD CONSTRAINT `purchased_products_purchased_bundle_id_foreign` FOREIGN KEY (`purchased_bundle_id`) REFERENCES `purchased_bundles` (`id`) ON DELETE CASCADE;

--
-- Ограничения внешнего ключа таблицы `sales`
--
ALTER TABLE `sales`
  ADD CONSTRAINT `sales_customer_id_foreign` FOREIGN KEY (`customer_id`) REFERENCES `customers` (`id`) ON DELETE CASCADE;

--
-- Ограничения внешнего ключа таблицы `service_characteristics`
--
ALTER TABLE `service_characteristics`
  ADD CONSTRAINT `service_characteristics_characteristic_id_foreign` FOREIGN KEY (`characteristic_id`) REFERENCES `characteristics` (`id`) ON DELETE CASCADE,
  ADD CONSTRAINT `service_characteristics_service_id_foreign` FOREIGN KEY (`service_id`) REFERENCES `services` (`id`) ON DELETE CASCADE;

--
-- Ограничения внешнего ключа таблицы `service_magazine_sales`
--
ALTER TABLE `service_magazine_sales`
  ADD CONSTRAINT `service_magazine_sales_sale_id_foreign` FOREIGN KEY (`sale_id`) REFERENCES `sales` (`id`) ON DELETE CASCADE,
  ADD CONSTRAINT `service_magazine_sales_service_id_foreign` FOREIGN KEY (`service_id`) REFERENCES `services` (`id`) ON DELETE CASCADE,
  ADD CONSTRAINT `service_magazine_sales_service_price_history_id_foreign` FOREIGN KEY (`service_price_history_id`) REFERENCES `service_price_histories` (`id`) ON DELETE CASCADE;

--
-- Ограничения внешнего ключа таблицы `service_prices`
--
ALTER TABLE `service_prices`
  ADD CONSTRAINT `service_prices_ibfk_1` FOREIGN KEY (`service_id`) REFERENCES `services` (`id`) ON DELETE CASCADE,
  ADD CONSTRAINT `service_prices_service_price_history_id_foreign` FOREIGN KEY (`service_price_history_id`) REFERENCES `service_price_histories` (`id`) ON DELETE CASCADE;

--
-- Ограничения внешнего ключа таблицы `service_price_histories`
--
ALTER TABLE `service_price_histories`
  ADD CONSTRAINT `service_price_histories_service_id_foreign` FOREIGN KEY (`service_id`) REFERENCES `services` (`id`) ON DELETE CASCADE;

--
-- Ограничения внешнего ключа таблицы `service_units`
--
ALTER TABLE `service_units`
  ADD CONSTRAINT `service_units_service_id_foreign` FOREIGN KEY (`service_id`) REFERENCES `services` (`id`) ON DELETE CASCADE,
  ADD CONSTRAINT `service_units_unit_id_foreign` FOREIGN KEY (`unit_id`) REFERENCES `units` (`id`) ON DELETE CASCADE;

--
-- Ограничения внешнего ключа таблицы `user_roles`
--
ALTER TABLE `user_roles`
  ADD CONSTRAINT `user_roles_role_id_foreign` FOREIGN KEY (`role_id`) REFERENCES `roles` (`id`) ON DELETE CASCADE,
  ADD CONSTRAINT `user_roles_user_id_foreign` FOREIGN KEY (`user_id`) REFERENCES `users` (`id`) ON DELETE CASCADE;
COMMIT;

/*!40101 SET CHARACTER_SET_CLIENT=@OLD_CHARACTER_SET_CLIENT */;
/*!40101 SET CHARACTER_SET_RESULTS=@OLD_CHARACTER_SET_RESULTS */;
/*!40101 SET COLLATION_CONNECTION=@OLD_COLLATION_CONNECTION */;
